ticker,symbol,updated_date,price,market_cap_cr,eps,book_value,pe,pb,roe,roce,dividend_yield,debt_to_equity,sales_cr,profit_growth_3yr,sales_growth_3yr,promoter_holding,pledged_pct,error
20MICRONS.NS,20MICRONS,2026-09-01T04:35:26.391376,216.65,764.4820992,19.2,137.055,11.283854,1.5807523,,9.0,,,,,,44.3,,
21STCENMGM.NS,21STCENMGM,2026-09-01T04:35:27.593307,39.54,41.5170016,,31.483,,1.2559159,,56.0,,,,,,46.04,,
360ONE.NS,360ONE,2026-09-01T04:35:28.813991,1172.8,47799.1665664,30.12,242.533,38.937584,4.835631,,,,,,,,22.93,,
3BBLACKBIO.NS,3BBLACKBIO,2026-09-01T04:35:29.986156,1458.8,,66.44,388.372,21.956652,3.7561924,,7.0,,,,,,43.42,,
3IINFOLTD.NS,3IINFOLTD,2026-09-01T04:35:31.160289,22.99,476.821248,1.79,17.827,12.8435755,1.289617,,-2.0,,,,,,,,
3MINDIA.NS,3MINDIA,2026-09-01T04:35:32.321982,33515.0,37754.8832768,512.78,1569.586,65.35941,21.352764,,,,,,,,75.0,,
5PAISA.NS,5PAISA,2026-09-01T04:35:34.681735,354.75,1663.0416384,13.04,207.533,27.204754,1.7093667,,,,,,,,30.01,,
63MOONS.NS,63MOONS,2026-09-01T04:35:35.843576,775.6,3573.8513408,,770.436,,1.0067027,,-8.0,,,,,,45.63,,
A2ZINFRA.NS,A2ZINFRA,2026-09-01T04:35:36.996730,16.62,295.042176,0.21,2.802,79.14286,5.9314775,,-5.0,,,,,,40.83,,
AAATECH.NS,AAATECH,2026-09-01T04:35:38.151576,96.43,123.688832,1.69,23.934,57.05917,4.0289965,,,,,,,,71.51,,
AADHARHFC.NS,AADHARHFC,2026-09-01T04:35:39.246592,465.45,20396.3318272,25.77,173.074,18.061699,2.689312,20.0,,,,,,,75.61,,
AAKASH.NS,AAKASH,2026-09-01T04:35:40.406403,8.7,88.0875008,0.35,6.456,24.857143,1.3475837,,,,,,,,73.33,,
AAREYDRUGS.NS,AAREYDRUGS,2026-09-01T04:35:41.582895,88.01,293.551232,1.27,52.865,69.29922,1.6648066,,,,,,,,53.4,,
AARNAV.NS,AARNAV,2026-09-01T04:35:42.687718,32.99,,,46.829,,0.704478,,,,,,,,56.0,,
AARON.NS,AARON,2026-09-01T04:35:43.844655,129.45,271.1521536,3.24,23.208,39.9537,5.577818,,,,,,,,73.72,,
AARTECH.NS,AARTECH,2026-09-01T04:35:44.948308,48.33,153.5462272,1.54,9.759,31.38312,4.952352,,,,,,,,52.38,,
AARTIDRUGS.NS,AARTIDRUGS,2026-09-01T04:35:46.122657,413.85,3777.2091392,20.93,169.788,19.773052,2.4374516,,,,,,,,62.46,,
AARTIIND.NS,AARTIIND,2026-09-01T04:35:47.297483,519.0,18825.5158272,14.64,164.741,35.450817,3.1503997,,19.0,,,,,,53.78,,
AARTIPHARM.NS,AARTIPHARM,2026-09-01T04:35:48.475432,838.25,7601.2355584,22.57,234.275,37.14001,3.5780602,,,,,,,,45.98,,
AARTISURF.NS,AARTISURF,2026-09-01T04:35:49.617113,520.0,440.4870656,21.71,289.663,23.952097,1.7951896,,,,,,,,44.1,,
AARVI.NS,AARVI,2026-09-01T04:35:50.746114,141.04,208.8900992,12.97,95.923,10.874325,1.470346,,30.0,,,,,,73.39,,
AASTHA.NS,AASTHA,2026-09-01T04:35:51.979705,83.22,,5.19,39.38,16.034681,2.1132555,,,,,,,,53.21,,
AAVAS.NS,AAVAS,2026-09-01T04:35:53.077724,1251.8,9925.525504,86.22,637.792,14.518674,1.962709,8.0,,,,,,,58.29,,
ABAN.NS,ABAN,2026-09-01T04:35:54.325612,14.54,84.8631808,,,,,,9.0,,,,,,47.01,,
ABANSENT.NS,ABANSENT,2026-09-01T04:35:55.495505,27.88,194.4598656,4.59,31.034,6.074074,0.8983695,,,,,,,,9.97,,
ABB.NS,ABB,2026-09-01T04:35:56.708844,7367.5,156123.4898944,74.86,440.551,98.417046,16.723375,,,,,,,,75.0,,
ABBOTINDIA.NS,ABBOTINDIA,2026-09-01T04:35:57.869259,25800.0,54823.2003584,759.08,2246.751,33.98851,11.483249,,,,,,,,74.99,,
ABCAPITAL.NS,ABCAPITAL,2026-09-01T04:35:58.976903,397.6,108837.8503168,15.48,131.406,25.684755,3.025737,18.0,,,,,,,72.75,,
ABCOTS.NS,ABCOTS,2026-09-01T04:36:00.252574,215.98,474.3702528,6.38,69.726,33.852665,3.0975533,,,,,,,,34.91,,
ABDL.NS,ABDL,2026-09-01T04:36:01.375865,615.85,17225.949184,7.92,59.442,77.758835,10.360518,,,,,,,,80.91,,
ABFRL.NS,ABFRL,2026-09-01T04:36:02.538197,52.0,6327.2415232,,47.98,,1.0837849,,,,,,,,59.46,,
ABINFRA.NS,ABINFRA,2026-09-01T04:36:03.702192,11.35,725.0259456,0.3,2.552,37.833332,4.447492,,,,,,,,59.19,,
ABLBL.NS,ABLBL,2026-09-01T04:36:04.807899,85.39,10371.7953536,1.45,11.57,58.889652,7.380294,,,,,,,,46.6,,
ABMINTLLTD.NS,ABMINTLLTD,2026-09-01T04:36:05.961187,55.18,51.913344,,12.949,,4.261333,,,,,,,,74.7,,
ABMKNO.NS,ABMKNO,2026-09-01T04:36:07.118558,196.7,,4.22,147.313,46.611378,1.335252,,,,,,,,64.93,,
ABREL.NS,ABREL,2026-09-01T04:36:08.370146,1351.1,14940.1714688,,334.576,,4.0382457,,,,,,,,47.75,,
ABSLAMC.NS,ABSLAMC,2026-09-01T04:36:09.592144,1016.3,29407.5039744,34.79,139.944,29.212416,7.2621903,,,,,,,,86.5,,
ACC.NS,ACC,2026-09-01T04:36:10.762855,1282.2,24078.082048,101.38,1094.352,12.647465,1.1716522,,15.0,,,,,,54.53,,
ACCELYA.NS,ACCELYA,2026-09-01T04:36:11.950231,1130.0,1686.6674688,63.85,167.571,17.69773,6.74341,,95.0,,,,,,74.66,,
ACCURACY.NS,ACCURACY,2026-09-01T04:36:13.117588,4.42,66.54752,0.26,8.504,17.0,0.5197554,,,,,,,,62.94,,
ACE.NS,ACE,2026-09-01T04:36:14.277544,1106.3,13168.0559104,36.73,168.988,30.119795,6.546619,,3.0,,,,,,73.1,,
ACEINTEG.NS,ACEINTEG,2026-09-01T04:36:15.497318,18.6,18.972,,11.781,,1.5788133,,,,,,,,73.53,,
ACI.NS,ACI,2026-09-01T04:36:16.609448,504.3,6226.0064256,7.89,156.684,63.916348,3.2185798,,,,,,,,53.6,,
ACL.NS,ACL,2026-09-01T04:36:18.074060,43.51,401.0409728,,8.76,,4.9668946,,,,,,,,68.79,,
ACMESOLAR.NS,ACMESOLAR,2026-09-01T04:36:19.174750,395.95,27965.6103936,9.69,83.561,40.861717,4.738455,,,,,,,,83.41,,
ACSTECH.NS,ACSTECH,2026-09-01T04:36:20.347136,51.0,,1.91,22.795,26.70157,2.2373328,,,,,,,,13.37,,
ACUTAAS.NS,ACUTAAS,2026-09-01T04:36:21.512291,3179.6,26031.7413376,34.78,201.925,91.420364,15.746441,,,,,,,,41.05,,
ADANIENSOL.NS,ADANIENSOL,2026-09-01T04:36:22.680770,1401.1,171348.1449472,24.35,211.67,57.54004,6.6192656,,1.0,,,,,,74.92,,
ADANIENT.NS,ADANIENT,2026-09-01T04:36:23.926326,2924.0,416077.4209536,57.67,626.031,50.702274,4.6706953,,9.0,,,,,,74.92,,
ADANIGREEN.NS,ADANIGREEN,2026-09-01T04:36:25.094160,1264.0,208203.0747648,10.45,117.11,120.95694,10.793271,,,,,,,,86.5,,
ADANIPORTS.NS,ADANIPORTS,2026-09-01T04:36:26.267832,1651.8,380567.9714304,58.57,416.495,28.202152,3.965954,,14.0,,,,,,61.3,,
ADANIPOWER.NS,ADANIPOWER,2026-09-01T04:36:27.448028,202.83,391151.484928,7.4,33.673,27.40946,6.0235205,,7.0,,,,,,68.08,,
ADFFOODS.NS,ADFFOODS,2026-09-01T04:36:28.667965,269.0,2955.33056,8.37,52.058,32.13859,5.1673136,,6.0,,,,,,54.32,,
ADL.NS,ADL,2026-09-01T04:36:29.879623,75.0,41.7468736,,103.216,,0.7266315,,,,,,,,72.96,,
ADOR.NS,ADOR,2026-09-01T04:36:31.049932,1680.8,2925.0654208,65.1,318.598,25.81874,5.2756143,,10.0,,,,,,56.69,,
ADROITINFO.NS,ADROITINFO,2026-09-01T04:36:32.211836,10.8,61.8499072,0.79,14.315,13.670886,0.7544534,,6.61,,,,,,63.69,,
ADSL.NS,ADSL,2026-09-01T04:36:33.377430,104.19,590.2426624,6.13,108.284,16.996737,0.96219206,,2.0,,,,,,48.13,,
ADVAIT.NS,ADVAIT,2026-09-01T04:36:34.549276,2123.7,2322.6433536,52.37,254.231,40.55184,8.353426,,,,,,,,73.52,,
ADVANCE.NS,ADVANCE,2026-09-01T04:36:35.706896,116.11,746.421504,7.6,43.615,15.277632,2.6621575,,,,,,,,69.89,,
ADVANIHOTR.NS,ADVANIHOTR,2026-09-01T04:36:36.872950,49.82,460.5285888,2.48,55.867,20.088709,0.89176077,,,,,,,,50.17,,
ADVENTHTL.NS,ADVENTHTL,2026-09-01T04:36:38.068957,137.04,739.23328,11.71,167.658,11.702818,0.81737816,,,,,,,,47.69,,
ADVENZYMES.NS,ADVENZYMES,2026-09-01T04:36:39.189712,295.65,3291.879424,14.79,145.806,19.989857,2.0276942,,25.0,,,,,,70.1,,
AEGISLOG.NS,AEGISLOG,2026-09-01T04:36:40.367301,1189.0,41733.9015168,35.66,172.508,33.34268,6.892434,,21.0,,,,,,61.5,,
AEGISVOPAK.NS,AEGISVOPAK,2026-09-01T04:36:41.582560,263.85,29234.3578624,2.75,38.724,95.94546,6.8136044,,,,,,,,86.94,,
AEPL.NS,AEPL,2026-09-01T04:36:42.969011,15.25,382.8312576,0.35,3.714,43.57143,4.1060853,,,,,,,,65.64,,
AEQUS.NS,AEQUS,2026-09-01T04:36:44.087435,241.7,15827.8238208,,24.627,,9.814431,,,,,,,,59.08,,
AEROENTER.NS,AEROENTER,2026-09-01T04:36:45.199963,139.15,1574.6797568,13.31,72.947,10.454545,1.9075493,,-86.0,,,,,,49.32,,
AEROFLEX.NS,AEROFLEX,2026-09-01T04:36:46.436250,522.4,6912.9592832,5.15,33.8,101.4369,15.455623,,,,,,,,66.99,,
AERONEU.NS,AERONEU,2026-09-01T04:36:47.592969,80.55,207.7867904,0.28,40.286,287.6786,1.999454,,,,,,,,60.46,,
AEROPLANE.NS,AEROPLANE,2026-09-01T04:36:48.777223,175.0,1812.1521152,5.87,109.272,29.812607,1.6015081,,,,,,,,78.78,,
AETHER.NS,AETHER,2026-09-01T04:36:49.893028,1689.2,22420.3882496,17.76,185.099,95.11261,9.125927,,,,,,,,87.07,,
AFCONS.NS,AFCONS,2026-09-01T04:36:51.056797,284.25,10454.278144,3.91,148.179,72.69821,1.918288,,,,,,,,50.17,,
AFFLE.NS,AFFLE,2026-09-01T04:36:52.210691,1574.0,22152.5458944,33.86,260.056,46.485527,6.0525427,,,,,,,,68.38,,
AFFORDABLE.NS,AFFORDABLE,2026-09-01T04:36:53.413627,158.5,187.8400128,5.42,98.023,29.243542,1.6169674,,,,,,,,61.4,,
AFIL.NS,AFIL,2026-09-01T04:36:54.575108,9.43,402.425216,1.01,9.933,9.336634,0.9493608,,,,,,,,41.24,,
AFSL.NS,AFSL,2026-09-01T04:36:55.691992,208.0,1057.4669824,26.51,246.745,7.8460956,0.84297556,,,,,,,,72.09,,
AGARIND.NS,AGARIND,2026-09-01T04:36:56.839497,449.7,672.651776,27.36,460.711,16.436403,0.9761,,16.0,,,,,,59.91,,
AGARWALEYE.NS,AGARWALEYE,2026-09-01T04:36:57.997184,512.6,16248.5501952,4.67,63.933,109.76445,8.017769,,,,,,,,32.45,,
AGI.NS,AGI,2026-09-01T04:36:59.155558,778.25,5035.073536,56.02,372.015,13.89236,2.0919855,,12.0,,,,,,48.43,,
AGIIL.NS,AGIIL,2026-09-01T04:37:00.347389,283.5,3543.6761088,8.33,37.091,34.033615,7.6433635,,,,,,,,72.54,,
AGL.NS,AGL,2026-09-01T04:37:01.621191,13.8,1356.2392576,,,,,,,,,,,,63.28,,
AGRITECH.NS,AGRITECH,2026-09-01T04:37:02.738006,102.0,60.588,,,,,,,,,,,,46.3,,
AGROPHOS.NS,AGROPHOS,2026-09-01T04:37:03.862066,26.01,52.732976,3.48,34.438,7.474138,0.75527036,,,,,,,,54.27,,
AGSTRA.NS,AGSTRA,2026-09-01T04:37:04.986649,2.04,26.133624,,44.052,,0.04630891,,,,,,,,65.52,,
AHCL.NS,AHCL,2026-09-01T04:37:06.145821,15.66,832.352512,0.69,5.11,22.695652,3.0645792,,,,,,,,52.68,,
AHLADA.NS,AHLADA,2026-09-01T04:37:07.322368,38.78,50.1076352,0.14,106.07,277.0,0.36560762,,,,,,,,50.36,,
AHLEAST.NS,AHLEAST,2026-09-01T04:37:08.437309,137.36,237.5187456,40.18,105.97,3.4186163,1.2962159,,2.0,,,,,,65.63,,
AHLUCONT.NS,AHLUCONT,2026-09-01T04:37:09.591795,617.0,4133.132288,33.59,307.25,18.368563,2.0081367,,22.0,,,,,,59.56,,
AHLWEST.NS,AHLWEST,2026-09-01T04:37:10.819190,550.0,640.8165376,61.1,,9.0016365,,,1.0,,,,,,65.33,,
AIAENG.NS,AIAENG,2026-09-01T04:37:11.978712,4232.7,39499.7137408,135.81,860.133,31.166338,4.9209833,,29.0,,,,,,61.65,,
AIIL.NS,AIIL,2026-09-01T04:37:13.170404,556.0,47216.934912,19.16,189.798,29.01879,2.9294302,2.0,,,,,,,0.0,,
AIRAN.NS,AIRAN,2026-09-01T04:37:14.343222,14.95,186.904896,1.18,10.73,12.669492,1.3932899,,,,,,,,73.6,,
AIROLAM.NS,AIROLAM,2026-09-01T04:37:15.476812,89.0,133.5177984,3.5,42.059,25.428572,2.116075,,,,,,,,51.09,,
AJANTPHARM.NS,AJANTPHARM,2026-09-01T04:37:16.597879,3505.7,43806.88384,90.7,362.354,38.6516,9.674793,,57.0,,,,,,73.78,,
AJAXENGG.NS,AJAXENGG,2026-09-01T04:37:17.874741,571.05,6533.45792,19.82,121.683,28.811806,4.6929317,,,,,,,,80.0,,
AJMERA.NS,AJMERA,2026-09-01T04:37:18.986723,115.95,2281.8455552,7.85,71.181,14.7707,1.628946,,6.0,,,,,,62.52,,
AJOONI.NS,AJOONI,2026-09-01T04:37:20.156786,3.85,66.3137856,0.25,4.814,15.4,0.7997507,,,,,,,,62.5,,
AKASH.NS,AKASH,2026-09-01T04:37:21.273422,24.32,41.0096832,0.4,50.095,60.8,0.48547757,,11.12,,,,,,72.16,,
AKCAPIT.NS,AKCAPIT,2026-09-01T04:37:22.444313,1720.1,1135.2659968,173.37,1585.452,9.9215555,1.0849272,11.0,,,,,,,66.31,,
AKG.NS,AKG,2026-09-01T04:37:23.604254,9.01,28.6306944,0.11,15.439,81.909096,0.58358705,,,,,,,,69.64,,
AKI.NS,AKI,2026-09-01T04:37:24.742886,4.08,42.1080288,0.26,7.713,15.692308,0.52897704,,,,,,,,72.81,,
AKSHAR.NS,AKSHAR,2026-09-01T04:37:25.926341,0.41,32.286208,,1.038,,0.39499035,,,,,,,,46.06,,
AKSHARCHEM.NS,AKSHARCHEM,2026-09-01T04:37:27.033367,384.65,308.993152,17.52,325.627,21.954908,1.1812595,,,,,,,,70.33,,
AKSHOPTFBR.NS,AKSHOPTFBR,2026-09-01T04:37:28.181844,7.08,115.1901568,,,,,,7.0,,,,,,27.85,,
AKUMS.NS,AKUMS,2026-09-01T04:37:29.379321,792.75,12137.1664384,19.08,216.414,41.548744,3.663118,,,,,,,,75.26,,
ALANKIT.NS,ALANKIT,2026-09-01T04:37:30.534457,8.13,220.4515584,0.7,11.862,11.614286,0.6853819,,,,,,,,24.34,,
ALBERTDAVD.NS,ALBERTDAVD,2026-09-01T04:37:31.708811,893.05,509.67808,39.54,686.044,22.585987,1.3017386,,,,,,,,60.9,,
ALEMBICLTD.NS,ALEMBICLTD,2026-09-01T04:37:32.820146,97.63,2506.960896,12.49,95.22,7.8166533,1.0253098,,,,,,,,65.77,,
ALGOQUANT.NS,ALGOQUANT,2026-09-01T04:37:34.183966,64.0,1799.0146048,1.62,4.803,39.506172,13.325006,,,,,,,,51.97,,
ALICON.NS,ALICON,2026-09-01T04:37:35.353997,667.95,1091.2192512,22.33,384.591,29.912674,1.7367802,,19.0,,,,,,71.0,,
ALIVUS.NS,ALIVUS,2026-09-01T04:37:36.580478,1413.9,17358.6546688,49.01,271.018,28.849216,5.2169967,,,,,,,,82.85,,
ALKALI.NS,ALKALI,2026-09-01T04:37:37.738103,66.22,67.4285568,1.05,43.851,63.06667,1.5101137,,,,,,,,69.74,,
ALKEM.NS,ALKEM,2026-09-01T04:37:38.940847,5320.5,63614.5565696,180.46,1155.865,29.482986,4.6030464,,12.0,,,,,,66.97,,
ALKYLAMINE.NS,ALKYLAMINE,2026-09-01T04:37:40.122859,1998.6,10222.0742656,44.03,299.814,45.39178,6.666133,,11.0,,,,,,74.19,,
ALLCARGO.NS,ALLCARGO,2026-09-01T04:37:41.338980,11.97,1792.8409088,0.2,3.731,59.850002,3.2082553,,14.0,,,,,,69.92,,
ALLDIGI.NS,ALLDIGI,2026-09-01T04:37:42.561401,816.0,1243.4473984,56.06,164.703,14.555833,4.9543724,,-13.0,,,,,,40.35,,
ALLTIME.NS,ALLTIME,2026-09-01T04:37:44.387358,204.94,1342.5163264,5.67,93.88,36.14462,2.1829996,,,,,,,,70.15,,
ALMONDZ.NS,ALMONDZ,2026-09-01T04:37:45.600082,17.74,310.2721792,1.91,15.072,9.287958,1.177017,,10.0,,,,,,57.62,,
ALOKINDS.NS,ALOKINDS,2026-09-01T04:37:46.809404,8.14,4041.7058816,,,,,,18.0,,,,,,29.03,,
ALPA.NS,ALPA,2026-09-01T04:37:47.967821,63.2,132.9765888,2.03,32.336,31.133005,1.9544781,,0.0,,,,,,54.61,,
ALPHAGEO.NS,ALPHAGEO,2026-09-01T04:37:49.128412,285.0,181.3958656,,398.172,,0.7157711,,21.0,,,,,,43.3,,
ALPINETEX.NS,ALPINETEX,2026-09-01T04:37:50.345999,53.2,203.474048,5.61,27.794,9.483066,1.9140822,,,,,,,,68.56,,
AMAGI.NS,AMAGI,2026-09-01T04:37:51.457176,557.85,12068.4675072,4.68,78.962,119.198715,7.0647907,,,,,,,,14.92,,
AMANTA.NS,AMANTA,2026-09-01T04:37:52.576833,188.8,733.0981888,3.78,64.094,49.94709,2.9456735,,,,,,,,63.72,,
AMBALALSA.NS,AMBALALSA,2026-09-01T04:37:53.689133,45.8,350.98048,1.77,20.664,25.875706,2.216415,,-19.0,,,,,,30.75,,
AMBER.NS,AMBER,2026-09-01T04:37:54.874626,7563.5,26674.7756544,26.1,1242.276,289.78928,6.0884213,,15.0,,,,,,44.0,,
AMBICAAGAR.NS,AMBICAAGAR,2026-09-01T04:37:56.053137,24.96,42.8747904,1.99,43.089,12.542713,0.57926613,,,,,,,,48.02,,
AMBIKCO.NS,AMBIKCO,2026-09-01T04:37:57.171103,1646.6,942.678528,142.04,1666.917,11.592509,0.9878116,,,,,,,,49.91,,
AMBUJACEM.NS,AMBUJACEM,2026-09-01T04:37:58.291612,404.5,100510.8527104,17.85,240.095,22.661064,1.6847497,,18.0,,,,,,63.62,,
AMDIND.NS,AMDIND,2026-09-01T04:37:59.517128,57.23,109.6913024,1.71,80.02,33.467834,0.71519625,,,,,,,,66.55,,
AMJLAND.NS,AMJLAND,2026-09-01T04:38:00.719278,39.01,159.940992,3.55,51.931,10.988732,0.75118905,,13.0,,,,,,61.51,,
AMNPLST.NS,AMNPLST,2026-09-01T04:38:01.930183,180.3,992.0106496,7.02,53.112,25.683762,3.3947132,,23.0,,,,,,73.16,,
AMRUTANJAN.NS,AMRUTANJAN,2026-09-01T04:38:03.090067,506.9,1464.9450496,18.67,128.039,27.150509,3.9589498,,,,,,,,50.09,,
ANANDRATHI.NS,ANANDRATHI,2026-09-01T04:38:04.252614,2209.2,36681.8361344,27.55,60.115,80.18875,36.74956,,,,,,,,48.82,,
ANANTRAJ.NS,ANANTRAJ,2026-09-01T04:38:05.431815,594.35,21389.2841472,16.31,160.852,36.440834,3.6950114,,4.0,,,,,,63.47,,
ANDHRAPAP.NS,ANDHRAPAP,2026-09-01T04:38:06.642044,60.39,1200.8562688,1.39,97.528,43.446045,0.6192068,,,,,,,,75.0,,
ANDHRSUGAR.NS,ANDHRSUGAR,2026-09-01T04:38:07.760707,97.5,1321.4700544,7.68,124.548,12.6953125,0.7828307,,3.0,,,,,,47.03,,
ANGELONE.NS,ANGELONE,2026-09-01T04:38:08.926151,284.45,25989.8392576,11.08,67.165,25.672384,4.2350926,,,,,,,,44.55,,
ANIKINDS.NS,ANIKINDS,2026-09-01T04:38:10.102895,46.0,127.6660352,,114.747,,0.40088195,,,,,,,,50.66,,
ANKITMETAL.NS,ANKITMETAL,2026-09-01T04:38:11.252825,1.71,24.129896,,,,,,,,,,,,71.02,,
ANMOL.NS,ANMOL,2026-09-01T04:38:12.370765,10.18,57.9386112,2.03,20.854,5.0147786,0.48815575,,,,,,,,54.8,,
ANNAPURNA.NS,ANNAPURNA,2026-09-01T04:38:13.497834,145.98,256.7788032,14.38,162.229,10.151599,0.89983904,,,,,,,,51.85,,
ANSALAPI.NS,ANSALAPI,2026-09-01T04:38:14.672238,3.29,51.7862048,,,,,,3.0,,,,,,49.07,,
ANTELOPUS.NS,ANTELOPUS,2026-09-01T04:38:15.832210,794.0,2791.8913536,37.55,186.411,21.14514,4.2594056,,,,,,,,28.35,,
ANTGRAPHIC.NS,ANTGRAPHIC,2026-09-01T04:38:16.959832,0.77,11.9357392,,1.03,,0.74757284,,,,,,,,32.26,,
ANTHEM.NS,ANTHEM,2026-09-01T04:38:18.064286,925.05,51961.3382656,10.08,54.165,91.770836,17.078371,,,,,,,,74.67,,
ANUHPHR.NS,ANUHPHR,2026-09-01T04:38:19.219121,81.59,817.7275904,3.58,35.144,22.790503,2.321591,,,,,,,,71.57,,
ANUP.NS,ANUP,2026-09-01T04:38:20.337842,1777.0,3559.5915264,42.13,344.961,42.17897,5.151307,,,,,,,,40.74,,
ANURAS.NS,ANURAS,2026-09-01T04:38:21.506646,1268.0,14436.1603072,15.38,293.12,82.44473,4.3258734,,,,,,,,65.4,,
APARINDS.NS,APARINDS,2026-09-01T04:38:22.721089,17696.0,74097.2888064,293.75,1342.639,60.241703,13.180013,,17.0,,,,,,57.96,,
APCL.NS,APCL,2026-09-01T04:38:24.045088,100.9,296.3913728,,124.396,,0.8111193,,26.0,,,,,,75.0,,
APCOTEXIND.NS,APCOTEXIND,2026-09-01T04:38:25.236267,645.2,3345.0369024,31.07,119.778,20.766012,5.386632,,,,,,,,57.9,,
APEX.NS,APEX,2026-09-01T04:38:26.408417,378.95,1184.2188288,16.43,168.839,23.064516,2.2444458,,,,,,,,72.49,,
APLAPOLLO.NS,APLAPOLLO,2026-09-01T04:38:27.585695,2222.4,61706.797056,44.25,190.726,50.22373,11.652318,,17.0,,,,,,37.47,,
APLLTD.NS,APLLTD,2026-09-01T04:38:28.774637,838.15,16474.9377536,35.32,288.702,23.730183,2.9031668,,38.0,,,,,,72.68,,
APOLLO.NS,APOLLO,2026-09-01T04:38:29.997668,387.9,14414.3450112,3.32,38.046,116.83735,10.195552,,,,,,,,63.92,,
APOLLOHOSP.NS,APOLLOHOSP,2026-09-01T04:38:31.217377,8775.5,126178.230272,144.95,659.326,60.54157,13.309805,,12.0,,,,,,34.35,,
APOLLOPIPE.NS,APOLLOPIPE,2026-09-01T04:38:32.399917,621.0,2727.3920512,,185.963,,3.339374,,,,,,,,35.19,,
APOLLOTYRE.NS,APOLLOTYRE,2026-09-01T04:38:33.559799,440.6,27871.5334656,26.95,264.237,16.348793,1.6674426,,26.0,,,,,,44.15,,
APOLSINHOT.NS,APOLSINHOT,2026-09-01T04:38:34.785005,1211.0,314.9084416,31.97,604.259,37.87926,2.0041077,,,,,,,,68.52,,
APTECHT.NS,APTECHT,2026-09-01T04:38:35.946191,92.17,534.611968,4.22,43.257,21.841232,2.1307533,,9.0,,,,,,49.3,,
APTUS.NS,APTUS,2026-09-01T04:38:37.174409,249.07,12473.8674688,19.67,101.051,12.662431,2.464795,7.0,,,,,,,62.35,,
AQYLON.NS,AQYLON,2026-09-01T04:38:38.343601,19.96,506.4461824,1.12,,17.821428,,,10.0,,,,,,45.77,,
ARCHIDPLY.NS,ARCHIDPLY,2026-09-01T04:38:39.550089,103.67,207.3707648,6.56,56.496,15.803353,1.8349972,,,,,,,,72.67,,
ARCHIES.NS,ARCHIES,2026-09-01T04:38:40.681966,13.26,44.7922816,,36.932,,0.35903823,,,,,,,,60.55,,
ARDEE.NS,ARDEE,2026-09-01T04:38:41.804915,57.47,,2.69,5.784,21.364313,9.93603,,,,,,,,67.62,,
ARE&M.NS,ARE&M,2026-09-01T04:38:42.912883,885.15,16200.4893696,50.4,442.505,17.5625,2.0003164,,,,,,,,52.06,,
ARENTERP.NS,ARENTERP,2026-09-01T04:38:44.103095,37.19,12.0266544,,66.861,,0.5562286,,,,,,,,61.92,,
ARFIN.NS,ARFIN,2026-09-01T04:38:45.297229,87.15,1470.4164864,1.1,9.985,79.22727,8.728092,,,,,,,,72.68,,
ARIES.NS,ARIES,2026-09-01T04:38:46.527940,471.55,613.219584,36.71,257.262,12.845274,1.8329563,,12.0,,,,,,52.66,,
ARIHANT.NS,ARIHANT,2026-09-01T04:38:47.690847,923.55,1003.2059392,63.58,372.651,14.525794,2.4783242,,-3.0,,,,,,42.87,,
ARIHANTCAP.NS,ARIHANTCAP,2026-09-01T04:38:48.853406,77.41,848.5096448,3.61,44.248,21.443214,1.7494576,,27.0,,,,,,74.06,,
ARIHANTSUP.NS,ARIHANTSUP,2026-09-01T04:38:50.017417,252.0,1089.8998272,9.83,83.888,25.635809,3.0040054,,13.0,,,,,,74.14,,
ARIS.NS,ARIS,2026-09-01T04:38:51.203002,132.43,1083.195904,8.35,90.403,15.859879,1.4648849,,,,,,,,37.59,,
ARKADE.NS,ARKADE,2026-09-01T04:38:52.326722,122.5,2274.3793664,,47.553,,2.576073,,,,,,,,71.09,,
ARMANFIN.NS,ARMANFIN,2026-09-01T04:38:53.585151,1978.7,2080.5556224,110.25,888.881,17.947392,2.2260573,17.0,,,,,,,27.42,,
AROGRANITE.NS,AROGRANITE,2026-09-01T04:38:54.798205,24.63,37.6838976,,113.687,,0.21664746,,,,,,,,40.95,,
ARROWGREEN.NS,ARROWGREEN,2026-09-01T04:38:55.917690,715.0,1078.787584,42.35,155.204,16.883118,4.60684,,76.0,,,,,,69.68,,
ARSHIYA.NS,ARSHIYA,2026-09-01T04:38:57.083201,0.74,19.4972176,,,,,,4.0,,,,,,74.99,,
ARSSBL.NS,ARSSBL,2026-09-01T04:38:58.250843,514.15,3242.5590784,23.4,214.926,21.972223,2.3922188,,,,,,,,69.92,,
ARTEMISMED.NS,ARTEMISMED,2026-09-01T04:38:59.373719,319.8,,2.29,59.045,139.65065,5.416208,,,,,,,,69.82,,
ARTNIRMAN.NS,ARTNIRMAN,2026-09-01T04:39:00.533059,41.2,102.81872,0.51,16.681,80.78432,2.469876,,,,,,,,73.65,,
ARVEE.NS,ARVEE,2026-09-01T04:39:01.684588,163.8,180.5076096,2.3,30.527,71.21739,5.3657417,,,,,,,,73.5,,
ARVIND.NS,ARVIND,2026-09-01T04:39:02.785817,556.95,15151.3038848,15.81,154.291,35.227703,3.6097374,,15.0,,,,,,43.07,,
ARVINDFASN.NS,ARVINDFASN,2026-09-01T04:39:03.955221,448.45,5995.6416512,9.06,70.718,49.49779,6.341384,,,,,,,,36.0,,
ARVSMART.NS,ARVSMART,2026-09-01T04:39:05.146727,657.6,3016.21248,40.28,147.729,16.32572,4.4513936,,,,,,,,52.12,,
ASAHIINDIA.NS,ASAHIINDIA,2026-09-01T04:39:06.304047,950.7,24235.9287808,17.34,154.339,54.82699,6.1598167,,12.0,,,,,,54.31,,
ASAHISONG.NS,ASAHISONG,2026-09-01T04:39:07.465723,382.8,451.216384,29.56,230.183,12.949932,1.6630245,,,,,,,,65.28,,
ASAL.NS,ASAL,2026-09-01T04:39:08.744066,477.0,756.7317504,18.8,22.794,25.372341,20.92656,,,,,,,,75.0,,
ASALCBR.NS,ASALCBR,2026-09-01T04:39:09.905991,705.45,1416.4872192,42.37,364.385,16.649754,1.9360018,,,,,,,,58.45,,
ASHAPURMIN.NS,ASHAPURMIN,2026-09-01T04:39:11.067435,569.95,5444.5101056,42.61,172.653,13.375968,3.30113,,211.0,,,,,,48.43,,
ASHIANA.NS,ASHIANA,2026-09-01T04:39:12.234124,366.05,3679.7120512,12.02,90.575,30.45341,4.0414023,,10.0,,,,,,61.04,,
ASHIKAG.NS,ASHIKAG,2026-09-01T04:39:13.404309,430.0,,,261.388,,1.645064,10.0,,,,,,,26.53,,
ASHIMASYN.NS,ASHIMASYN,2026-09-01T04:39:14.527875,18.83,360.8959232,,14.448,,1.3032945,,-2.0,,,,,,57.2,,
ASHOKA.NS,ASHOKA,2026-09-01T04:39:15.688095,121.1,3399.5583488,22.18,234.41,5.4598737,0.51661617,,7.0,,,,,,56.66,,
ASHOKAMET.NS,ASHOKAMET,2026-09-01T04:39:16.917561,13.93,34.8194272,6.89,68.328,2.0217707,0.20386957,,,,,,,,43.98,,
ASHOKLEY.NS,ASHOKLEY,2026-09-01T04:39:18.048353,174.33,102398.9055488,5.92,24.246,29.447636,7.190052,,8.0,,,,,,50.38,,
ASIANENE.NS,ASIANENE,2026-09-01T04:39:19.218394,475.35,2309.7911296,12.6,110.402,37.72619,4.305629,,-16.0,,,,,,57.81,,
ASIANHOTNR.NS,ASIANHOTNR,2026-09-01T04:39:20.406780,360.8,1538.2068224,,255.896,,1.4099478,,4.0,,,,,,72.49,,
ASIANPAINT.NS,ASIANPAINT,2026-09-01T04:39:21.622240,2586.9,247991.6843008,49.62,222.807,52.13422,11.6104965,,42.0,,,,,,52.79,,
ASIANTILES.NS,ASIANTILES,2026-09-01T04:39:22.877568,50.09,1485.044736,0.58,51.356,86.36207,0.9753486,,9.0,,,,,,33.1,,
ASKAUTOLTD.NS,ASKAUTOLTD,2026-09-01T04:39:24.062880,644.0,12695.9828992,16.08,66.505,40.04975,9.683483,,,,,,,,85.0,,
ASMS.NS,ASMS,2026-09-01T04:39:25.211159,7.11,216.5540608,0.21,1.148,33.857143,6.19338,,-8.0,,,,,,10.55,,
ASPINWALL.NS,ASPINWALL,2026-09-01T04:39:26.378938,264.1,206.4809856,16.83,256.962,15.692217,1.0277784,,8.0,,,,,,64.46,,
ASTAR.NS,ASTAR,2026-09-01T04:39:27.530689,599.85,,20.7,1046.25,28.978258,0.5733333,,8.0,,,,,,74.66,,
ASTEC.NS,ASTEC,2026-09-01T04:39:28.691383,565.2,1259.3921024,,175.299,,3.2242057,,20.0,,,,,,65.54,,
ASTERDM.NS,ASTERDM,2026-09-01T04:39:29.913325,757.55,66033.5427584,6.14,88.795,123.37948,8.531449,,14.0,,,,,,37.46,,
ASTRAL.NS,ASTRAL,2026-09-01T04:39:31.158714,1520.7,40853.6317952,21.45,151.048,70.8951,10.06766,,21.0,,,,,,59.34,,
ASTRAMICRO.NS,ASTRAMICRO,2026-09-01T04:39:32.331469,1670.5,15860.563968,19.8,138.431,84.36869,12.067384,,29.0,,,,,,15.8,,
ASTRAZEN.NS,ASTRAZEN,2026-09-01T04:39:33.510684,6936.5,17341.2499456,67.51,349.116,102.747734,19.868753,,,,,,,,75.0,,
ASTRON.NS,ASTRON,2026-09-01T04:39:34.674499,3.09,14.6040496,,14.598,,0.21167283,,,,,,,,43.78,,
ATALREAL.NS,ATALREAL,2026-09-01T04:39:35.825753,33.28,412.3267072,1.01,14.953,32.950493,2.2256403,,,,,,,,69.52,,
ATAM.NS,ATAM,2026-09-01T04:39:36.949505,56.0,64.1928,1.58,33.324,35.443035,1.6804705,,,,,,,,72.73,,
ATGL.NS,ATGL,2026-09-01T04:39:38.167214,629.0,69178.0517888,5.73,44.233,109.773125,14.220152,,,,,,,,74.8,,
ATHERENERG.NS,ATHERENERG,2026-09-01T04:39:39.340317,1729.5,69172.9924096,,67.228,,25.72589,,,,,,,,40.76,,
ATL.NS,ATL,2026-09-01T04:39:40.456044,25.98,758.250496,1.45,12.291,17.91724,2.1137416,,,,,,,,69.91,,
ATLANTAA.NS,ATLANTAA,2026-09-01T04:39:41.641999,40.56,330.5640192,,26.063,,1.5562292,,7.1,,,,,,70.86,,
ATLANTAELE.NS,ATLANTAELE,2026-09-01T04:39:42.815472,1857.0,14270.4754688,29.14,120.844,63.685658,15.356989,,,,,,,,87.28,,
ATLASCYCLE.NS,ATLASCYCLE,2026-09-01T04:39:43.992715,95.99,62.4303424,,583.521,,0.16450135,,7.39,,,,,,43.67,,
ATUL.NS,ATUL,2026-09-01T04:39:45.142762,6390.5,18814.754816,270.01,2113.312,23.66764,3.0239265,,26.0,,,,,,44.47,,
ATULAUTO.NS,ATULAUTO,2026-09-01T04:39:46.444990,493.0,1368.1381376,17.01,82.476,28.98295,5.9774966,,9.0,,,,,,52.7,,
AUBANK.NS,AUBANK,2026-09-01T04:39:47.611509,1080.2,80907.4229248,37.7,267.236,28.652517,4.04212,16.0,,,,,,,32.7,,
AURIONPRO.NS,AURIONPRO,2026-09-01T04:39:48.760601,700.5,3867.7078016,37.43,322.889,18.714935,2.169476,,14.0,,,,,,32.16,,
AUROPHARMA.NS,AUROPHARMA,2026-09-01T04:39:49.942209,1691.5,97325.1739648,64.0,652.391,26.429688,2.5927703,,27.0,,,,,,51.87,,
AURUM.NS,AURUM,2026-09-01T04:39:51.141802,231.1,1773.37344,7.55,82.144,30.609272,2.8133523,,,,,,,,48.34,,
AURUS.NS,AURUS,2026-09-01T04:39:52.378043,4.66,13.739544,0.61,6.291,7.6393437,0.7407407,,26.0,,,,,,36.06,,
AUSOMENT.NS,AUSOMENT,2026-09-01T04:39:53.648346,146.65,199.789376,18.2,118.467,8.057692,1.2378974,,,,,,,,73.69,,
AUTOAXLES.NS,AUTOAXLES,2026-09-01T04:39:54.771954,1730.5,2615.1272448,115.38,727.086,14.998267,2.3800485,,,,,,,,71.04,,
AUTOIND.NS,AUTOIND,2026-09-01T04:39:55.901646,86.51,392.542592,8.88,43.43,9.742117,1.9919411,,-7.0,,,,,,32.38,,
AVADHSUGAR.NS,AVADHSUGAR,2026-09-01T04:39:57.125914,840.0,1681.547264,32.95,561.713,25.493172,1.4954256,,,,,,,,59.35,,
AVALON.NS,AVALON,2026-09-01T04:39:58.244892,2348.0,15687.3998336,19.86,108.034,118.22759,21.7339,,,,,,,,70.75,,
AVANTEL.NS,AVANTEL,2026-09-01T04:39:59.392609,160.44,4263.0647808,0.42,12.729,382.00003,12.604289,,,,,,,,37.47,,
AVANTIFEED.NS,AVANTIFEED,2026-09-01T04:40:00.563903,823.7,11222.552576,38.94,241.186,21.153057,3.4152064,,65.0,,,,,,43.94,,
AVG.NS,AVG,2026-09-01T04:40:01.788951,175.0,327.3913344,17.64,180.0,9.920635,0.9722222,,,,,,,,69.99,,
AVL.NS,AVL,2026-09-01T04:40:02.948489,595.1,7685.005312,10.75,53.54,55.35814,11.115053,,,,,,,,55.93,,
AVONMORE.NS,AVONMORE,2026-09-01T04:40:04.108274,13.37,377.2809984,0.54,14.619,24.759258,0.9145632,10.0,,,,,,,44.11,,
AVROIND.NS,AVROIND,2026-09-01T04:40:05.267561,8.98,12.0485912,,6.658,,,,,,,,,,68.22,,
AVTNPL.NS,AVTNPL,2026-09-01T04:40:06.410267,89.2,1358.3732736,5.5,36.729,16.218182,2.4285986,,25.0,,,,,,74.35,,
AWFIS.NS,AWFIS,2026-09-01T04:40:07.570462,256.9,1838.4580608,11.86,77.23,21.661045,3.3264272,,,,,,,,20.4,,
AWHCL.NS,AWHCL,2026-09-01T04:40:08.774751,378.7,1074.435584,20.6,260.428,18.383495,1.4541447,,,,,,,,46.23,,
AWL.NS,AWL,2026-09-01T04:40:09.948197,192.97,24928.2035712,8.93,80.726,21.609182,2.390432,,,,,,,,87.94,,
AXISBANK.NS,AXISBANK,2026-09-01T04:40:11.148850,1267.2,394489.8363392,88.8,717.547,14.270269,1.7660166,18.0,,,,,,,30.13,,
AXISCADES.NS,AXISCADES,2026-09-01T04:40:12.333828,1663.9,7077.1474432,14.87,170.785,111.89644,9.742659,,24.0,,,,,,66.06,,
AXITA.NS,AXITA,2026-09-01T04:40:13.507482,8.05,308.0521984,0.09,1.638,89.44444,4.91453,,,,,,,,73.26,,
AYE.NS,AYE,2026-09-01T04:40:14.627568,177.51,4341.0382848,9.71,114.681,18.281153,1.5478588,,,,,,,,,,
AYMSYNTEX.NS,AYMSYNTEX,2026-09-01T04:40:15.722154,275.6,1618.7116544,3.21,100.411,85.8567,2.7447193,,,,,,,,65.15,,
AZAD.NS,AZAD,2026-09-01T04:40:16.919754,2881.2,18607.292416,21.66,236.653,133.0194,12.1747875,,,,,,,,65.9,,
BAFNAPH.NS,BAFNAPH,2026-09-01T04:40:18.076121,315.5,746.3574016,3.29,40.571,95.89666,7.7764907,,,,,,,,33.42,,
BAGFILMS.NS,BAGFILMS,2026-09-01T04:40:19.222831,4.34,94.5764544,0.19,12.374,22.842106,0.35073543,,1.0,,,,,,41.25,,
BAIDFIN.NS,BAIDFIN,2026-09-01T04:40:20.416407,10.25,166.144512,1.09,15.03,9.403669,0.6819694,,,,,,,,41.02,,
BAJAJ-AUTO.NS,BAJAJ-AUTO,2026-09-01T04:40:21.523672,12427.0,341217.7453056,420.42,1389.348,29.558537,8.944483,,40.0,,,,,,49.3,,
BAJAJCON.NS,BAJAJCON,2026-09-01T04:40:22.694675,486.55,6355.2339968,16.85,56.39,28.87537,8.628303,,52.0,,,,,,66.86,,
BAJAJELEC.NS,BAJAJELEC,2026-09-01T04:40:23.912832,325.3,3753.7267712,,138.155,,2.3546016,,,,,,,,63.4,,
BAJAJFINSV.NS,BAJAJFINSV,2026-09-01T04:40:25.092206,1965.0,314448.0980992,63.26,487.352,31.062283,4.0319934,,15.0,,,,,,58.35,,
BAJAJHCARE.NS,BAJAJHCARE,2026-09-01T04:40:26.269945,328.05,1104.385536,7.02,167.011,46.730766,1.9642417,,,,,,,,67.26,,
BAJAJHFL.NS,BAJAJHFL,2026-09-01T04:40:27.395832,83.73,69735.8876672,3.23,27.043,25.922602,3.0961804,,,,,,,,88.75,,
BAJAJHIND.NS,BAJAJHIND,2026-09-01T04:40:28.502407,21.97,5248.3825664,2.03,4.215,10.8226595,5.2123365,,-4.0,,,,,,26.41,,
BAJAJHLDNG.NS,BAJAJHLDNG,2026-09-01T04:40:29.716030,11358.0,126407.1737344,795.29,6572.762,14.281583,1.7280406,,4.0,,,,,,43.77,,
BAJAJINDEF.NS,BAJAJINDEF,2026-09-01T04:40:30.873627,221.8,709.76,7.33,84.302,30.259209,2.631017,,,,,,,,69.61,,
BAJAJST.NS,BAJAJST,2026-09-01T04:40:32.036937,356.8,,14.34,256.01,24.881449,1.3936955,,7.0,,,,,,36.62,,
BAJEL.NS,BAJEL,2026-09-01T04:40:33.233274,191.98,2221.1497984,1.91,64.614,100.51309,2.9711828,,,,,,,,62.75,,
BAJFINANCE.NS,BAJFINANCE,2026-09-01T04:40:34.356192,1052.2,654564.4453888,32.61,183.341,32.266174,5.7390323,19.0,,,,,,,57.94,,
BALAJEE.NS,BALAJEE,2026-09-01T04:40:35.587595,26.27,214.2866176,1.13,37.443,23.247787,0.7015998,,,,,,,,65.42,,
BALAJITELE.NS,BALAJITELE,2026-09-01T04:40:36.756390,91.3,1112.9678848,,51.909,,1.7588472,,1.0,,,,,,40.92,,
BALAMINES.NS,BALAMINES,2026-09-01T04:40:37.943575,2321.9,7523.1879168,63.11,609.998,36.791313,3.8064058,,18.0,,,,,,54.42,,
BALAXI.NS,BALAXI,2026-09-01T04:40:39.159303,22.35,123.3887616,0.26,45.116,85.96154,0.49538967,,,,,,,,73.23,,
BALKRISHNA.NS,BALKRISHNA,2026-09-01T04:40:40.317257,17.02,54.8376448,,,,,,,,,,,,54.37,,
BALKRISIND.NS,BALKRISIND,2026-09-01T04:40:41.434921,2336.6,45170.4946688,72.71,566.7,32.135883,4.1231694,,17.0,,,,,,54.37,,
BALMLAWRIE.NS,BALMLAWRIE,2026-09-01T04:40:42.617261,175.7,3004.5374464,16.32,121.171,10.765931,1.450017,,20.0,,,,,,,,
BALPHARMA.NS,BALPHARMA,2026-09-01T04:40:43.770198,85.02,135.3592448,4.53,51.714,18.76821,1.6440421,,11.0,,,,,,44.35,,
BALRAMCHIN.NS,BALRAMCHIN,2026-09-01T04:40:44.932270,673.2,14244.7443968,18.17,204.872,37.050083,3.2859542,,1.0,,,,,,40.94,,
BALUFORGE.NS,BALUFORGE,2026-09-01T04:40:46.170179,625.25,7189.868544,24.34,154.027,25.688168,4.0593534,,,,,,,,56.0,,
BANARBEADS.NS,BANARBEADS,2026-09-01T04:40:47.324935,113.91,75.1523776,2.85,87.376,39.968422,1.3036761,,,,,,,,57.8,,
BANARISUG.NS,BANARISUG,2026-09-01T04:40:48.438165,3854.7,4833.6781312,97.09,1525.65,39.70234,2.526595,,,,,,,,58.7,,
BANCOINDIA.NS,BANCOINDIA,2026-09-01T04:40:49.606760,625.0,8939.831296,34.59,117.787,18.068806,5.306188,,12.0,,,,,,67.88,,
BANDHANBNK.NS,BANDHANBNK,2026-09-01T04:40:50.761996,162.1,26116.1189376,8.39,158.964,19.32062,1.0197277,,,,,,,,82.28,,
BANG.NS,BANG,2026-09-01T04:40:51.899400,34.8,47.1888,3.39,68.996,10.265486,0.50437707,,-0.0,,,,,,72.98,,
BANKA.NS,BANKA,2026-09-01T04:40:53.056480,77.1,83.8401344,0.32,35.755,240.9375,2.1563416,,,,,,,,60.65,,
BANKBARODA.NS,BANKBARODA,2026-09-01T04:40:54.210954,237.67,122907.7610496,35.12,325.983,6.7673693,0.7290871,10.0,,,,,,,59.24,,
BANKINDIA.NS,BANKINDIA,2026-09-01T04:40:55.432447,141.66,64493.092864,27.01,199.745,5.2447243,0.70920426,6.0,,,,,,,73.72,,
BANSALWIRE.NS,BANSALWIRE,2026-09-01T04:40:56.629600,319.0,4994.1348352,9.09,91.403,35.09351,3.4900386,,,,,,,,77.99,,
BANSWRAS.NS,BANSWRAS,2026-09-01T04:40:57.776001,117.24,401.3369344,10.86,170.864,10.79558,0.68615973,,11.0,,,,,,59.1,,
BASF.NS,BASF,2026-09-01T04:40:58.988770,3764.8,16296.1784832,142.79,914.266,26.365993,4.117839,,,,,,,,73.33,,
BASML.NS,BASML,2026-09-01T04:41:00.208994,25.5,203.7995136,2.96,59.261,8.614864,0.43029985,,8.0,,,,,,55.55,,
BATAINDIA.NS,BATAINDIA,2026-09-01T04:41:01.367250,684.75,8800.9228288,11.38,124.145,60.171352,5.5157275,,34.0,,,,,,52.96,,
BATLIBOI.NS,BATLIBOI,2026-09-01T04:41:02.615179,86.17,406.9536768,1.99,48.92,43.301506,1.7614473,,-6.0,,,,,,74.91,,
BAYERCROP.NS,BAYERCROP,2026-09-01T04:41:03.779973,3962.0,17806.057472,162.76,659.894,24.34259,6.003995,,,,,,,,68.58,,
BBL.NS,BBL,2026-09-01T04:41:04.926519,2354.7,2661.5455744,98.83,1794.841,23.82576,1.3119268,,,,,,,,33.85,,
BBOX.NS,BBOX,2026-09-01T04:41:06.035482,724.55,12867.9501824,13.01,72.504,55.691772,9.993242,,4.0,,,,,,75.0,,
BBTC.NS,BBTC,2026-09-01T04:41:07.247717,1511.7,10547.4187264,184.93,1009.286,8.174444,1.4977914,,28.0,,,,,,74.01,,
BBTCL.NS,BBTCL,2026-09-01T04:41:08.398805,220.0,451.2472576,34.7,64.392,6.3400574,3.4165735,,,,,,,,71.43,,
BCG.NS,BCG,2026-09-01T04:41:09.569920,9.01,1818.6883072,5.03,52.369,1.7912525,0.17204836,,37.0,,,,,,34.37,,
BCLIND.NS,BCLIND,2026-09-01T04:41:10.748738,36.26,1070.2621696,3.95,30.842,9.179747,1.1756696,,,,,,,,51.02,,
BCONCEPTS.NS,BCONCEPTS,2026-09-01T04:41:11.961218,163.78,204.4281856,0.78,66.409,209.97437,2.466232,,,,,,,,59.2,,
BCPL.NS,BCPL,2026-09-01T04:41:13.111330,69.0,115.3931008,4.93,58.172,13.995944,1.1861377,,,,,,,,70.94,,
BDL.NS,BDL,2026-09-01T04:41:14.280793,1253.6,45952.2736128,14.15,115.783,88.59364,10.827151,,,,,,,,87.75,,
BEARDSELL.NS,BEARDSELL,2026-09-01T04:41:15.476262,26.17,103.2066304,2.9,23.31,9.0241375,1.1226941,,,,,,,,74.97,,
BECTORFOOD.NS,BECTORFOOD,2026-09-01T04:41:16.639449,225.14,6905.0933248,4.83,41.282,46.61284,5.4537086,,,,,,,,51.13,,
BEDMUTHA.NS,BEDMUTHA,2026-09-01T04:41:17.898318,105.0,338.7707904,5.19,47.088,20.231215,2.2298675,,3.0,,,,,,72.2,,
BEEKAY.NS,BEEKAY,2026-09-01T04:41:19.053951,402.0,,22.57,564.574,17.811255,0.7120413,,,,,,,,69.47,,
BEL.NS,BEL,2026-09-01T04:41:20.207506,411.0,300431.9137792,8.4,32.817,48.928574,12.523996,,20.0,,,,,,68.19,,
BELLACASA.NS,BELLACASA,2026-09-01T04:41:21.377293,236.66,316.8285696,13.5,128.103,17.53037,1.8474197,,,,,,,,73.41,,
BELRISE.NS,BELRISE,2026-09-01T04:41:22.488623,232.2,22457.2669952,5.7,58.73,40.736843,3.9536862,,,,,,,,66.46,,
BEML.NS,BEML,2026-09-01T04:41:23.645681,1947.8,16223.0321152,21.49,352.246,90.63751,5.5296583,,3.0,,,,,,54.03,,
BENGALASM.NS,BENGALASM,2026-09-01T04:41:24.857225,6422.0,,720.8,9371.537,8.909545,0.68526644,19.0,,,,,,,73.96,,
BEPL.NS,BEPL,2026-09-01T04:41:26.030662,124.98,3110.233088,8.04,43.528,15.544777,2.8712554,,,,,,,,55.69,,
BERGEPAINT.NS,BERGEPAINT,2026-09-01T04:41:27.234991,493.65,57559.7314048,10.43,59.315,47.329815,8.3225155,,25.0,,,,,,74.99,,
BESTAGRO.NS,BESTAGRO,2026-09-01T04:41:28.404737,17.2,610.0343296,0.84,21.676,20.476192,0.79350436,,,,,,,,9.86,,
BETA.NS,BETA,2026-09-01T04:41:29.561704,2216.0,2236.9529856,44.02,241.554,50.340755,9.173932,,,,,,,,68.89,,
BFINVEST.NS,BFINVEST,2026-09-01T04:41:30.730999,442.3,1666.0390912,103.44,2266.839,4.2759085,0.1951175,,,,,,,,73.46,,
BFUTILITIE.NS,BFUTILITIE,2026-09-01T04:41:31.925975,500.9,1886.7714048,41.99,53.508,11.92903,9.361217,,6.0,,,,,,66.39,,
BGRENERGY.NS,BGRENERGY,2026-09-01T04:41:33.136931,242.0,1746.3097344,,,,,,4.0,,,,,,75.0,,
BHAGCHEM.NS,BHAGCHEM,2026-09-01T04:41:34.298939,276.0,3578.8664832,2.11,53.854,130.8057,5.1249676,,,,,,,,23.09,,
BHAGERIA.NS,BHAGERIA,2026-09-01T04:41:35.462162,263.2,1148.7149056,15.81,136.839,16.647692,1.9234283,,,,,,,,48.7,,
BHAGYANGR.NS,BHAGYANGR,2026-09-01T04:41:36.615713,378.3,1267.1700992,19.63,80.556,19.271523,4.6961117,,3.0,,,,,,74.99,,
BHANDARI.NS,BHANDARI,2026-09-01T04:41:37.784067,3.01,100.2198912,0.29,5.833,10.379311,0.5160295,,,,,,,,24.19,,
BHARATCOAL.NS,BHARATCOAL,2026-09-01T04:41:38.894684,33.77,,,12.409,,2.721412,,,,,,,,90.0,,
BHARATFORG.NS,BHARATFORG,2026-09-01T04:41:40.052306,2044.2,97730.8745728,14.73,200.378,138.778,10.201718,,21.0,,,,,,47.24,,
BHARATGEAR.NS,BHARATGEAR,2026-09-01T04:41:41.289809,102.46,157.3279232,9.78,85.437,10.476482,1.1992463,,,,,,,,52.98,,
BHARATRAS.NS,BHARATRAS,2026-09-01T04:41:42.396807,1240.1,2061.1790848,350.7,766.942,3.5360706,1.616941,,,,,,,,74.79,,
BHARATSE.NS,BHARATSE,2026-09-01T04:41:43.523073,222.35,1396.3580416,7.36,36.57,30.210598,6.0801206,,,,,,,,74.38,,
BHARATWIRE.NS,BHARATWIRE,2026-09-01T04:41:44.631682,181.65,1249.442816,7.24,118.198,25.089779,1.536828,,,,,,,,61.15,,
BHARTIARTL.NS,BHARTIARTL,2026-09-01T04:41:45.776857,1859.5,1160078.426112,47.83,259.479,38.877274,7.166283,,11.0,,,,,,67.14,,
BHARTIHEXA.NS,BHARTIHEXA,2026-09-01T04:41:46.980510,1529.0,76449.9984384,36.43,143.304,41.9709,10.669625,,,,,,,,70.0,,
BHEL.NS,BHEL,2026-09-01T04:41:48.148001,429.15,149432.7492608,6.98,75.089,61.482807,5.715218,,6.0,,,,,,63.06,,
BI.NS,BI,2026-09-01T04:41:49.317233,90.93,214.0967936,4.78,83.577,19.023012,1.0879787,,1.0,,,,,,32.97,,
BIGBLOC.NS,BIGBLOC,2026-09-01T04:41:50.481471,42.13,596.4586496,0.12,9.715,351.08334,4.336593,,,,,,,,70.5,,
BIKAJI.NS,BIKAJI,2026-09-01T04:41:51.639463,602.15,15098.093568,10.33,64.091,58.291386,9.395235,,,,,,,,75.97,,
BIL.NS,BIL,2026-09-01T04:41:52.793137,864.4,1159.1959552,19.13,368.119,45.185577,2.3481538,,13.0,,,,,,49.35,,
BILVYAPAR.NS,BILVYAPAR,2026-09-01T04:41:53.961811,4.03,12.6405696,0.13,,31.000002,,,-1.21,,,,,,52.62,,
BIMETAL.NS,BIMETAL,2026-09-01T04:41:55.218913,635.0,242.8875008,29.83,599.004,21.287294,1.060093,,,,,,,,74.88,,
BIOCON.NS,BIOCON,2026-09-01T04:41:56.357603,404.5,65864.4795392,3.41,210.137,118.6217,1.9249347,,12.0,,,,,,60.68,,
BIOFILCHEM.NS,BIOFILCHEM,2026-09-01T04:41:57.547216,32.73,53.2641472,0.3,13.211,109.09999,2.477481,,,,,,,,46.82,,
BIRLACABLE.NS,BIRLACABLE,2026-09-01T04:41:58.700373,325.35,976.0499712,15.4,93.634,21.126625,3.4746993,,,,,,,,66.35,,
BIRLACORPN.NS,BIRLACORPN,2026-09-01T04:41:59.834304,874.15,6731.4225152,71.91,956.388,12.156167,0.9140119,,6.0,,,,,,62.9,,
BIRLAMONEY.NS,BIRLAMONEY,2026-09-01T04:42:00.998057,128.0,723.31776,9.6,53.133,13.333333,2.409049,,24.0,,,,,,75.0,,
BIRLANU.NS,BIRLANU,2026-09-01T04:42:02.153270,1432.2,1080.0074752,,1472.478,,0.97264606,,,,,,,,40.99,,
BIRLAPREC.NS,BIRLAPREC,2026-09-01T04:42:03.379782,45.68,312.394752,2.0,25.87,22.84,1.7657518,,,,,,,,45.9,,
BLACKBUCK.NS,BLACKBUCK,2026-09-01T04:42:04.580294,580.65,10577.539072,9.23,77.872,62.908997,7.456467,,,,,,,,27.7,,
BLACKROSE.NS,BLACKROSE,2026-09-01T04:42:05.774077,114.9,,5.62,33.29,20.444841,3.4514868,,8.0,,,,,,75.0,,
BLAL.NS,BLAL,2026-09-01T04:42:06.952264,165.52,689.2997632,0.55,0.267,300.94547,619.9251,,,,,,,,54.03,,
BLBLIMITED.NS,BLBLIMITED,2026-09-01T04:42:08.101474,15.98,84.4786752,5.18,24.652,3.084942,0.6482232,,-9.0,,,,,,67.3,,
BLIL.NS,BLIL,2026-09-01T04:42:09.254634,72.23,1603.3087488,8.08,64.923,8.939357,1.1125488,,,,,,,,59.67,,
BLISSGVS.NS,BLISSGVS,2026-09-01T04:42:10.399747,607.95,6461.0025472,12.59,112.762,48.288326,5.391444,,23.0,,,,,,60.16,,
BLKASHYAP.NS,BLKASHYAP,2026-09-01T04:42:11.603586,55.46,1250.5253888,0.03,23.56,1848.6666,2.3539898,,0.0,,,,,,67.41,,
BLS.NS,BLS,2026-09-01T04:42:12.771211,238.35,9808.6330368,17.09,59.856,13.946753,3.982057,,,,,,,,74.24,,
BLSE.NS,BLSE,2026-09-01T04:42:14.194895,325.45,2950.3371264,6.39,57.424,50.931145,5.667491,,,,,,,,68.89,,
BLUECHIP.NS,BLUECHIP,2026-09-01T04:42:15.345607,2.14,11.8351296,,,,,,,,,,,,11.24,,
BLUECOAST.NS,BLUECOAST,2026-09-01T04:42:16.444947,23.27,45.7943264,,,,,,4.23,,,,,,61.39,,
BLUEDART.NS,BLUEDART,2026-09-01T04:42:17.595838,4954.5,11756.0049664,120.75,748.924,41.031055,6.615491,,32.0,,,,,,75.0,,
BLUEJET.NS,BLUEJET,2026-09-01T04:42:18.816489,573.15,9942.1708288,13.52,78.397,42.392754,7.3108664,,,,,,,,86.0,,
BLUESTARCO.NS,BLUESTARCO,2026-09-01T04:42:19.924452,1462.4,30065.917952,24.74,166.903,59.110752,8.761975,,15.0,,,,,,39.07,,
BLUESTONE.NS,BLUESTONE,2026-09-01T04:42:21.129749,804.5,12288.6897664,3.89,118.287,206.81233,6.8012543,,,,,,,,16.27,,
BLUSPRING.NS,BLUSPRING,2026-09-01T04:42:22.242050,125.11,1870.420992,,45.388,,2.7564554,,,,,,,,58.16,,
BMWVENTLTD.NS,BMWVENTLTD,2026-09-01T04:42:23.373299,56.69,491.587328,4.62,50.917,12.270563,1.1133806,,,,,,,,73.01,,
BNAGROCHEM.NS,BNAGROCHEM,2026-09-01T04:42:24.491270,229.0,,1.77,47.419,129.37854,4.829288,,,,,,,,56.32,,
BNALTD.NS,BNALTD,2026-09-01T04:42:25.617322,371.0,,2.38,442.426,155.88234,0.8385583,,16.0,,,,,,59.15,,
BODALCHEM.NS,BODALCHEM,2026-09-01T04:42:26.771020,121.78,1533.7467904,5.45,92.069,22.344955,1.3227036,,39.0,,,,,,64.17,,
BOHRAIND.NS,BOHRAIND,2026-09-01T04:42:27.995681,13.07,13.4583776,,34.957,,0.3738879,,,,,,,,62.15,,
BOMDYEING.NS,BOMDYEING,2026-09-01T04:42:29.166239,113.89,2352.2258944,0.97,110.621,117.41237,1.0295513,,,,,,,,53.69,,
BONLON.NS,BONLON,2026-09-01T04:42:30.325230,41.99,68.7937216,0.36,69.84,116.638885,0.60123146,,,,,,,,67.34,,
BORANA.NS,BORANA,2026-09-01T04:42:31.452892,311.9,831.0667776,25.99,105.545,12.00077,2.9551377,,,,,,,,65.23,,
BOROLTD.NS,BOROLTD,2026-09-01T04:42:32.559642,242.61,2901.315584,5.85,74.544,41.471794,3.254588,,,,,,,,70.5,,
BORORENEW.NS,BORORENEW,2026-09-01T04:42:33.717584,501.75,7384.9430016,28.23,107.815,17.773645,4.6538053,,,,,,,,74.28,,
BOROSCI.NS,BOROSCI,2026-09-01T04:42:34.892193,126.85,1128.3501056,4.85,49.629,26.15464,2.5559652,,,,,,,,67.81,,
BOSCH-HCIL.NS,BOSCH-HCIL,2026-09-01T04:42:36.069049,1732.1,4709.7327616,1.53,183.696,1132.0916,9.429166,,,,,,,,74.25,,
BOSCHLTD.NS,BOSCHLTD,2026-09-01T04:42:37.178045,48960.0,144412.901376,802.56,5033.356,61.004784,9.727109,,,,,,,,70.49,,
BPCL.NS,BPCL,2026-09-01T04:42:38.356513,318.1,135910.9292032,40.1,234.373,7.9326687,1.3572383,,17.0,,,,,,54.93,,
BPL.NS,BPL,2026-09-01T04:42:39.544507,50.85,249.0416896,,48.312,,1.0525335,,-1.0,,,,,,63.24,,
BRIGADE.NS,BRIGADE,2026-09-01T04:42:40.692225,649.9,21197.2931584,19.78,20.913,32.856422,31.076365,,11.0,,,,,,55.97,,
BRIGHOTEL.NS,BRIGHOTEL,2026-09-01T04:42:41.873875,58.52,2222.8385792,1.8,25.21,32.511112,2.3213012,,,,,,,,74.09,,
BRITANNIA.NS,BRITANNIA,2026-09-01T04:42:43.048769,5214.5,125600.7663616,108.29,212.006,48.153107,24.596003,,66.0,,,,,,50.73,,
BRNL.NS,BRNL,2026-09-01T04:42:44.227151,17.21,144.4779392,,83.862,,0.20521809,,6.0,,,,,,65.1,,
BROOKS.NS,BROOKS,2026-09-01T04:42:45.387032,64.5,189.9992448,4.49,41.639,14.365257,1.5490285,,,,,,,,60.62,,
BSE.NS,BSE,2026-09-01T04:42:46.564707,3267.1,132686.4400384,68.78,194.169,47.50073,16.826063,,10.0,,,,,,,,
BSHSL.NS,BSHSL,2026-09-01T04:42:47.730671,90.0,944.4355072,2.73,12.474,32.967033,7.2150073,,,,,,,,73.13,,
BSL.NS,BSL,2026-09-01T04:42:48.900978,124.0,127.6228864,3.53,116.506,35.12748,1.064323,,,,,,,,56.44,,
BSOFT.NS,BSOFT,2026-09-01T04:42:50.025613,298.15,8337.6766976,20.43,147.155,14.593734,2.026095,,15.0,,,,,,18.93,,
BTML.NS,BTML,2026-09-01T04:42:51.241103,8.31,150.9908608,0.45,5.14,18.466667,1.6167316,,,,,,,,68.8,,
BTTL.NS,BTTL,2026-09-01T04:42:52.438923,43.0,251.0052096,,27.603,,1.5578016,,,,,,,,61.37,,
BUILDPRO.NS,BUILDPRO,2026-09-01T04:42:53.586478,1261.7,3059.5373056,54.1,225.012,23.321627,5.6072564,,,,,,,,40.17,,
BURNPUR.NS,BURNPUR,2026-09-01T04:42:54.749504,18.64,32.1071616,,,,,,,,,,,,27.78,,
BUTTERFLY.NS,BUTTERFLY,2026-09-01T04:42:55.867164,624.9,1117.2932608,26.91,208.203,23.221851,3.0013978,,,,,,,,65.13,,
BVCL.NS,BVCL,2026-09-01T04:42:57.057000,45.0,99.72,0.91,56.941,49.450546,0.79029167,,7.0,,,,,,57.33,,
BYKE.NS,BYKE,2026-09-01T04:42:58.270615,32.0,167.29376,1.3,44.182,24.615385,0.72427684,,,,,,,,45.29,,
CALSOFT.NS,CALSOFT,2026-09-01T04:42:59.441075,39.13,241.9346176,2.37,6.676,16.51055,5.8612943,,-12.0,,,,,,70.71,,
CAMLINFINE.NS,CAMLINFINE,2026-09-01T04:43:00.591770,102.17,1962.6000384,,54.187,,1.8855076,,28.0,,,,,,40.96,,
CAMPUS.NS,CAMPUS,2026-09-01T04:43:01.798334,224.35,6857.924608,5.04,29.655,44.51389,7.565335,,,,,,,,74.02,,
CAMS.NS,CAMS,2026-09-01T04:43:02.997122,771.7,19161.1224064,19.89,53.266,38.798393,14.487666,,,,,,,,30.98,,
CANBK.NS,CANBK,2026-09-01T04:43:04.163329,126.25,114516.9772544,21.9,129.764,5.76484,0.97292,9.0,,,,,,,66.3,,
CANFINHOME.NS,CANFINHOME,2026-09-01T04:43:05.348113,802.05,10679.6638208,84.81,449.134,9.457022,1.7857699,,,,,,,,30.57,,
CANHLIFE.NS,CANHLIFE,2026-09-01T04:43:06.577377,152.14,14415.036416,1.39,17.196,109.45324,8.847406,,,,,,,,62.0,,
CANTABIL.NS,CANTABIL,2026-09-01T04:43:07.679668,241.6,2020.69504,11.64,57.229,20.756014,4.221636,,,,,,,,74.23,,
CAPACITE.NS,CAPACITE,2026-09-01T04:43:08.794321,213.15,1803.3350656,21.8,225.621,9.777523,0.9447259,,43.0,,,,,,43.79,,
CAPILLARY.NS,CAPILLARY,2026-09-01T04:43:09.968853,495.95,3941.4132736,5.32,128.892,93.22369,3.8477952,,,,,,,,52.23,,
CAPITALSFB.NS,CAPITALSFB,2026-09-01T04:43:11.117077,283.05,1286.8919296,33.09,327.575,8.553944,0.86407685,,,,,,,,18.85,,
CAPLIPOINT.NS,CAPLIPOINT,2026-09-01T04:43:12.285730,2559.4,19454.4320512,87.35,462.024,29.300514,5.539539,,68.0,,,,,,69.06,,
CAPTRUST.NS,CAPTRUST,2026-09-01T04:43:13.464867,19.49,66.023328,,18.088,,1.07751,5.0,,,,,,,65.64,,
CARBORUNIV.NS,CARBORUNIV,2026-09-01T04:43:14.675643,1093.3,20827.9535616,11.06,204.723,98.851715,5.340387,,10.0,,,,,,43.82,,
CARERATING.NS,CARERATING,2026-09-01T04:43:15.906632,1703.0,5123.8408192,59.04,310.329,28.84485,5.4877243,,39.0,,,,,,,,
CARRARO.NS,CARRARO,2026-09-01T04:43:17.087778,559.8,3182.548992,23.37,99.31,23.953785,5.6368947,,,,,,,,68.77,,
CARTRADE.NS,CARTRADE,2026-09-01T04:43:18.213200,2993.3,14521.1080704,46.42,518.92,64.48299,5.7683268,,,,,,,,,,
CARYSIL.NS,CARYSIL,2026-09-01T04:43:19.446411,1120.9,3188.13184,37.5,213.733,29.890667,5.244394,,22.0,,,,,,42.42,,
CASTROLIND.NS,CASTROLIND,2026-09-01T04:43:20.632566,185.7,18368.0024576,10.74,19.27,17.290503,9.636741,,,,,,,,51.0,,
CCAVENUE.NS,CCAVENUE,2026-09-01T04:43:21.808857,15.36,5346.8459008,0.96,16.742,16.0,0.91745305,,-5.0,,,,,,44.84,,
CCCL.NS,CCCL,2026-09-01T04:43:22.978605,14.45,645.5673856,,6.24,,2.3157053,,-3.0,,,,,,23.52,,
CCHHL.NS,CCHHL,2026-09-01T04:43:24.175600,12.63,206.4559616,,18.241,,0.6923963,,7.0,,,,,,73.8,,
CCL.NS,CCL,2026-09-01T04:43:25.340750,1083.2,14442.8826624,32.46,176.048,33.3703,6.152867,,23.0,,,,,,44.78,,
CDSL.NS,CDSL,2026-09-01T04:43:26.521366,1393.4,29122.0619264,22.49,93.769,61.95643,14.859922,,14.0,,,,,,24.0,,
CEATLTD.NS,CEATLTD,2026-09-01T04:43:27.696116,3450.1,13955.6864,146.08,1454.517,23.617882,2.3719902,,26.0,,,,,,50.76,,
CEIGALL.NS,CEIGALL,2026-09-01T04:43:28.940192,343.9,5990.9050368,18.45,125.142,18.639565,2.748078,,,,,,,,82.05,,
CEINSYS.NS,CEINSYS,2026-09-01T04:43:30.113110,712.55,1491.9129088,66.31,367.403,10.74574,1.9394233,,23.0,,,,,,56.9,,
CELEBRITY.NS,CELEBRITY,2026-09-01T04:43:31.288343,6.81,43.9574208,,1.841,,3.6990767,,,,,,,,34.92,,
CELLO.NS,CELLO,2026-09-01T04:43:32.441950,350.5,7742.0208128,14.38,122.278,24.37413,2.866419,,,,,,,,78.06,,
CEMPRO.NS,CEMPRO,2026-09-01T04:43:33.598794,1225.5,21052.5683712,35.05,139.684,34.964336,8.773374,,5.0,,,,,,51.63,,
CENTENKA.NS,CENTENKA,2026-09-01T04:43:34.781484,548.15,1197.740032,67.33,684.581,8.141245,0.8007088,,,,,,,,25.25,,
CENTEXT.NS,CENTEXT,2026-09-01T04:43:36.032057,22.08,176.64,1.54,10.363,14.337663,2.1306572,,,,,,,,52.04,,
CENTRALBK.NS,CENTRALBK,2026-09-01T04:43:37.142001,30.28,27407.6434432,5.04,45.195,6.0079365,0.66998565,4.0,,,,,,,81.28,,
CENTRUM.NS,CENTRUM,2026-09-01T04:43:38.372725,22.72,1078.0809216,,6.402,,3.5488908,,20.0,,,,,,36.95,,
CENTUM.NS,CENTUM,2026-09-01T04:43:39.585179,3452.5,5096.5860352,63.69,232.826,54.207882,14.8286705,,36.0,,,,,,59.42,,
CENTURYPLY.NS,CENTURYPLY,2026-09-01T04:43:40.768338,753.6,16742.9554176,13.12,117.331,57.439022,6.422855,,25.0,,,,,,72.0,,
CERA.NS,CERA,2026-09-01T04:43:41.952768,5670.0,7311.4517504,157.2,1141.565,36.068703,4.966866,,,,,,,,54.75,,
CEREBRAINT.NS,CEREBRAINT,2026-09-01T04:43:43.188389,2.54,30.7813664,,8.314,,0.30550876,,4.0,,,,,,6.71,,
CESC.NS,CESC,2026-09-01T04:43:44.494272,144.72,19183.6553216,11.75,94.474,12.316596,1.5318501,,8.0,,,,,,49.92,,
CEWATER.NS,CEWATER,2026-09-01T04:43:45.680114,268.1,554.8659712,0.27,276.194,992.96295,0.97069454,,,,,,,,51.39,,
CGCL.NS,CGCL,2026-09-01T04:43:46.854465,256.85,24712.9260032,11.74,74.718,21.878195,3.437592,9.0,,,,,,,73.92,,
CGPOWER.NS,CGPOWER,2026-09-01T04:43:48.038672,887.15,139766.0581888,7.91,50.609,112.1555,17.529491,,5.0,,,,,,34.42,,
CHALET.NS,CHALET,2026-09-01T04:43:49.216093,912.8,19989.7841664,24.14,168.984,37.81276,5.401695,,1.0,,,,,,71.41,,
CHAMBLFERT.NS,CHAMBLFERT,2026-09-01T04:43:50.466085,406.15,16272.4921344,48.14,260.107,8.436851,1.5614728,,9.0,,,,,,57.8,,
CHEMBOND.NS,CHEMBOND,2026-09-01T04:43:51.639584,174.99,235.3316096,10.8,124.136,16.202778,1.4096637,,18.0,,,,,,69.59,,
CHEMBONDCH.NS,CHEMBONDCH,2026-09-01T04:43:52.796680,259.9,699.0419968,14.2,76.957,18.302816,3.3772106,,,,,,,,67.98,,
CHEMCON.NS,CHEMCON,2026-09-01T04:43:53.919055,199.1,729.3172736,7.68,131.945,25.92448,1.508962,,,,,,,,74.47,,
CHEMFAB.NS,CHEMFAB,2026-09-01T04:43:55.039685,364.75,524.2807808,,263.389,,1.3848338,,,,,,,,74.97,,
CHEMPLASTS.NS,CHEMPLASTS,2026-09-01T04:43:56.199456,169.1,2673.6328704,,110.976,,1.5237529,,,,,,,,54.99,,
CHENNPETRO.NS,CHENNPETRO,2026-09-01T04:43:57.490864,1396.6,20796.964864,280.29,746.005,4.982696,1.8721054,,,,,,,,67.29,,
CHEVIOT.NS,CHEVIOT,2026-09-01T04:43:58.668837,1131.3,660.8913408,116.9,1208.261,9.677503,0.9363044,,,,,,,,75.0,,
CHOICEIN.NS,CHOICEIN,2026-09-01T04:43:59.778418,778.7,17347.6052992,11.56,84.535,67.36159,9.211569,,14.0,,,,,,46.84,,
CHOLAFIN.NS,CHOLAFIN,2026-09-01T04:44:00.955247,1824.7,155841.4098432,67.62,357.477,26.984617,5.1043844,18.0,,,,,,,53.08,,
CHOLAHLDNG.NS,CHOLAHLDNG,2026-09-01T04:44:02.139553,1468.0,27565.7293824,142.09,823.003,10.33148,1.7837117,19.0,,,,,,,49.9,,
CIEINDIA.NS,CIEINDIA,2026-09-01T04:44:03.317435,391.9,14867.21024,23.63,204.101,16.58485,1.9201277,,10.0,,,,,,69.91,,
CIFL.NS,CIFL,2026-09-01T04:44:04.596098,20.69,809.0954752,1.0,17.214,20.69,1.2019286,2.0,,,,,,,41.9,,
CINELINE.NS,CINELINE,2026-09-01T04:44:05.755208,89.1,305.3138944,3.61,45.313,24.68144,1.9663231,,11.0,,,,,,69.27,,
CINEVISTA.NS,CINEVISTA,2026-09-01T04:44:06.977043,14.41,82.7659584,1.06,9.858,13.59434,1.461757,,1.78,,,,,,67.81,,
CIPLA.NS,CIPLA,2026-09-01T04:44:08.140898,1412.1,114077.6894464,41.71,426.253,33.85519,3.3128214,,15.0,,,,,,37.48,,
CLCIND.NS,CLCIND,2026-09-01T04:44:09.345647,46.82,0.4866798,,1.184,,39.54392,,5.0,,,,,,42.1,,
CLEAN.NS,CLEAN,2026-09-01T04:44:10.535735,820.4,8719.4181632,22.25,148.941,36.87191,5.5082216,,,,,,,,78.51,,
CLEANMAX.NS,CLEANMAX,2026-09-01T04:44:11.750050,1232.3,14451.326976,13.38,444.41,92.10015,2.77289,,,,,,,,49.48,,
CLEDUCATE.NS,CLEDUCATE,2026-09-01T04:44:12.871970,62.22,337.3814784,,47.203,,1.3181366,,15.0,,,,,,47.88,,
CLSEL.NS,CLSEL,2026-09-01T04:44:14.041321,303.45,1508.9240064,25.2,168.67,12.041667,1.7990752,,,,,,,,74.71,,
CMLL.NS,CMLL,2026-09-01T04:44:15.201708,502.65,3286.1136896,24.16,120.847,20.80505,4.1593914,,,,,,,,74.18,,
CMPDI.NS,CMPDI,2026-09-01T04:44:16.332128,228.55,,9.17,31.972,24.923664,7.1484423,,,,,,,,85.0,,
CMRGREEN.NS,CMRGREEN,2026-09-01T04:44:17.450148,228.21,,6.51,70.01,35.055298,3.2596772,,,,,,,,84.0,,
CMSINFO.NS,CMSINFO,2026-09-01T04:44:18.581377,248.01,3969.732608,17.78,147.983,13.948818,1.6759357,,,,,,,,63.38,,
CNL.NS,CNL,2026-09-01T04:44:19.738967,1271.7,1909.6705024,43.35,219.534,29.33564,5.7927246,,,,,,,,68.95,,
COALINDIA.NS,COALINDIA,2026-09-01T04:44:20.943616,403.3,248542.8420608,50.57,193.28,7.975084,2.08661,,52.0,,,,,,78.86,,
COASTCORP.NS,COASTCORP,2026-09-01T04:44:22.140375,40.35,270.2531328,4.86,42.419,8.302468,0.9512247,,27.0,,,,,,32.67,,
COCHINSHIP.NS,COCHINSHIP,2026-09-01T04:44:23.311903,1490.0,39199.0378496,25.79,223.241,57.77433,6.6744013,,,,,,,,75.0,,
COCKERILL.NS,COCKERILL,2026-09-01T04:44:24.478647,8110.0,,8.94,,907.1589,,,,,,,,,75.0,,
COFFEEDAY.NS,COFFEEDAY,2026-09-01T04:44:25.612563,29.87,631.0088704,8.32,132.226,3.5901444,0.22590111,,4.0,,,,,,52.62,,
COFORGE.NS,COFORGE,2026-09-01T04:44:26.775727,1978.4,87627.3860608,48.84,283.963,40.507782,6.9671044,,19.0,,,,,,30.72,,
COHANCE.NS,COHANCE,2026-09-01T04:44:28.003116,464.25,17762.0811776,2.74,102.034,169.43431,4.549954,,,,,,,,60.0,,
COLPAL.NS,COLPAL,2026-09-01T04:44:29.216064,1853.6,50415.255552,49.53,58.242,37.423782,31.825829,,,,,,,,51.0,,
COMFINTE.NS,COMFINTE,2026-09-01T04:44:30.424376,6.21,198.6815488,,5.704,,1.0887097,,-1.0,,,,,,53.83,,
COMPINFO.NS,COMPINFO,2026-09-01T04:44:31.585255,1.07,9.343036,,,,,,16.92,,,,,,61.48,,
COMPUSOFT.NS,COMPUSOFT,2026-09-01T04:44:32.752084,13.65,108.0058752,0.36,18.323,37.916664,0.7449653,,9.71,,,,,,71.29,,
COMSYN.NS,COMSYN,2026-09-01T04:44:33.961880,305.45,1232.1608704,7.07,44.498,43.20368,6.8643537,,,,,,,,52.15,,
CONCOR.NS,CONCOR,2026-09-01T04:44:35.262122,512.45,39029.112832,16.36,169.932,31.323349,3.0156178,,18.0,,,,,,54.8,,
CONCORDBIO.NS,CONCORDBIO,2026-09-01T04:44:36.436817,1479.4,15476.9227776,29.03,192.806,50.961075,7.672998,,,,,,,,44.08,,
CONFIPET.NS,CONFIPET,2026-09-01T04:44:37.594620,81.05,2692.813824,4.05,42.532,20.012346,1.905624,,2.0,,,,,,49.47,,
CONSOFINVT.NS,CONSOFINVT,2026-09-01T04:44:38.753612,266.0,859.8813696,19.56,358.675,13.599182,0.74161845,10.0,,,,,,,71.54,,
CONTROLPR.NS,CONTROLPR,2026-09-01T04:44:39.887634,597.7,955.9740416,24.35,283.135,24.546202,2.111007,,26.0,,,,,,55.9,,
CORALFINAC.NS,CORALFINAC,2026-09-01T04:44:41.116441,33.46,134.8512384,3.58,51.576,9.346369,0.6487513,,,,,,,,74.37,,
CORDELIA.NS,CORDELIA,2026-09-01T04:44:42.267396,103.8,7514.5535488,0.72,1.231,144.16667,84.32169,,,,,,,,89.35,,
CORDSCABLE.NS,CORDSCABLE,2026-09-01T04:44:43.364827,295.2,381.6280832,18.92,155.661,15.602537,1.896429,,,,,,,,51.42,,
COROMANDEL.NS,COROMANDEL,2026-09-01T04:44:44.486936,1898.1,55906.8413952,62.2,426.421,30.516077,4.451235,,19.0,,,,,,61.99,,
CORONA.NS,CORONA,2026-09-01T04:44:45.661057,2041.1,,32.44,122.116,62.91924,16.714436,,,,,,,,69.0,,
COSMOFIRST.NS,COSMOFIRST,2026-09-01T04:44:46.774974,981.8,2548.5717504,63.81,615.862,15.386303,1.5941883,,9.0,,,,,,43.51,,
COUNCODOS.NS,COUNCODOS,2026-09-01T04:44:47.956179,6.69,51.912592,0.08,2.868,83.625,2.3326359,,,,,,,,52.75,,
CPCAP.NS,CPCAP,2026-09-01T04:44:49.059575,118.25,215.2032512,24.8,314.755,4.768145,0.37568903,2.0,,,,,,,60.87,,
CPEDU.NS,CPEDU,2026-09-01T04:44:50.274128,183.09,333.094528,13.04,,14.040644,,,,,,,,,63.7,,
CPL.NS,CPL,2026-09-01T04:44:51.387703,64.47,,4.7,32.157,13.717022,2.004851,,,,,,,,74.51,,
CPPLUS.NS,CPPLUS,2026-09-01T04:44:52.543325,3595.0,42529.0039296,40.42,159.328,88.941124,22.563517,,,,,,,,74.75,,
CRAFTSMAN.NS,CRAFTSMAN,2026-09-01T04:44:53.692821,11309.0,29578.0483072,194.57,1368.258,58.12304,8.265254,,,,,,,,59.76,,
CRAMC.NS,CRAMC,2026-09-01T04:44:54.916156,256.6,5117.0512896,10.94,37.4,23.455212,6.8609624,,,,,,,,75.0,,
CREATIVEYE.NS,CREATIVEYE,2026-09-01T04:44:56.020921,6.2,12.4361144,,7.54,,0.8222811,,,,,,,,56.64,,
CREDITACC.NS,CREDITACC,2026-09-01T04:44:57.126797,1370.1,21957.1585024,75.29,489.541,18.197636,2.7987442,14.0,,,,,,,80.19,,
CREST.NS,CREST,2026-09-01T04:44:58.297661,364.1,1029.2661248,11.6,462.392,31.38793,0.7874271,11.0,,,,,,,64.99,,
CRISIL.NS,CRISIL,2026-09-01T04:44:59.499578,4780.2,34957.6101888,121.16,447.345,39.453617,10.685713,,48.0,,,,,,67.05,,
CRIZAC.NS,CRIZAC,2026-09-01T04:45:00.723496,164.21,2873.3876224,12.59,33.409,13.0428915,4.9151425,,,,,,,,79.94,,
CROMPTON.NS,CROMPTON,2026-09-01T04:45:01.848994,233.32,15023.8232576,,46.067,,5.064797,,,,,,,,34.38,,
CROWN.NS,CROWN,2026-09-01T04:45:03.102495,106.01,118.9786752,6.93,67.41,15.297259,1.5726153,,,,,,,,73.49,,
CSBBANK.NS,CSBBANK,2026-09-01T04:45:04.211976,339.45,5752.9167872,38.3,282.129,8.862925,1.203173,,,,,,,,49.73,,
CSLFINANCE.NS,CSLFINANCE,2026-09-01T04:45:05.349185,240.7,541.2737536,37.87,272.753,6.3559546,0.8824834,,,,,,,,74.79,,
CSM.NS,CSM,2026-09-01T04:45:06.533512,94.9,489.7169408,2.73,26.531,34.761906,3.5769477,,,,,,,,71.18,,
CTE.NS,CTE,2026-09-01T04:45:07.691076,44.0,84.7033984,3.54,41.012,12.4293785,1.0728567,,13.0,,,,,,46.91,,
CUB.NS,CUB,2026-09-01T04:45:08.850954,225.57,22349.1883008,14.13,106.637,15.963907,2.115307,,,,,,,,,,
CUBEXTUB.NS,CUBEXTUB,2026-09-01T04:45:09.988953,78.18,111.9457408,5.27,58.18,14.834915,1.3437607,,,,,,,,44.45,,
CUMMINSIND.NS,CUMMINSIND,2026-09-01T04:45:11.101434,5075.0,140679.0008832,85.25,305.742,59.530792,16.598963,,,,,,,,51.0,,
CUPID.NS,CUPID,2026-09-01T04:45:12.301953,281.4,37838.7529728,1.01,3.357,278.61386,83.82484,,,,,,,,44.87,,
CURAA.NS,CURAA,2026-09-01T04:45:13.492700,65.1,64.4489984,,6.447,,10.097719,,,,,,,,34.1,,
CYBERMEDIA.NS,CYBERMEDIA,2026-09-01T04:45:14.719618,18.8,39.159872,2.31,,8.138528,,,-5.0,,,,,,50.83,,
CYBERTECH.NS,CYBERTECH,2026-09-01T04:45:15.927562,134.79,408.1520896,10.17,68.189,13.253687,1.9767116,,3.0,,,,,,37.79,,
CYIENT.NS,CYIENT,2026-09-01T04:45:17.110498,1163.4,12116.1293824,34.07,514.316,34.164955,2.2632,,25.0,,,,,,22.18,,
CYIENTDLM.NS,CYIENTDLM,2026-09-01T04:45:18.303860,854.75,6783.6719104,10.32,127.527,82.824615,6.7025023,,,,,,,,66.66,,
DABUR.NS,DABUR,2026-09-01T04:45:19.504918,383.95,68111.0798336,11.12,64.383,34.527878,5.9635305,,36.0,,,,,,68.04,,
DAICHI.NS,DAICHI,2026-09-01T04:45:20.700056,344.0,,2.92,247.785,117.80822,1.3883003,,23.0,,,,,,63.69,,
DALBHARAT.NS,DALBHARAT,2026-09-01T04:45:21.905028,1849.9,34727.952384,49.82,958.543,37.131676,1.9299082,,,,,,,,54.26,,
DALMIASUG.NS,DALMIASUG,2026-09-01T04:45:23.174968,477.8,3867.2797696,25.14,396.961,19.00557,1.2036446,,5.0,,,,,,74.91,,
DAMCAPITAL.NS,DAMCAPITAL,2026-09-01T04:45:24.334970,143.53,1014.55616,10.27,53.106,13.9756565,2.7027078,,,,,,,,40.0,,
DAMODARIND.NS,DAMODARIND,2026-09-01T04:45:25.514109,27.0,62.9100032,2.46,63.466,10.97561,0.42542464,,,,,,,,69.21,,
DANGEE.NS,DANGEE,2026-09-01T04:45:26.624175,2.79,42.9590272,,0.951,,2.933754,,,,,,,,68.69,,
DATAMATICS.NS,DATAMATICS,2026-09-01T04:45:27.790899,778.8,4603.2052224,36.59,261.221,21.284504,2.9813833,,12.0,,,,,,73.03,,
DATAPATTNS.NS,DATAPATTNS,2026-09-01T04:45:29.010609,4500.2,25193.906176,47.93,310.083,93.8911,14.512889,,,,,,,,45.62,,
DAVANGERE.NS,DAVANGERE,2026-09-01T04:45:30.243486,2.08,352.7463168,0.05,2.589,41.6,0.80339897,,,,,,,,74.07,,
DBCORP.NS,DBCORP,2026-09-01T04:45:31.453245,197.9,3527.6599296,19.74,136.296,10.025329,1.4519868,,37.0,,,,,,69.87,,
DBEIL.NS,DBEIL,2026-09-01T04:45:32.633198,6.4,298.117504,,9.546,,0.67043793,,,,,,,,72.5,,
DBL.NS,DBL,2026-09-01T04:45:33.742988,402.0,6530.2822912,77.28,521.534,5.2018633,0.77080303,,14.0,,,,,,75.63,,
DBOL.NS,DBOL,2026-09-01T04:45:34.923437,127.0,835.515136,3.83,154.643,33.15927,0.8212463,,,,,,,,50.22,,
DBREALTY.NS,DBREALTY,2026-09-01T04:45:36.073693,104.33,5658.9299712,0.25,93.105,417.32,1.1205628,,1.0,,,,,,61.49,,
DBSTOCKBRO.NS,DBSTOCKBRO,2026-09-01T04:45:37.268981,29.0,101.5,0.85,21.949,34.117645,1.3212447,,,,,,,,30.01,,
DCAL.NS,DCAL,2026-09-01T04:45:38.422847,176.82,2772.2387456,6.22,426.904,28.427654,0.4141915,,,,,,,,61.4,,
DCBBANK.NS,DCBBANK,2026-09-01T04:45:39.639940,219.62,7073.46432,24.43,203.012,8.989766,1.081808,,,,,,,,16.19,,
DCI.NS,DCI,2026-09-01T04:45:40.785558,369.4,605.8160128,13.53,66.998,27.302292,5.513597,,,,,,,,60.0,,
DCM.NS,DCM,2026-09-01T04:45:41.963435,78.99,147.5355264,0.66,25.019,119.68181,3.1572006,,3.95,,,,,,48.54,,
DCMFINSERV.NS,DCMFINSERV,2026-09-01T04:45:43.168355,5.34,11.8147792,,,,,,-5.7,,,,,,39.5,,
DCMNVL.NS,DCMNVL,2026-09-01T04:45:44.298815,189.58,354.0927488,15.72,175.975,12.059796,1.0773121,,,,,,,,50.09,,
DCMSHRIRAM.NS,DCMSHRIRAM,2026-09-01T04:45:45.478213,1023.6,15850.938368,91.91,482.474,11.136981,2.121565,,12.0,,,,,,63.87,,
DCMSIL.NS,DCMSIL,2026-09-01T04:45:46.696993,71.54,622.3420928,,42.91,,1.6672105,,,,,,,,50.11,,
DCMSRIND.NS,DCMSRIND,2026-09-01T04:45:47.809498,47.6,414.0827904,1.58,41.933,30.126581,1.1351441,,15.0,,,,,,44.52,,
DCW.NS,DCW,2026-09-01T04:45:49.027017,45.19,1333.8054656,2.41,36.262,18.751036,1.2462081,,,,,,,,47.38,,
DCXINDIA.NS,DCXINDIA,2026-09-01T04:45:51.242026,171.49,1910.1659136,,150.3,,1.1409847,,,,,,,,71.72,,
DDEVPLSTIK.NS,DDEVPLSTIK,2026-09-01T04:45:52.467146,277.5,2871.4774528,19.51,97.953,14.2234745,2.8329914,,,,,,,,74.84,,
DECCANCE.NS,DECCANCE,2026-09-01T04:45:53.586892,570.05,798.497536,4.21,536.029,135.4038,1.0634686,,,,,,,,56.19,,
DECNGOLD.NS,DECNGOLD,2026-09-01T04:45:54.732640,221.81,4457.7316864,,28.821,,7.6961246,,-190.0,,,,,,28.09,,
DEEDEV.NS,DEEDEV,2026-09-01T04:45:55.902759,614.95,4626.8493824,11.58,127.161,53.104492,4.835995,,,,,,,,70.29,,
DEEPAKFERT.NS,DEEPAKFERT,2026-09-01T04:45:57.110332,1408.7,17801.0832896,77.99,542.105,18.062572,2.5985742,,7.0,,,,,,51.07,,
DEEPAKNTR.NS,DEEPAKNTR,2026-09-01T04:45:58.375646,1778.0,24250.6825728,57.47,427.942,30.93788,4.154769,,,,,,,,46.52,,
DEEPINDS.NS,DEEPINDS,2026-09-01T04:45:59.549336,681.1,4359.0397952,32.24,311.873,21.125929,2.1839018,,,,,,,,63.99,,
DELHIVERY.NS,DELHIVERY,2026-09-01T04:46:00.721369,458.95,34377.8656256,1.23,129.789,373.1301,3.536124,,,,,,,,,,
DELPHIFX.NS,DELPHIFX,2026-09-01T04:46:01.882726,6.47,158.6882432,0.16,12.03,40.4375,0.5378221,,,,,,,,74.77,,
DELTACORP.NS,DELTACORP,2026-09-01T04:46:03.014082,57.91,1551.4657792,,83.497,,0.6939171,,3.0,,,,,,40.69,,
DELTAMAGNT.NS,DELTAMAGNT,2026-09-01T04:46:04.287963,58.6,63.5875584,0.63,2.13,93.01587,27.511734,,4.0,,,,,,72.15,,
DEN.NS,DEN,2026-09-01T04:46:05.813050,27.69,1320.164864,3.11,79.838,8.903538,0.34682736,,-1.0,,,,,,36.78,,
DENORA.NS,DENORA,2026-09-01T04:46:07.007716,820.9,435.7857792,23.0,243.466,35.691307,3.3717234,,,,,,,,57.08,,
DENTA.NS,DENTA,2026-09-01T04:46:08.164964,275.05,734.3834624,20.03,171.806,13.731901,1.6009336,,,,,,,,71.91,,
DEVIT.NS,DEVIT,2026-09-01T04:46:09.290757,24.78,139.6692864,13.24,19.133,1.8716013,1.2951446,,19.0,,,,,,68.42,,
DEVX.NS,DEVX,2026-09-01T04:46:10.501685,34.08,322.5057024,1.25,17.119,27.264002,1.9907707,,,,,,,,36.81,,
DEVYANI.NS,DEVYANI,2026-09-01T04:46:11.623234,137.59,16964.018176,,12.505,,11.002798,,,,,,,,62.8,,
DGCONTENT.NS,DGCONTENT,2026-09-01T04:46:12.889589,25.21,146.2745216,0.2,6.155,126.049995,4.0958567,,,,,,,,69.51,,
DHAMPURSUG.NS,DHAMPURSUG,2026-09-01T04:46:14.022789,177.86,1143.7555712,10.9,186.196,16.317432,0.95523,,5.0,,,,,,49.08,,
DHANBANK.NS,DHANBANK,2026-09-01T04:46:15.204216,32.11,1267.3780736,2.92,38.271,10.996575,0.8390165,,,,,,,,,,
DHANUKA.NS,DHANUKA,2026-09-01T04:46:16.329388,976.65,4353.7420288,59.44,373.118,16.430855,2.6175365,,36.0,,,,,,75.09,,
DHARAN.NS,DHARAN,2026-09-01T04:46:17.576842,0.15,78.4313792,0.02,1.81,7.5000005,0.082872935,,,,,,,,65.04,,
DHARMAJ.NS,DHARMAJ,2026-09-01T04:46:18.734751,270.0,912.5269504,17.82,132.404,15.151515,2.0392132,,,,,,,,70.4,,
DHRUV.NS,DHRUV,2026-09-01T04:46:19.989803,23.73,45.007664,,35.453,,0.66933686,,,,,,,,69.95,,
DHUNINV.NS,DHUNINV,2026-09-01T04:46:21.145946,996.0,607.2789504,157.15,4497.933,6.337894,0.22143504,-23.0,,,,,,,74.95,,
DIACABS.NS,DIACABS,2026-09-01T04:46:22.360956,340.0,20334.4150528,3.79,,89.70976,,,23.0,,,,,,11.41,,
DIAMINESQ.NS,DIAMINESQ,2026-09-01T04:46:23.570176,243.48,244.8317696,,156.475,,1.5560312,,,,,,,,65.2,,
DIAMONDYD.NS,DIAMONDYD,2026-09-01T04:46:24.736453,1153.4,2757.035008,4.77,295.354,241.80295,3.9051445,,,,,,,,71.43,,
DICIND.NS,DICIND,2026-09-01T04:46:25.972992,570.0,523.2016896,31.49,483.852,18.100985,1.1780462,,,,,,,,71.75,,
DIFFNKG.NS,DIFFNKG,2026-09-01T04:46:27.150090,477.15,1771.4794496,14.71,108.707,32.43712,4.389322,,,,,,,,69.7,,
DIGIDRIVE.NS,DIGIDRIVE,2026-09-01T04:46:28.350322,18.44,71.1081408,1.5,69.675,12.293334,0.26465735,,,,,,,,58.83,,
DIGISPICE.NS,DIGISPICE,2026-09-01T04:46:29.529155,17.06,355.8771456,0.93,9.554,18.344086,1.7856395,,-42.0,,,,,,74.36,,
DIGITIDE.NS,DIGITIDE,2026-09-01T04:46:30.696465,96.62,1440.708608,,56.112,,1.7219133,,,,,,,,57.37,,
DIGJAMLMTD.NS,DIGJAMLMTD,2026-09-01T04:46:31.808759,50.5,101.0,1.93,2.185,26.165804,23.11213,,,,,,,,39.44,,
DISAQ.NS,DISAQ,2026-09-01T04:46:32.923621,12049.0,,,2098.329,,5.742188,,,,,,,,74.82,,
DISHTV.NS,DISHTV,2026-09-01T04:46:34.061216,2.71,498.9804544,,,,,,16.0,,,,,,64.44,,
DIVGIITTS.NS,DIVGIITTS,2026-09-01T04:46:35.262154,1252.7,3831.1231488,20.45,207.7,61.256718,6.031295,,,,,,,,60.49,,
DIVISLAB.NS,DIVISLAB,2026-09-01T04:46:36.429943,9189.0,243939.0691328,96.56,631.374,95.16363,14.553972,,33.0,,,,,,52.07,,
DIXON.NS,DIXON,2026-09-01T04:46:37.595561,14662.0,89147.736064,341.35,897.725,42.95298,16.332396,,16.0,,,,,,38.93,,
DJML.NS,DJML,2026-09-01T04:46:38.776688,70.67,253.9119872,3.25,26.266,21.744616,2.6905503,,,,,,,,71.11,,
DLF.NS,DLF,2026-09-01T04:46:39.895774,671.35,166130.548736,17.97,183.708,37.348362,3.6533523,,6.0,,,,,,74.95,,
DLINKINDIA.NS,DLINKINDIA,2026-09-01T04:46:41.165895,438.55,1557.0651136,30.23,142.427,14.507112,3.079121,,,,,,,,51.02,,
DMART.NS,DMART,2026-09-01T04:46:42.717307,3797.0,247657.791488,47.12,375.946,80.5815,10.099854,,21.0,,,,,,82.2,,
DMCC.NS,DMCC,2026-09-01T04:46:44.030782,289.1,721.0134528,16.04,99.542,18.02369,2.904302,,,,,,,,50.59,,
DNAMEDIA.NS,DNAMEDIA,2026-09-01T04:46:45.250236,2.63,30.9572096,,,,,,,,,,,,69.1,,
DODLA.NS,DODLA,2026-09-01T04:46:46.405461,1083.2,6534.7080192,40.57,277.497,26.699532,3.9034653,,,,,,,,62.54,,
DOLATALGO.NS,DOLATALGO,2026-09-01T04:46:47.607865,71.57,1259.6320256,8.18,64.12,8.749389,1.1161883,,,,,,,,74.45,,
DOLLAR.NS,DOLLAR,2026-09-01T04:46:48.792807,267.45,1516.872704,19.78,167.265,13.521234,1.5989598,,,,,,,,56.85,,
DOLPHIN.NS,DOLPHIN,2026-09-01T04:46:49.955269,590.8,2363.4704384,18.01,88.335,32.803997,6.6881757,,5.0,,,,,,54.83,,
DOMS.NS,DOMS,2026-09-01T04:46:51.279218,2233.8,13556.5606912,35.62,201.011,62.711964,11.112824,,,,,,,,74.95,,
DONEAR.NS,DONEAR,2026-09-01T04:46:52.431450,83.75,435.4999808,8.83,53.342,9.484712,1.5700574,,,,,,,,73.55,,
DPABHUSHAN.NS,DPABHUSHAN,2026-09-01T04:46:53.559964,1467.1,3349.08416,105.0,277.667,13.972381,5.283667,,,,,,,,73.35,,
DPSCLTD.NS,DPSCLTD,2026-09-01T04:46:54.699124,7.24,705.0236928,0.08,6.461,90.5,1.1205696,,6.0,,,,,,59.49,,
DPWIRES.NS,DPWIRES,2026-09-01T04:46:55.864432,159.64,247.4616832,12.07,171.669,13.226181,0.9299291,,,,,,,,69.24,,
DRAGARWQ.NS,DRAGARWQ,2026-09-01T04:46:57.024353,5256.5,,158.94,716.483,33.072227,7.3365316,,,,,,,,74.86,,
DRCSYSTEMS.NS,DRCSYSTEMS,2026-09-01T04:46:58.137854,13.97,201.2816128,1.46,7.811,9.568493,1.7885034,,,,,,,,28.55,,
DREAMFOLKS.NS,DREAMFOLKS,2026-09-01T04:46:59.264326,66.9,356.3753984,,58.982,,1.1342444,,,,,,,,67.0,,
DREDGECORP.NS,DREDGECORP,2026-09-01T04:47:00.503225,1099.0,3077.2000768,17.59,444.19,62.47868,2.4741664,,,,,,,,73.47,,
DRREDDY.NS,DRREDDY,2026-09-01T04:47:01.607477,1168.5,97334.6766848,39.71,460.306,29.425838,2.5385287,,22.0,,,,,,26.79,,
DSFCL.NS,DSFCL,2026-09-01T04:47:02.786514,26.3,228.7894272,,24.255,,1.0843126,,,,,,,,50.11,,
DSKULKARNI.NS,DSKULKARNI,2026-09-01T04:47:03.890789,18.31,18.31,,,,,,,,,,,,49.98,,
DSSL.NS,DSSL,2026-09-01T04:47:05.012182,1044.2,1330.0058112,66.76,248.47,15.641101,4.2025194,,,,,,,,36.37,,
DTIL.NS,DTIL,2026-09-01T04:47:06.187419,159.01,167.078592,,503.917,,0.315548,,,,,,,,66.25,,
DUCON.NS,DUCON,2026-09-01T04:47:07.350566,1.87,60.761088,0.22,7.454,8.5,0.25087202,,,,,,,,60.17,,
DVL.NS,DVL,2026-09-01T04:47:08.609812,282.45,989.274112,53.97,938.644,5.2334633,0.30091283,,-1.0,,,,,,72.3,,
DWARKESH.NS,DWARKESH,2026-09-01T04:47:09.773682,50.63,938.1813248,0.78,44.722,64.91026,1.132105,,,,,,,,41.87,,
DYCL.NS,DYCL,2026-09-01T04:47:10.915070,505.1,2447.6459008,18.82,94.357,26.83847,5.353074,,,,,,,,73.45,,
DYNAMATECH.NS,DYNAMATECH,2026-09-01T04:47:12.035288,11802.0,8015.2608768,62.9,1168.799,187.63115,10.097545,,15.0,,,,,,50.2,,
DYNPRO.NS,DYNPRO,2026-09-01T04:47:13.209768,226.6,281.627264,16.34,196.908,13.867809,1.1507913,,18.0,,,,,,39.64,,
E2E.NS,E2E,2026-09-01T04:47:14.376696,632.0,12984.938496,2.77,84.048,228.15884,7.519513,,,,,,,,58.38,,
EASEMYTRIP.NS,EASEMYTRIP,2026-09-01T04:47:15.528901,6.12,2225.754112,,2.36,,2.5932205,,,,,,,,74.9,,
EASTSILK.NS,EASTSILK,2026-09-01T04:47:17.137390,64.0,32.0,,71.65,,0.893231,,,,,,,,51.28,,
EBGNG.NS,EBGNG,2026-09-01T04:47:18.254735,615.1,7012.8484352,11.43,66.523,53.814518,9.246426,,,,,,,,78.71,,
ECLERX.NS,ECLERX,2026-09-01T04:47:19.381240,1906.9,17548.2994688,77.24,276.885,24.687986,6.886975,,46.0,,,,,,50.28,,
ECOSMOBLTY.NS,ECOSMOBLTY,2026-09-01T04:47:20.554803,114.94,689.6400384,9.81,44.277,11.716616,2.59593,,,,,,,,67.75,,
EDELWEISS.NS,EDELWEISS,2026-09-01T04:47:21.709622,127.42,12060.7064064,7.45,48.843,17.103355,2.6087668,,11.0,,,,,,36.92,,
EFCIL.NS,EFCIL,2026-09-01T04:47:22.900172,202.69,2998.7207168,18.32,58.857,11.063865,3.4437706,,,,,,,,74.96,,
EICHERMOT.NS,EICHERMOT,2026-09-01T04:47:24.165070,8040.5,220729.18016,210.34,915.015,38.226208,8.787288,,28.0,,,,,,50.58,,
EIDPARRY.NS,EIDPARRY,2026-09-01T04:47:25.397295,799.4,14225.7782784,26.01,494.275,30.734333,1.6173184,,11.0,,,,,,45.27,,
EIEL.NS,EIEL,2026-09-01T04:47:26.567386,194.19,3408.6170624,10.3,70.273,18.853397,2.7633657,,,,,,,,70.09,,
EIFFL.NS,EIFFL,2026-09-01T04:47:27.714322,290.05,719.3239552,1.99,30.99,145.75377,9.35947,,,,,,,,73.5,,
EIHAHOTELS.NS,EIHAHOTELS,2026-09-01T04:47:28.823421,299.15,1822.9092352,14.43,98.859,20.731115,3.026027,,,,,,,,75.0,,
EIHOTEL.NS,EIHOTEL,2026-09-01T04:47:29.942591,284.45,17788.4839936,11.38,84.147,24.995607,3.3803937,,6.0,,,,,,35.25,,
EIMCOELECO.NS,EIMCOELECO,2026-09-01T04:47:31.107742,2158.0,1244.8175104,68.74,810.464,31.393658,2.6626723,,,,,,,,74.06,,
EKC.NS,EKC,2026-09-01T04:47:32.326239,107.08,1201.5198208,11.17,124.741,9.586392,0.8584187,,-3.0,,,,,,66.06,,
ELANTAS.NS,ELANTAS,2026-09-01T04:47:33.538677,11529.0,9139.8242304,223.76,1392.583,51.523956,8.27886,,,,,,,,75.0,,
ELCIDIN.NS,ELCIDIN,2026-09-01T04:47:34.700490,108990.0,,,433672.47,,0.2513187,,23.0,,,,,,74.88,,
ELDEHSG.NS,ELDEHSG,2026-09-01T04:47:35.838910,778.25,765.2532224,37.88,406.471,20.545141,1.9146507,,13.0,,,,,,54.83,,
ELECON.NS,ELECON,2026-09-01T04:47:37.003070,413.25,9273.327616,10.5,102.756,39.357143,4.021663,,10.0,,,,,,58.58,,
ELECTCAST.NS,ELECTCAST,2026-09-01T04:47:38.186711,85.39,5278.6782208,1.95,95.818,43.78974,0.89116865,,6.0,,,,,,53.01,,
ELECTHERM.NS,ELECTHERM,2026-09-01T04:47:39.432270,1007.9,1284.3482112,,,,,,-20.0,,,,,,29.57,,
ELGIEQUIP.NS,ELGIEQUIP,2026-09-01T04:47:40.602964,628.4,19809.7747968,14.15,70.8,44.409897,8.875706,,8.0,,,,,,31.9,,
ELGIRUBCO.NS,ELGIRUBCO,2026-09-01T04:47:41.776619,59.1,295.7954816,,15.124,,3.9076965,,-2.0,,,,,,62.64,,
ELIN.NS,ELIN,2026-09-01T04:47:42.978027,99.0,492.1212928,,116.697,,0.8483509,,,,,,,,32.97,,
ELITECON.NS,ELITECON,2026-09-01T04:47:44.137765,11.16,,,2.477,,4.5054502,,,,,,,,14.15,,
ELLEN.NS,ELLEN,2026-09-01T04:47:45.269175,315.8,4450.7459584,8.6,69.332,36.72093,4.554895,,,,,,,,29.65,,
ELPROINTL.NS,ELPROINTL,2026-09-01T04:47:46.635470,174.5,2957.4109184,,119.881,22.900263,1.4556102,,5.0,,,,,,65.65,,
EMAMILTD.NS,EMAMILTD,2026-09-01T04:47:47.979413,364.55,15912.607744,17.15,66.987,21.25656,5.4421005,,61.0,,,,,,72.74,,
EMAMIPAP.NS,EMAMIPAP,2026-09-01T04:47:49.222106,110.2,666.6994688,13.57,79.318,8.120854,1.3893441,,,,,,,,74.97,,
EMAMIREAL.NS,EMAMIREAL,2026-09-01T04:47:50.324400,68.5,356.432128,,,,,,10.0,,,,,,58.06,,
EMBDL.NS,EMBDL,2026-09-01T04:47:51.504485,61.61,8563.9962624,,71.012,,0.86759984,,6.0,,,,,,50.35,,
EMCURE.NS,EMCURE,2026-09-01T04:47:52.716111,1847.2,35037.7148416,53.28,261.124,34.66967,7.0740337,,,,,,,,77.92,,
EMIL.NS,EMIL,2026-09-01T04:47:53.871763,178.41,6864.3028992,5.36,42.153,33.285446,4.232439,,,,,,,,77.97,,
EMKAY.NS,EMKAY,2026-09-01T04:47:55.090204,259.5,718.1813248,6.77,145.355,38.33087,1.7852844,,19.0,,,,,,73.24,,
EMMBI.NS,EMMBI,2026-09-01T04:47:56.263187,91.45,175.9520768,4.51,103.387,20.27716,0.88454056,,,,,,,,57.78,,
EMMVEE.NS,EMMVEE,2026-09-01T04:47:57.424945,319.85,22144.65536,18.41,53.393,17.37371,5.9904857,,,,,,,,80.03,,
EMPOWER.NS,EMPOWER,2026-09-01T04:47:58.611616,2.01,233.9235072,0.16,2.775,12.5625,0.7243243,,,,,,,,15.02,,
EMSLIMITED.NS,EMSLIMITED,2026-09-01T04:47:59.818209,375.65,2086.0147712,12.28,190.058,30.590391,1.976502,,,,,,,,69.7,,
EMUDHRA.NS,EMUDHRA,2026-09-01T04:48:00.969408,541.85,4445.5284736,13.88,111.055,39.03818,4.8791137,,,,,,,,57.7,,
ENDURANCE.NS,ENDURANCE,2026-09-01T04:48:02.193965,2878.8,40494.022656,68.84,486.327,41.818714,5.919474,,22.0,,,,,,82.5,,
ENERGYDEV.NS,ENERGYDEV,2026-09-01T04:48:03.374230,15.87,75.3825024,,0.824,,19.259708,,6.12,,,,,,32.76,,
ENGINERSIN.NS,ENGINERSIN,2026-09-01T04:48:04.532748,280.85,15784.96,13.96,55.825,20.118195,5.0309,,16.0,,,,,,59.37,,
ENIL.NS,ENIL,2026-09-01T04:48:05.718866,101.67,484.665088,,158.975,,0.6395345,,19.0,,,,,,71.15,,
ENRIN.NS,ENRIN,2026-09-01T04:48:06.895058,3201.4,114008.4178944,41.66,135.117,76.845894,23.693539,,,,,,,,75.0,,
ENTERO.NS,ENTERO,2026-09-01T04:48:07.996899,1808.3,7870.2772224,28.76,388.089,62.875523,4.6594987,,,,,,,,52.44,,
EPACK.NS,EPACK,2026-09-01T04:48:09.157963,185.94,1789.2724736,,119.049,,1.5618778,,,,,,,,48.11,,
EPACKPEB.NS,EPACKPEB,2026-09-01T04:48:10.376234,220.65,2220.423168,9.41,73.122,23.44846,3.0175595,,,,,,,,65.06,,
EPIGRAL.NS,EPIGRAL,2026-09-01T04:48:11.609157,1224.0,5280.499712,62.75,514.919,19.505976,2.3770728,,,,,,,,71.18,,
EPL.NS,EPL,2026-09-01T04:48:12.789599,240.95,7717.5717888,12.08,89.425,19.946192,2.6944366,,16.0,,,,,,57.07,,
EQUIPPP.NS,EQUIPPP,2026-09-01T04:48:13.985417,21.28,219.3866496,0.18,0.972,118.22222,21.893005,,,,,,,,35.67,,
EQUITASBNK.NS,EQUITASBNK,2026-09-01T04:48:15.136699,73.94,8457.969664,4.46,53.564,16.578476,1.3804048,,,,,,,,81.98,,
ERIS.NS,ERIS,2026-09-01T04:48:16.261354,1294.3,17936.8394752,46.94,285.483,27.5735,4.53372,,47.0,,,,,,55.93,,
ESABINDIA.NS,ESABINDIA,2026-09-01T04:48:17.500351,6044.5,9304.3105792,144.19,278.945,41.920383,21.669146,,,,,,,,73.72,,
ESAFSFB.NS,ESAFSFB,2026-09-01T04:48:18.624692,42.12,2173.4682624,,34.645,,1.2157598,,,,,,,,63.39,,
ESCORTS.NS,ESCORTS,2026-09-01T04:48:19.745758,3016.5,33189.7634816,125.75,1105.924,23.988071,2.7275836,,7.0,,,,,,42.98,,
ESSARSHPNG.NS,ESSARSHPNG,2026-09-01T04:48:20.936514,16.59,344.8804352,4.4,,3.7704544,,,0.0,,,,,,74.37,,
ESSENTIA.NS,ESSENTIA,2026-09-01T04:48:22.092778,1.05,184.3047296,,1.341,,,,,,,,,,59.39,,
ESTER.NS,ESTER,2026-09-01T04:48:23.302074,92.46,964.3119616,,80.52,,1.1482862,,56.0,,,,,,59.14,,
ETERNAL.NS,ETERNAL,2026-09-01T04:48:24.478861,327.15,301154.435072,0.46,33.829,711.1956,9.670697,,,,,,,,,,
ETHOSLTD.NS,ETHOSLTD,2026-09-01T04:48:25.721757,2889.8,7732.4378112,38.81,556.071,74.46019,5.196819,,,,,,,,64.67,,
EUREKAFORB.NS,EUREKAFORB,2026-09-01T04:48:26.931865,424.9,8222.1047808,9.28,237.693,45.78664,1.7876,,,,,,,,73.85,,
EUROBOND.NS,EUROBOND,2026-09-01T04:48:28.142919,150.99,369.925504,10.45,65.368,14.448805,2.309846,,,,,,,,60.61,,
EUROPRATIK.NS,EUROPRATIK,2026-09-01T04:48:29.252182,263.55,2693.4808576,8.42,30.262,31.300474,8.708941,,,,,,,,70.49,,
EUROTEXIND.NS,EUROTEXIND,2026-09-01T04:48:30.431899,13.99,16.4471328,,,,,,,,,,,,70.99,,
EVEREADY.NS,EVEREADY,2026-09-01T04:48:31.545892,328.4,2387.0496768,24.54,85.702,13.382233,3.8318822,,11.0,,,,,,44.05,,
EVERESTIND.NS,EVERESTIND,2026-09-01T04:48:32.716745,416.5,660.3921408,,311.88,,1.3354495,,12.0,,,,,,48.76,,
EXCELINDUS.NS,EXCELINDUS,2026-09-01T04:48:34.004978,1038.6,1305.5920128,56.8,1354.894,18.285212,0.7665544,,24.0,,,,,,52.38,,
EXCELSOFT.NS,EXCELSOFT,2026-09-01T04:48:35.179976,70.01,805.7042432,4.06,50.252,17.243843,1.3931785,,,,,,,,59.08,,
EXICOM.NS,EXICOM,2026-09-01T04:48:36.340255,160.8,2236.4028928,,48.326,,3.3274014,,,,,,,,69.57,,
EXIDEIND.NS,EXIDEIND,2026-09-01T04:48:37.494003,439.05,37319.2491008,10.96,163.586,40.059307,2.6839094,,23.0,,,,,,45.99,,
EXPLEOSOL.NS,EXPLEOSOL,2026-09-01T04:48:38.685093,859.5,1333.9215872,88.71,500.209,9.688874,1.7182817,,29.0,,,,,,53.88,,
EXXARO.NS,EXXARO,2026-09-01T04:48:39.867353,6.77,302.897024,0.09,5.928,75.22222,1.1420377,,,,,,,,42.07,,
FABTECH.NS,FABTECH,2026-09-01T04:48:41.070827,147.95,657.6494592,10.89,109.435,13.585858,1.3519441,,,,,,,,68.94,,
FACT.NS,FACT,2026-09-01T04:48:42.203274,817.5,52898.136064,,21.183,,38.592266,,,,,,,,90.0,,
FAIRCHEMOR.NS,FAIRCHEMOR,2026-09-01T04:48:43.422991,674.0,848.9637888,11.36,208.83,59.330986,3.2275057,,,,,,,,74.06,,
FAZE3Q.NS,FAZE3Q,2026-09-01T04:48:44.583810,486.85,1195.2052224,12.52,185.997,38.88578,2.6175156,,,,,,,,41.33,,
FCL.NS,FCL,2026-09-01T04:48:45.748644,49.43,5756.1276416,0.27,10.609,183.07407,4.6592517,,21.0,,,,,,72.36,,
FCSSOFT.NS,FCSSOFT,2026-09-01T04:48:46.933435,1.48,253.0138624,0.02,2.435,74.0,0.60780287,,-8.28,,,,,,19.65,,
FDC.NS,FDC,2026-09-01T04:48:48.093504,337.1,5488.3278848,17.98,152.621,18.74861,2.2087393,,21.0,,,,,,68.89,,
FEDDERSHOL.NS,FEDDERSHOL,2026-09-01T04:48:49.333371,45.5,916.442624,4.25,35.788,10.705882,1.2713759,1.0,,,,,,,45.75,,
FEDERALBNK.NS,FEDERALBNK,2026-09-01T04:48:50.470362,349.0,86189.1657728,18.69,162.445,18.673086,2.1484194,15.0,,,,,,,,,
FEDFINA.NS,FEDFINA,2026-09-01T04:48:51.651610,155.8,5841.8884608,10.14,78.195,15.364891,1.9924548,,,,,,,,61.58,,
FEL.NS,FEL,2026-09-01T04:48:52.759324,0.38,18.7835936,,52.907,,0.007182414,,9.0,,,,,,46.55,,
FELDVR.NS,FELDVR,2026-09-01T04:48:53.924032,2.25,111.2186496,,52.907,,0.042527452,,,,,,,,72.22,,
FERMENTA.NS,FERMENTA,2026-09-01T04:48:55.021273,501.0,,20.4,141.683,24.558825,3.536063,,3.0,,,,,,62.59,,
FIBERWEB.NS,FIBERWEB,2026-09-01T04:48:56.269862,26.62,76.6435328,1.81,64.922,14.707183,0.41003054,,,,,,,,59.57,,
FIEMIND.NS,FIEMIND,2026-09-01T04:48:57.416489,2073.6,5457.6451584,99.98,461.636,20.740149,4.491851,,22.0,,,,,,63.59,,
FILATEX.NS,FILATEX,2026-09-01T04:48:58.588943,73.9,3281.5915008,4.3,21.665,17.186047,3.4110315,,,,,,,,57.99,,
FILATFASH.NS,FILATFASH,2026-09-01T04:48:59.934199,0.18,150.013312,,2.952,,,,,,,,,,5.11,,
FINCABLES.NS,FINCABLES,2026-09-01T04:49:01.126687,1228.6,18790.1280256,52.38,397.807,23.455517,3.0884323,,,,,,,,37.33,,
FINEORG.NS,FINEORG,2026-09-01T04:49:02.386109,5345.5,16389.2903936,143.16,869.056,37.33934,6.1509266,,,,,,,,75.0,,
FINKURVE.NS,FINKURVE,2026-09-01T04:49:03.687732,70.55,988.7158272,2.07,24.878,34.082127,2.835839,3.0,,,,,,,72.7,,
FINOPB.NS,FINOPB,2026-09-01T04:49:04.875612,138.45,1152.15872,2.51,96.398,55.159363,1.436233,,,,,,,,75.0,,
FINPIPE.NS,FINPIPE,2026-09-01T04:49:05.981118,157.16,9717.4216704,9.95,100.625,15.794975,1.5618385,,,,,,,,52.47,,
FIRSTCRY.NS,FIRSTCRY,2026-09-01T04:49:07.179892,179.42,8708.3155456,,100.331,,1.7882807,,,,,,,,,,
FISCHER.NS,FISCHER,2026-09-01T04:49:08.333990,35.1,2400.6750208,0.43,5.955,81.6279,5.8942065,,,,,,,,7.07,,
FIVESTAR.NS,FIVESTAR,2026-09-01T04:49:09.507506,537.4,15863.4360832,37.43,250.026,14.357468,2.1493766,14.0,,,,,,,34.87,,
FLAIR.NS,FLAIR,2026-09-01T04:49:10.706840,248.84,2622.65856,13.24,108.319,18.794561,2.2972884,,,,,,,,78.59,,
FLEXITUFF.NS,FLEXITUFF,2026-09-01T04:49:11.932043,2.52,8.2713472,,,,,,9.0,,,,,,32.88,,
FLFL.NS,FLFL,2026-09-01T04:49:13.155626,1.16,23.4058848,,,,,,,,,,,,60.45,,
FLUOROCHEM.NS,FLUOROCHEM,2026-09-01T04:49:14.315620,4758.8,52275.4162688,55.82,696.703,85.252594,6.8304567,,,,,,,,68.37,,
FMGOETZE.NS,FMGOETZE,2026-09-01T04:49:15.528624,622.9,3465.3253632,30.7,258.214,20.289902,2.4123404,,16.0,,,,,,74.98,,
FMNL.NS,FMNL,2026-09-01T04:49:16.699393,10.19,68.0314496,1.21,18.504,8.421487,0.5506917,,-0.13,,,,,,72.73,,
FOCUS.NS,FOCUS,2026-09-01T04:49:17.864639,65.0,436.992256,2.24,21.767,29.017857,2.9861717,,,,,,,,73.36,,
FOODSIN.NS,FOODSIN,2026-09-01T04:49:19.088514,53.9,396.3351296,3.35,78.675,16.089554,0.6850969,,17.0,,,,,,43.37,,
FORCEMOT.NS,FORCEMOT,2026-09-01T04:49:20.273796,17640.0,23242.9256704,950.14,3127.617,18.565685,5.640077,,10.0,,,,,,61.06,,
FORTIS.NS,FORTIS,2026-09-01T04:49:21.459869,907.6,68519.9982592,13.9,131.074,65.29497,6.924332,,-0.0,,,,,,52.3,,
FOSECOIND.NS,FOSECOIND,2026-09-01T04:49:22.645700,6405.0,4851.5612672,127.88,1374.842,50.086018,4.658717,,,,,,,,74.98,,
FRACTAL.NS,FRACTAL,2026-09-01T04:49:23.764167,848.0,14582.6414592,19.17,191.148,44.235786,4.436353,,,,,,,,16.97,,
FRONTSP.NS,FRONTSP,2026-09-01T04:49:24.896361,1283.1,,49.54,155.284,25.900282,8.262925,,,,,,,,50.6,,
FSL.NS,FSL,2026-09-01T04:49:26.015462,258.15,17840.365568,9.53,63.511,27.088142,4.06465,,10.0,,,,,,54.89,,
FUSION.NS,FUSION,2026-09-01T04:49:27.271404,198.0,3201.983488,12.29,151.867,16.110659,1.3037723,,,,,,,,68.18,,
GABRIEL.NS,GABRIEL,2026-09-01T04:49:28.386871,1459.5,25866.7200512,17.64,95.14,82.7381,15.34055,,,,,,,,54.63,,
GAEL.NS,GAEL,2026-09-01T04:49:29.550905,173.36,7951.5148288,9.07,71.831,19.113562,2.4134426,,10.0,,,,,,66.18,,
GAIL.NS,GAIL,2026-09-01T04:49:30.712397,174.03,114426.1050368,15.03,135.549,11.578842,1.28389,,10.0,,,,,,54.97,,
GALAPREC.NS,GALAPREC,2026-09-01T04:49:31.890241,1023.2,1311.3535488,28.23,228.864,36.24513,4.4707775,,,,,,,,55.31,,
GALAXYSURF.NS,GALAXYSURF,2026-09-01T04:49:33.040609,2242.9,7952.1456128,99.63,774.178,22.512295,2.8971374,,,,,,,,70.92,,
GALLANTT.NS,GALLANTT,2026-09-01T04:49:34.269242,565.1,13634.78528,20.05,137.422,28.184538,4.1121507,,,,,,,,62.46,,
GANDHAR.NS,GANDHAR,2026-09-01T04:49:35.436129,267.8,2621.213696,30.8,138.296,8.694805,1.936426,,,,,,,,64.63,,
GANDHITUBE.NS,GANDHITUBE,2026-09-01T04:49:36.613611,893.4,1085.6597504,61.44,259.996,14.541017,3.4362068,,,,,,,,73.27,,
GANECOS.NS,GANECOS,2026-09-01T04:49:37.721583,1025.1,2743.4514432,21.1,477.043,48.582935,2.1488628,,,,,,,,45.35,,
GANESHBE.NS,GANESHBE,2026-09-01T04:49:38.898247,119.01,856.7461376,10.11,84.687,11.771514,1.4052925,,,,,,,,45.28,,
GANESHCP.NS,GANESHCP,2026-09-01T04:49:40.062805,169.6,685.4035456,11.82,92.069,14.348562,1.8420968,,,,,,,,64.08,,
GANESHHOU.NS,GANESHHOU,2026-09-01T04:49:41.209111,780.7,6510.0300288,31.82,279.608,24.534883,2.7921233,,10.0,,,,,,56.25,,
GANGAFORGE.NS,GANGAFORGE,2026-09-01T04:49:42.427929,1.77,30.0369472,,1.848,,0.95779216,,,,,,,,67.63,,
GANGESSECU.NS,GANGESSECU,2026-09-01T04:49:43.538833,118.0,118.0435072,2.89,539.67,40.83045,0.21865214,,,,,,,,56.34,,
GARFIBRES.NS,GARFIBRES,2026-09-01T04:49:44.724887,810.4,7913.4220288,21.25,136.494,38.13647,5.9372573,,20.0,,,,,,50.68,,
GARUDA.NS,GARUDA,2026-09-01T04:49:45.915423,172.4,1604.0395776,14.63,48.988,11.784005,3.5192292,,,,,,,,67.56,,
GATECH.NS,GATECH,2026-09-01T04:49:47.029591,1.05,187.6778496,0.05,0.902,20.999998,1.1640798,,20.43,,,,,,24.93,,
GATECHDVR.NS,GATECHDVR,2026-09-01T04:49:48.175655,0.54,69.790048,0.05,0.902,10.8,0.59866965,,,,,,,,42.79,,
GATEWAY.NS,GATEWAY,2026-09-01T04:49:49.373505,53.31,2663.6013568,4.9,46.168,10.879592,1.154696,,,,,,,,32.12,,
GAUDIUMIVF.NS,GAUDIUMIVF,2026-09-01T04:49:50.626713,129.98,946.08384,3.19,24.42,40.74608,5.322686,,,,,,,,71.29,,
GAYAHWS.NS,GAYAHWS,2026-09-01T04:49:51.741071,1.96,46.9717728,,,,,,,,,,,,61.15,,
GAYAPROJ.NS,GAYAPROJ,2026-09-01T04:49:52.907209,21.24,986.1710848,111.48,32.421,0.19052744,0.6551309,,3.0,,,,,,47.48,,
GCSL.NS,GCSL,2026-09-01T04:49:54.074800,562.95,1274.4820736,13.36,70.265,42.13698,8.011812,,,,,,,,73.48,,
GEECEE.NS,GEECEE,2026-09-01T04:49:55.281846,366.6,766.6239488,20.13,399.266,18.211626,0.9181849,,3.0,,,,,,68.2,,
GEEKAYWIRE.NS,GEEKAYWIRE,2026-09-01T04:49:56.444466,29.09,304.0486912,1.4,169.833,20.778572,0.17128591,,,,,,,,64.85,,
GEMAROMA.NS,GEMAROMA,2026-09-01T04:49:57.546907,168.99,882.7553792,,86.133,,1.9619658,,,,,,,,57.01,,
GENCON.NS,GENCON,2026-09-01T04:49:58.720607,46.26,263.6182528,1.5,52.701,30.839998,0.87778217,,,,,,,,57.37,,
GENESYS.NS,GENESYS,2026-09-01T04:49:59.842007,225.66,1508.8666624,5.06,172.997,44.59684,1.3044157,,,,,,,,52.21,,
GENSOL.NS,GENSOL,2026-09-01T04:50:01.835014,17.2,66.1277568,22.78,155.243,0.7550483,0.11079405,,,,,,,,70.72,,
GENUSPAPER.NS,GENUSPAPER,2026-09-01T04:50:02.986578,12.4,318.8361472,0.55,19.419,22.545454,0.6385498,,,,,,,,50.48,,
GENUSPOWER.NS,GENUSPOWER,2026-09-01T04:50:04.148906,332.6,9199.6749824,23.43,80.179,14.195476,4.1482186,,,,,,,,50.5,,
GEOJITFSL.NS,GEOJITFSL,2026-09-01T04:50:05.331715,82.47,2301.9200512,2.6,43.034,31.719233,1.9163917,,24.0,,,,,,62.74,,
GESHIP.NS,GESHIP,2026-09-01T04:50:06.506933,1313.3,18749.9429888,261.92,1188.123,5.0141263,1.1053569,,8.0,,,,,,30.22,,
GFLLIMITED.NS,GFLLIMITED,2026-09-01T04:50:07.736913,55.1,604.9979904,5.52,233.795,9.981884,0.23567656,,11.0,,,,,,68.33,,
GHCL.NS,GHCL,2026-09-01T04:50:08.950829,437.2,4007.5669504,56.02,395.146,7.8043556,1.1064265,,22.0,,,,,,18.59,,
GHCLTEXTIL.NS,GHCLTEXTIL,2026-09-01T04:50:10.202163,138.06,1319.6572672,10.07,157.188,13.71003,0.8783113,,,,,,,,19.16,,
GICHSGFIN.NS,GICHSGFIN,2026-09-01T04:50:11.313374,138.82,747.5604992,29.24,391.153,4.7476063,0.3548995,11.0,,,,,,,42.16,,
GICL.NS,GICL,2026-09-01T04:50:12.446077,23.66,264.8845568,0.59,7.028,40.101696,3.366534,,,,,,,,73.2,,
GICRE.NS,GICRE,2026-09-01T04:50:13.579092,354.55,62202.249216,50.59,562.937,7.0083017,0.6298218,,3.0,,,,,,85.78,,
GILLANDERS.NS,GILLANDERS,2026-09-01T04:50:14.811290,107.9,230.283904,8.17,120.859,13.206855,0.8927759,,,,,,,,68.74,,
GILLETTE.NS,GILLETTE,2026-09-01T04:50:15.965212,7300.0,23787.2070656,163.88,290.453,44.54479,25.133154,,,,,,,,75.0,,
GINNIFILA.NS,GINNIFILA,2026-09-01T04:50:17.067946,43.6,373.4342656,4.12,27.759,10.582524,1.5706617,,,,,,,,61.82,,
GIPCL.NS,GIPCL,2026-09-01T04:50:18.174095,199.6,3098.1101568,32.41,247.441,6.158593,0.80665696,,,,,,,,58.21,,
GKENERGY.NS,GKENERGY,2026-09-01T04:50:19.337844,132.75,2692.399104,12.0,43.743,11.0625,3.0347712,,,,,,,,79.2,,
GKSL.NS,GKSL,2026-09-01T04:50:20.451959,160.73,1267.2475136,2.01,40.567,79.96517,3.9620872,,,,,,,,71.45,,
GKWLIMITED.NS,GKWLIMITED,2026-09-01T04:50:21.622150,1518.0,905.714688,,4391.46,,0.3456709,,,,,,,,75.0,,
GLAND.NS,GLAND,2026-09-01T04:50:22.762967,2893.3,47729.803264,68.45,628.683,42.26881,4.6021605,,,,,,,,58.25,,
GLAXO.NS,GLAXO,2026-09-01T04:50:23.968399,2977.2,50435.5618816,63.06,133.845,47.212177,22.243639,,42.0,,,,,,75.0,,
GLENMARK.NS,GLENMARK,2026-09-01T04:50:25.178841,2478.2,69940.9170432,63.63,372.475,38.947037,6.653332,,16.0,,,,,,46.5,,
GLFL.NS,GLFL,2026-09-01T04:50:26.415786,5.9,16.0042032,0.01,,590.0,,,,,,,,,45.67,,
GLOBAL.NS,GLOBAL,2026-09-01T04:50:27.604873,106.82,543.7298176,5.12,26.571,20.863281,4.0201726,,,,,,,,72.49,,
GLOBALE.NS,GLOBALE,2026-09-01T04:50:28.798483,11.1,11.7885056,,9.027,,1.2296444,,,,,,,,64.8,,
GLOBALVECT.NS,GLOBALVECT,2026-09-01T04:50:29.904037,144.0,201.6,,,,,,,,,,,,75.0,,
GLOBE.NS,GLOBE,2026-09-01T04:50:31.013617,1.94,87.381248,0.16,3.325,12.125001,0.58345866,,,,,,,,73.33,,
GLOBECIVIL.NS,GLOBECIVIL,2026-09-01T04:50:32.197729,46.79,279.4252032,4.53,39.245,10.328918,1.1922538,,,,,,,,,,
GLOBUSSPR.NS,GLOBUSSPR,2026-09-01T04:50:33.037898,919.45,2892.7084544,116.62,381.481,7.8841534,2.4102118,,,,,,,,56.85,,
GLOSTERLTD.NS,GLOSTERLTD,2026-09-01T04:50:34.268221,599.9,656.4861952,11.72,994.82,51.18601,0.6030237,,,,,,,,72.52,,
GLOTTIS.NS,GLOTTIS,2026-09-01T04:50:35.434608,63.98,591.194368,4.37,30.273,14.640733,2.1134343,,,,,,,,74.23,,
GMBREW.NS,GMBREW,2026-09-01T04:50:36.549246,873.35,1995.3360896,73.81,471.951,11.832408,1.8505099,,,,,,,,74.43,,
GMDCLTD.NS,GMDCLTD,2026-09-01T04:50:37.660570,569.35,18105.3292544,30.09,222.287,18.921568,2.5613282,,16.0,,,,,,74.0,,
GMMPFAUDLR.NS,GMMPFAUDLR,2026-09-01T04:50:38.828061,1065.4,4789.7427968,15.71,267.921,67.81668,3.9765456,,20.0,,,,,,75.0,,
GMRAIRPORT.NS,GMRAIRPORT,2026-09-01T04:50:40.049639,94.05,99307.1726592,0.4,,235.125,,,2.0,,,,,,61.66,,
GMRP&UI.NS,GMRP&UI,2026-09-01T04:50:41.221610,89.76,7010.4137728,7.8,24.376,11.507692,3.6823106,,,,,,,,59.83,,
GNA.NS,GNA,2026-09-01T04:50:42.587145,533.05,2288.4261888,30.82,233.891,17.295588,2.279053,,,,,,,,70.65,,
GNFC.NS,GNFC,2026-09-01T04:50:43.757866,582.7,8562.2341632,70.59,620.096,8.254711,0.9396932,,,,,,,,41.21,,
GNRL.NS,GNRL,2026-09-01T04:50:44.918825,95.39,,1.23,13.88,77.55284,6.8724785,,8.0,,,,,,23.88,,
GOACARBON.NS,GOACARBON,2026-09-01T04:50:46.054773,371.4,339.8700544,,184.276,,2.015455,,,,,,,,60.09,,
GOCLCORP.NS,GOCLCORP,2026-09-01T04:50:47.169980,389.15,1929.1133952,54.39,634.009,7.154808,0.61379254,,4.0,,,,,,69.87,,
GOCOLORS.NS,GOCOLORS,2026-09-01T04:50:48.411665,328.7,1728.8300544,10.0,128.558,32.870003,2.5568228,,,,,,,,52.79,,
GODAVARIB.NS,GODAVARIB,2026-09-01T04:50:49.550384,233.18,1193.3213696,0.05,153.977,4663.5996,1.5143819,,,,,,,,63.31,,
GODFRYPHLP.NS,GODFRYPHLP,2026-09-01T04:50:50.763121,2096.7,32704.6955008,87.71,398.293,23.904913,5.264215,,18.0,,,,,,72.19,,
GODIGIT.NS,GODIGIT,2026-09-01T04:50:51.985134,255.05,23579.3481728,5.33,50.686,47.851784,5.0319614,,,,,,,,73.12,,
GODREJAGRO.NS,GODREJAGRO,2026-09-01T04:50:53.090806,670.0,12891.5636224,23.21,105.656,28.866869,6.3413343,,24.0,,,,,,68.79,,
GODREJCP.NS,GODREJCP,2026-09-01T04:50:54.271805,895.3,91616.4902912,18.66,123.609,47.979637,7.243,,20.0,,,,,,63.27,,
GODREJIND.NS,GODREJIND,2026-09-01T04:50:55.497716,1138.7,38357.2246528,34.91,331.839,32.61816,3.4314833,,5.0,,,,,,74.77,,
GODREJPROP.NS,GODREJPROP,2026-09-01T04:50:56.703123,1980.0,59642.8455936,53.16,635.958,37.246048,3.113413,,5.0,,,,,,74.91,,
GOKEX.NS,GOKEX,2026-09-01T04:50:57.892121,774.65,5676.1421824,13.28,294.968,58.33208,2.6262174,,8.0,,,,,,39.96,,
GOKUL.NS,GOKUL,2026-09-01T04:50:59.058688,41.85,414.2940672,2.13,36.66,19.647886,1.1415712,,12.0,,,,,,74.47,,
GOKULAGRO.NS,GOKULAGRO,2026-09-01T04:51:00.263651,237.65,7012.7353856,14.25,48.106,16.677193,4.940132,,,,,,,,74.48,,
GOLDENTOBC.NS,GOLDENTOBC,2026-09-01T04:51:01.422708,24.53,43.3705856,1.78,,13.780899,,,-1.6,,,,,,26.02,,
GOLDIAM.NS,GOLDIAM,2026-09-01T04:51:02.637050,343.3,5168.625664,13.88,73.462,24.733429,4.6731644,,8.0,,,,,,56.92,,
GOLDTECH.NS,GOLDTECH,2026-09-01T04:51:03.797424,47.85,250.605952,,43.968,,1.0882915,,2.0,,,,,,18.82,,
GOODLUCK.NS,GOODLUCK,2026-09-01T04:51:04.957450,456.95,4556.500992,20.88,165.813,21.88458,2.7558153,,16.0,,,,,,60.46,,
GOODYEAR.NS,GOODYEAR,2026-09-01T04:51:06.133837,736.2,1698.1563392,23.4,262.801,31.46154,2.8013594,,,,,,,,74.0,,
GOPAL.NS,GOPAL,2026-09-01T04:51:07.243757,273.5,3409.637376,6.74,38.372,40.578636,7.1275926,,,,,,,,81.48,,
GOYALALUM.NS,GOYALALUM,2026-09-01T04:51:08.404334,6.34,90.4925888,0.24,1.759,26.416668,3.6043208,,,,,,,,71.03,,
GPIL.NS,GPIL,2026-09-01T04:51:09.573208,241.99,15743.8083072,12.35,94.56,19.594332,2.5591161,,8.0,,,,,,67.36,,
GPPL.NS,GPPL,2026-09-01T04:51:10.853260,169.01,8173.7596928,11.56,48.709,14.620241,3.46979,,,,,,,,43.01,,
GPTHEALTH.NS,GPTHEALTH,2026-09-01T04:51:12.019465,152.74,1253.3054464,5.77,32.835,26.471405,4.651744,,,,,,,,65.57,,
GPTINFRA.NS,GPTINFRA,2026-09-01T04:51:13.135295,110.25,1393.1697152,7.79,47.68,14.15276,2.3122902,,11.0,,,,,,74.77,,
GRADIENTE.NS,GRADIENTE,2026-09-01T04:51:14.364263,2.6,86.424,,11.054,,0.23520897,,,,,,,,8.2,,
GRANDOAK.NS,GRANDOAK,2026-09-01T04:51:15.524338,36.7,,,16.103,,2.2790785,1.82,,,,,,,33.23,,
GRANULES.NS,GRANULES,2026-09-01T04:51:16.642112,824.95,20442.0071424,26.94,205.208,30.621752,4.0200677,,,,,,,,,,
GRAPHITE.NS,GRAPHITE,2026-09-01T04:51:17.482763,740.0,14457.7937408,10.93,299.886,67.70357,2.4676044,,5.0,,,,,,65.22,,
GRASIM.NS,GRASIM,2026-09-01T04:51:18.710401,3315.0,224840.777728,83.9,1525.536,39.511322,2.1730068,,9.0,,,,,,31.27,,
GRAUWEIL.NS,GRAUWEIL,2026-09-01T04:51:19.886624,71.42,3238.264832,3.54,23.813,20.17514,2.999202,,21.0,,,,,,69.02,,
GRAVISSHO.NS,GRAVISSHO,2026-09-01T04:51:21.054418,29.99,,,27.41,,,,-0.44,,,,,,74.78,,
GRAVITA.NS,GRAVITA,2026-09-01T04:51:22.204901,1793.2,13061.1150848,53.83,336.739,33.31228,5.325192,,9.0,,,,,,73.06,,
GREAVESCOT.NS,GREAVESCOT,2026-09-01T04:51:23.384907,196.52,4577.961984,4.23,61.429,46.45863,3.1991405,,21.0,,,,,,51.0,,
GREENLAM.NS,GREENLAM,2026-09-01T04:51:24.637941,244.76,6244.9946624,3.65,46.219,67.05753,5.295657,,20.0,,,,,,54.74,,
GREENPANEL.NS,GREENPANEL,2026-09-01T04:51:25.882025,161.22,1976.998912,0.55,110.569,293.12726,1.458094,,,,,,,,53.1,,
GREENPLY.NS,GREENPLY,2026-09-01T04:51:27.037404,288.0,3597.17888,7.81,72.227,36.8758,3.9874287,,15.0,,,,,,51.03,,
GREENPOWER.NS,GREENPOWER,2026-09-01T04:51:28.309265,9.2,1079.1890944,0.54,9.823,17.037037,0.9365774,,3.0,,,,,,71.52,,
GRINDWELL.NS,GRINDWELL,2026-09-01T04:51:29.595682,1980.0,21922.5604096,39.51,228.933,50.1139,8.648819,,25.0,,,,,,58.89,,
GRINFRA.NS,GRINFRA,2026-09-01T04:51:30.786670,871.0,8427.8419456,105.02,969.38,8.293658,0.8985124,,11.0,,,,,,86.54,,
GRMOVER.NS,GRMOVER,2026-09-01T04:51:32.009841,86.68,1797.7790464,5.25,65.424,16.500952,1.3241317,,,,,,,,73.62,,
GROBTEA.NS,GROBTEA,2026-09-01T04:51:33.179290,1000.0,116.2329984,65.94,798.479,15.165301,1.2523811,,,,,,,,74.93,,
GROWW.NS,GROWW,2026-09-01T04:51:34.352064,191.02,118271.50848,3.94,15.612,48.482235,12.23546,,,,,,,,27.38,,
GRPLTD.NS,GRPLTD,2026-09-01T04:51:35.490259,2013.8,1074.0263936,10.66,334.428,188.91183,6.021625,,8.0,,,,,,41.76,,
GRSE.NS,GRSE,2026-09-01T04:51:36.665364,2537.0,29061.840896,69.76,229.266,36.367546,11.065748,,,,,,,,74.5,,
GRWRHITECH.NS,GRWRHITECH,2026-09-01T04:51:37.791043,7140.5,16589.0916352,166.89,1143.369,42.785667,6.2451406,,7.0,,,,,,60.58,,
GSFC.NS,GSFC,2026-09-01T04:51:38.956254,159.44,6353.32608,17.38,306.073,9.173763,0.52092147,,12.0,,,,,,37.84,,
GSLSU.NS,GSLSU,2026-09-01T04:51:40.230047,24.69,104.640704,,63.879,,0.386512,,,,,,,,73.37,,
GSPCROP.NS,GSPCROP,2026-09-01T04:51:41.382417,640.3,2978.5956352,21.68,191.785,29.534132,3.3386343,,,,,,,,71.72,,
GSS.NS,GSS,2026-09-01T04:51:42.515021,12.23,31.5617696,,115.426,,0.105955325,,4.0,,,,,,17.19,,
GTECJAINX.NS,GTECJAINX,2026-09-01T04:51:43.692473,28.44,28.9777952,,0.476,,59.7479,,,,,,,,64.32,,
GTL.NS,GTL,2026-09-01T04:51:44.823179,7.13,112.1526144,56.52,,0.12615004,,,13.0,,,,,,30.25,,
GTLINFRA.NS,GTLINFRA,2026-09-01T04:51:45.975720,1.17,1498.665984,0.83,,1.4096385,,,,,,,,,25.56,,
GTPL.NS,GTPL,2026-09-01T04:51:47.100728,57.0,641.0393088,0.67,102.275,85.07462,0.55732095,,12.0,,,,,,73.85,,
GUFICBIO.NS,GUFICBIO,2026-09-01T04:51:48.323351,417.85,4190.3046656,7.31,66.308,57.161423,6.301653,,,,,,,,69.98,,
GUJALKALI.NS,GUJALKALI,2026-09-01T04:51:49.487115,708.5,5203.0062592,9.05,520.288,78.28729,1.3617457,,,,,,,,46.28,,
GUJAPOLLO.NS,GUJAPOLLO,2026-09-01T04:51:50.646303,336.0,435.7919744,4.45,388.23,75.50562,0.8654663,,2.8,,,,,,60.38,,
GUJENERGY.NS,GUJENERGY,2026-09-01T04:51:51.813991,253.81,23813.2363264,4.71,196.859,53.887474,1.2892984,,,,,,,,60.89,,
GUJRAFFIA.NS,GUJRAFFIA,2026-09-01T04:51:52.991926,40.05,,2.07,41.316,19.347826,0.969358,,,,,,,,34.16,,
GUJTHEM.NS,GUJTHEM,2026-09-01T04:51:54.100464,421.35,4591.251456,4.48,26.409,94.05134,15.954788,,,,,,,,74.99,,
GULFOILLUB.NS,GULFOILLUB,2026-09-01T04:51:55.282127,1132.0,5609.6858112,75.15,311.026,15.063207,3.6395671,,,,,,,,69.86,,
GULFPETRO.NS,GULFPETRO,2026-09-01T04:51:56.453019,68.0,346.6938112,7.97,69.661,8.531995,0.97615594,,,,,,,,72.27,,
GULPOLY.NS,GULPOLY,2026-09-01T04:51:57.615873,190.21,1182.7909632,23.65,115.232,8.0427065,1.6506699,,,,,,,,58.89,,
GVKPIL.NS,GVKPIL,2026-09-01T04:51:58.770326,2.12,334.792576,,,,,,0.65,,,,,,54.25,,
GVPIL.NS,GVPIL,2026-09-01T04:51:59.923995,630.7,4240.0366592,50.91,86.652,12.388529,7.2785397,,24.0,,,,,,68.58,,
GVPTECH.NS,GVPTECH,2026-09-01T04:52:01.094030,8.39,138.3332992,,4.876,,1.7206727,,,,,,,,90.98,,
GVT&D.NS,GVT&D,2026-09-01T04:52:02.257137,4303.0,110176.8163328,50.77,105.082,84.754776,40.948975,,,,,,,,,,
GYFTR.NS,GYFTR,2026-09-01T04:52:03.163183,183.99,1413.1949568,3.14,62.929,58.595543,2.9237714,,14.0,,,,,,64.44,,
HAL.NS,HAL,2026-09-01T04:52:04.415977,4791.4,320436.830208,139.51,613.676,34.344494,7.8077025,,,,,,,,89.97,,
HALDER.NS,HALDER,2026-09-01T04:52:05.603188,293.95,365.6189952,21.03,143.519,13.977651,2.048161,,0.0,,,,,,19.71,,
HALDYNGL.NS,HALDYNGL,2026-09-01T04:52:06.746129,140.0,,5.46,43.586,25.641026,3.2120407,,,,,,,,52.52,,
HALEOSLABS.NS,HALEOSLABS,2026-09-01T04:52:07.891476,1495.0,451.9814144,52.33,705.781,28.568697,2.1182208,,,,,,,,67.99,,
HAPPSTMNDS.NS,HAPPSTMNDS,2026-09-01T04:52:09.041287,373.55,5613.0342912,14.81,117.929,25.22282,3.1675837,,,,,,,,53.25,,
HAPPYFORGE.NS,HAPPYFORGE,2026-09-01T04:52:10.219240,2430.2,22935.92064,34.61,225.555,70.2167,10.774312,,,,,,,,78.6,,
HARDWYN.NS,HARDWYN,2026-09-01T04:52:11.478703,9.09,621.5812096,0.19,5.924,47.842106,1.5344362,,,,,,,,68.63,,
HARIOMPIPE.NS,HARIOMPIPE,2026-09-01T04:52:12.604127,345.6,1070.229504,22.19,208.781,15.574583,1.655323,,,,,,,,60.92,,
HARRMALAYA.NS,HARRMALAYA,2026-09-01T04:52:13.759442,194.47,358.9022464,14.69,97.028,13.238257,2.0042667,,-5.0,,,,,,50.3,,
HARSHA.NS,HARSHA,2026-09-01T04:52:14.964901,448.85,4086.5144832,16.98,153.957,26.434042,2.9154243,,,,,,,,74.61,,
HATHWAY.NS,HATHWAY,2026-09-01T04:52:16.165904,10.52,1862.1499392,0.42,23.646,25.04762,0.44489557,,-2.0,,,,,,43.48,,
HATSUN.NS,HATSUN,2026-09-01T04:52:17.383147,1209.0,26930.266112,15.88,87.119,76.1335,13.877569,,,,,,,,74.71,,
HAVELLS.NS,HAVELLS,2026-09-01T04:52:18.537205,1217.0,76374.2519296,26.0,150.743,46.807693,8.073343,,27.0,,,,,,61.61,,
HAVISHA.NS,HAVISHA,2026-09-01T04:52:19.789735,1.34,20.5737984,,0.771,,1.7380025,,,,,,,,34.5,,
HAWKINCOOK.NS,HAWKINCOOK,2026-09-01T04:52:20.914241,8130.0,4298.993664,256.78,842.022,31.661345,9.65533,,,,,,,,56.03,,
HBESD.NS,HBESD,2026-09-01T04:52:22.038202,75.95,,,84.325,13.371479,0.90068185,,,,,,,,74.57,,
HBLENGINE.NS,HBLENGINE,2026-09-01T04:52:23.177913,659.4,18278.2345216,28.18,80.581,23.399574,8.18307,,8.0,,,,,,74.24,,
HBSL.NS,HBSL,2026-09-01T04:52:24.348273,53.55,38.2221952,,110.03,,0.48668545,-2.0,,,,,,,53.22,,
HCC.NS,HCC,2026-09-01T04:52:25.547995,23.77,6226.4758272,0.69,8.121,34.449276,2.9269793,,8.0,,,,,,27.8,,
HCG.NS,HCG,2026-09-01T04:52:26.826919,716.9,10703.4755072,1.53,92.072,468.5621,7.7862983,,7.0,,,,,,24.61,,
HCL-INSYS.NS,HCL-INSYS,2026-09-01T04:52:28.005707,10.78,354.8882944,,,,,,-2.0,,,,,,58.04,,
HCLTECH.NS,HCLTECH,2026-09-01T04:52:29.225211,1335.4,361328.0960512,64.23,273.69025,20.790907,4.8792386,,40.0,,,,,,59.68,,
HDBFS.NS,HDBFS,2026-09-01T04:52:30.397461,673.95,55833.6966656,33.42,248.866,20.166069,2.7080839,15.0,,,,,,,74.12,,
HDFCAMC.NS,HDFCAMC,2026-09-01T04:52:31.519154,2534.6,108686.3179776,68.59,215.423,36.95291,11.765689,,,,,,,,82.72,,
HDFCBANK.NS,HDFCBANK,2026-09-01T04:52:32.687436,706.2,1088324.89472,45.74,393.813,15.43944,1.793237,20.0,,,,,,,26.0,,
HDFCLIFE.NS,HDFCLIFE,2026-09-01T04:52:33.923118,541.4,117594.7444224,9.13,89.802,59.299015,6.028819,,41.0,,,,,,80.93,,
HDIL.NS,HDIL,2026-09-01T04:52:35.098369,1.5,71.1006016,,,,,,44.0,,,,,,36.49,,
HEADSUP.NS,HEADSUP,2026-09-01T04:52:36.257459,6.89,15.2149168,,6.936,,0.9933679,,,,,,,,42.95,,
HEALTHX.NS,HEALTHX,2026-09-01T04:52:37.386122,301.25,958.2913536,,201.366,,1.4960321,,-6.0,,,,,,72.48,,
HECPROJECT.NS,HECPROJECT,2026-09-01T04:52:38.606934,118.8,128.7573504,11.63,60.677,10.214961,1.9579084,,,,,,,,73.41,,
HEG.NS,HEG,2026-09-01T04:52:39.713361,742.8,14334.3714304,18.65,246.553,39.82842,3.0127397,,6.0,,,,,,58.79,,
HEIDELBERG.NS,HEIDELBERG,2026-09-01T04:52:40.891302,159.54,3615.6755968,5.14,60.688,31.03891,2.6288557,,,,,,,,69.39,,
HEMIPROP.NS,HEMIPROP,2026-09-01T04:52:42.077908,127.89,3646.4603136,,15.096,,8.471781,,,,,,,,51.12,,
HERANBA.NS,HERANBA,2026-09-01T04:52:43.214495,172.89,691.7928448,,190.364,,0.9082074,,,,,,,,74.15,,
HERITGFOOD.NS,HERITGFOOD,2026-09-01T04:52:44.364408,358.1,3323.0247936,14.56,118.897,24.59478,3.0118506,,17.0,,,,,,39.9,,
HEROMOTOCO.NS,HEROMOTOCO,2026-09-01T04:52:45.547341,5642.0,112919.6683264,272.16,1080.075,20.730452,5.2237115,,50.0,,,,,,34.64,,
HESTERBIO.NS,HESTERBIO,2026-09-01T04:52:46.728833,2239.0,1904.687104,158.86,423.464,14.094171,5.2873445,,,,,,,,,,
HEXAGON.NS,HEXAGON,2026-09-01T04:52:47.563402,66.5,817.40544,1.98,21.181,33.585857,3.1396062,,,,,,,,64.29,,
HEXATRADEX.NS,HEXATRADEX,2026-09-01T04:52:48.691071,159.51,881.2082176,,835.467,,0.19092315,,8.77,,,,,,56.91,,
HEXT.NS,HEXT,2026-09-01T04:52:49.903601,551.9,33654.423552,21.78,110.065,25.339762,5.01431,,34.0,,,,,,74.55,,
HFCL.NS,HFCL,2026-09-01T04:52:51.132023,241.36,36838.0379136,3.85,33.153,62.52727,7.261183,,36.0,,,,,,38.97,,
HGINFRA.NS,HGINFRA,2026-09-01T04:52:52.392558,487.45,3176.7658496,28.65,500.99,17.013962,0.9729736,,,,,,,,73.74,,
HGM.NS,HGM,2026-09-01T04:52:53.556851,44.96,56.6269952,,16.193,,2.776508,,-0.58,,,,,,49.69,,
HGS.NS,HGS,2026-09-01T04:52:54.716821,397.5,1849.1813888,,1785.69,,0.22260304,,12.0,,,,,,67.64,,
HIKAL.NS,HIKAL,2026-09-01T04:52:55.886987,204.37,2519.8974976,,97.403,,2.0981898,,11.0,,,,,,68.77,,
HILINFRA.NS,HILINFRA,2026-09-01T04:52:57.135994,44.66,320.3043328,3.71,33.912,12.037736,1.316938,,,,,,,,70.04,,
HILTON.NS,HILTON,2026-09-01T04:52:58.256738,19.4,99.8451072,1.23,42.969,15.772357,0.45148826,,,,,,,,52.61,,
HIMATSEIDE.NS,HIMATSEIDE,2026-09-01T04:52:59.370326,69.31,871.519744,4.46,166.736,15.540358,0.41568708,,11.0,,,,,,57.22,,
HINDALCO.NS,HINDALCO,2026-09-01T04:53:00.542514,1025.4,227622.0993536,73.76,615.284,13.901844,1.6665475,,6.0,,,,,,34.7,,
HINDCOMPOS.NS,HINDCOMPOS,2026-09-01T04:53:01.757978,407.8,602.2797824,21.32,775.294,19.127579,0.525994,,,,,,,,74.97,,
HINDCON.NS,HINDCON,2026-09-01T04:53:02.929232,23.99,122.8063104,0.84,11.153,28.559525,2.1509907,,,,,,,,62.18,,
HINDCOPPER.NS,HINDCOPPER,2026-09-01T04:53:04.153357,526.95,50957.3300224,11.74,34.53,44.88501,15.260644,,,,,,,,82.88,,
HINDOILEXP.NS,HINDOILEXP,2026-09-01T04:53:05.323857,165.0,2182.0141568,1.89,105.169,87.30159,1.5689034,,-5.0,,,,,,,,
HINDPETRO.NS,HINDPETRO,2026-09-01T04:53:06.505734,362.65,77165.4811648,7.86,308.041,46.138676,1.1772784,,7.0,,,,,,51.11,,
HINDUNILVR.NS,HINDUNILVR,2026-09-01T04:53:07.676118,1983.1,465947.4333696,45.05,207.436,44.019978,9.560057,,139.0,,,,,,67.2,,
HINDWAREAP.NS,HINDWAREAP,2026-09-01T04:53:08.858779,184.95,1547.0394368,,88.096,,2.099414,,,,,,,,50.21,,
HINDZINC.NS,HINDZINC,2026-09-01T04:53:10.012658,603.65,255061.393408,40.37,53.556,14.952936,11.27138,,,,,,,,64.92,,
HIRECT.NS,HIRECT,2026-09-01T04:53:11.241823,1231.0,4231.2228864,12.01,60.689,102.49792,20.283743,,,,,,,,44.51,,
HISARMETAL.NS,HISARMETAL,2026-09-01T04:53:12.422437,158.1,85.3740032,8.81,121.732,17.945517,1.2987547,,,,,,,,53.34,,
HITECH.NS,HITECH,2026-09-01T04:53:13.575859,79.82,1618.033152,3.72,67.437,21.45699,1.1836233,,,,,,,,60.51,,
HITECHCORP.NS,HITECHCORP,2026-09-01T04:53:14.744272,334.3,574.1836288,10.22,165.587,32.71037,2.0188782,,,,,,,,74.44,,
HITECHGEAR.NS,HITECHGEAR,2026-09-01T04:53:15.910509,570.0,1072.7425024,10.47,277.799,54.441257,2.0518432,,,,,,,,55.3,,
HLEGLAS.NS,HLEGLAS,2026-09-01T04:53:17.093419,314.7,2185.7406976,5.23,77.797,60.172085,4.0451436,,,,,,,,50.25,,
HLVLTD.NS,HLVLTD,2026-09-01T04:53:18.318757,6.46,425.8819072,0.07,7.12,92.28571,0.9073034,,6.0,,,,,,63.88,,
HMAAGRO.NS,HMAAGRO,2026-09-01T04:53:19.482842,20.96,1049.6134144,4.28,18.898,4.897196,1.109112,,,,,,,,83.61,,
HMT.NS,HMT,2026-09-01T04:53:20.656989,64.27,7738.6964992,,,,,,,,,,,,93.69,,
HMVL.NS,HMVL,2026-09-01T04:53:21.876991,88.03,647.1510016,23.16,215.465,3.8009498,0.40855825,,,,,,,,74.3,,
HNDFDS.NS,HNDFDS,2026-09-01T04:53:23.103927,653.45,7917.3771264,13.2,96.179,49.503788,6.7941027,,,,,,,,60.4,,
HOMEFIRST.NS,HOMEFIRST,2026-09-01T04:53:24.340991,1166.4,12195.8162432,55.24,417.581,21.115133,2.7932305,,,,,,,,33.7,,
HONASA.NS,HONASA,2026-09-01T04:53:25.480300,482.15,15719.2585216,7.62,43.462,63.274277,11.093598,,,,,,,,35.07,,
HONAUT.NS,HONAUT,2026-09-01T04:53:26.697907,35665.0,31554.1061632,622.8,5047.434,57.265575,7.0659666,,,,,,,,75.0,,
HONDAPOWER.NS,HONDAPOWER,2026-09-01T04:53:27.807443,2004.2,2032.8742912,64.85,792.03,30.905167,2.5304596,,,,,,,,67.67,,
HPAL.NS,HPAL,2026-09-01T04:53:28.920949,34.5,316.9678336,0.2,20.573,172.5,1.6769552,,,,,,,,71.35,,
HPIL.NS,HPIL,2026-09-01T04:53:30.047895,122.35,139.7739904,3.06,47.749,39.98366,2.5623572,,,,,,,,72.37,,
HPL.NS,HPL,2026-09-01T04:53:31.227292,302.9,1947.6617216,14.17,155.565,21.376146,1.947096,,15.0,,,,,,72.15,,
HSCL.NS,HSCL,2026-09-01T04:53:32.412170,671.2,33867.0190592,15.95,93.286,42.081505,7.1950774,,3.0,,,,,,48.95,,
HTMEDIA.NS,HTMEDIA,2026-09-01T04:53:33.592948,26.57,614.617344,2.01,70.466,13.218905,0.37706125,,14.0,,,,,,69.51,,
HUBTOWN.NS,HUBTOWN,2026-09-01T04:53:34.843643,180.23,2561.0801152,6.51,185.468,27.685099,0.9717579,,12.0,,,,,,71.59,,
HUDCO.NS,HUDCO,2026-09-01T04:53:36.008322,179.49,35932.1042944,21.25,109.805,8.4465885,1.6346251,10.0,,,,,,,89.81,,
HUHTAMAKI.NS,HUHTAMAKI,2026-09-01T04:53:37.205040,260.8,1969.6119808,18.06,178.591,14.440753,1.4603199,,,,,,,,68.77,,
HYBRIDFIN.NS,HYBRIDFIN,2026-09-01T04:53:38.525826,17.15,50.4832128,0.87,15.028,19.712643,1.141203,,12.44,,,,,,63.74,,
HYUNDAI.NS,HYUNDAI,2026-09-01T04:53:39.693185,2239.6,181976.7209984,60.98,246.276,36.7268,9.093863,,,,,,,,82.5,,
IBULLSLTD.NS,IBULLSLTD,2026-09-01T04:53:40.870988,26.1,5849.5377408,1.91,13.265,13.664922,1.9675839,,3.0,,,,,,33.59,,
ICDSLTD.NS,ICDSLTD,2026-09-01T04:53:42.159290,41.8,54.4516032,0.5,,83.6,,,7.12,,,,,,52.13,,
ICEMAKE.NS,ICEMAKE,2026-09-01T04:53:43.320599,743.3,1172.9077248,7.57,84.3,98.19022,8.817319,,,,,,,,73.46,,
ICICIAMC.NS,ICICIAMC,2026-09-01T04:53:44.502479,3032.3,149874.016256,70.33,84.392,43.115314,35.931133,,,,,,,,87.59,,
ICICIBANK.NS,ICICIBANK,2026-09-01T04:53:45.690662,1443.4,1035874.1794816,77.4,530.377,18.648579,2.7214603,15.0,,,,,,,,,
ICICIGI.NS,ICICIGI,2026-09-01T04:53:46.872652,1552.0,77537.6994304,48.42,341.461,32.05287,4.545175,,,,,,,,55.92,,
ICICIPRULI.NS,ICICIPRULI,2026-09-01T04:53:48.078707,502.35,72828.3152384,11.63,94.055,43.194324,5.341024,,34.0,,,,,,80.72,,
ICIL.NS,ICIL,2026-09-01T04:53:49.341641,451.95,8951.0658048,7.61,118.922,59.38896,3.8003905,,39.0,,,,,,58.94,,
ICRA.NS,ICRA,2026-09-01T04:53:50.514996,4977.6,4790.9924864,202.41,1226.865,24.591671,4.0571704,,21.0,,,,,,50.46,,
IDBI.NS,IDBI,2026-09-01T04:53:51.701467,91.27,98137.1715584,8.67,65.7,10.527104,1.3891933,4.0,,,,,,,73.98,,
IDEA.NS,IDEA,2026-09-01T04:53:52.884130,14.41,156122.3102464,3.49,,4.1289396,,,14.0,,,,,,42.41,,
IDEAFORGE.NS,IDEAFORGE,2026-09-01T04:53:54.054477,793.9,3946.3583744,0.89,136.997,892.0225,5.7950177,,,,,,,,29.33,,
IDFCFIRSTB.NS,IDFCFIRSTB,2026-09-01T04:53:55.198500,84.51,72896.5578752,2.59,55.11,32.64479,1.5342044,,,,,,,,,,
IEX.NS,IEX,2026-09-01T04:53:56.054854,119.53,10629.8064896,5.7,15.247,20.970177,7.839575,,,,,,,,,,
IFBAGRO.NS,IFBAGRO,2026-09-01T04:53:57.308735,892.2,835.7336576,63.65,718.792,14.017282,1.2412492,,,,,,,,64.99,,
IFBIND.NS,IFBIND,2026-09-01T04:53:58.464336,1318.0,5340.3774976,39.57,245.53,33.308064,5.3679795,,,,,,,,74.96,,
IFCI.NS,IFCI,2026-09-01T04:53:59.624711,87.95,23696.4921344,0.66,33.829,133.25757,2.5998404,7.0,,,,,,,55.53,,
IFGLEXPOR.NS,IFGLEXPOR,2026-09-01T04:54:00.843936,211.37,1523.5258368,5.69,163.004,37.147625,1.2967167,,,,,,,,72.43,,
IGARASHI.NS,IGARASHI,2026-09-01T04:54:02.008952,421.55,1326.830592,5.21,148.254,80.911705,2.8434308,,,,,,,,75.0,,
IGCL.NS,IGCL,2026-09-01T04:54:03.126075,71.38,451.2928768,6.1,90.982,11.701639,0.7845507,,,,,,,,69.05,,
IGIL.NS,IGIL,2026-09-01T04:54:04.331246,340.85,14730.1629952,11.86,34.432,28.739462,9.899222,,,,,,,,76.55,,
IGL.NS,IGL,2026-09-01T04:54:05.466770,150.23,21032.22272,9.14,82.239,16.436543,1.8267488,,,,,,,,45.0,,
IGPL.NS,IGPL,2026-09-01T04:54:06.636204,544.75,1677.5494656,26.51,432.828,20.54885,1.2585831,,,,,,,,72.22,,
IIFL.NS,IIFL,2026-09-01T04:54:07.805121,637.55,27114.3354368,49.05,327.305,12.997961,1.9478774,19.0,,,,,,,29.05,,
IIFLCAPS.NS,IIFLCAPS,2026-09-01T04:54:08.977563,336.25,10585.3698048,17.33,98.596,19.40277,3.4103818,,,,,,,,29.77,,
IITL.NS,IITL,2026-09-01T04:54:10.139747,156.73,353.3877504,,191.013,,0.82052004,,1.33,,,,,,73.86,,
IKIO.NS,IKIO,2026-09-01T04:54:11.373304,211.2,1632.168448,5.96,77.914,35.43624,2.710681,,,,,,,,72.46,,
IKS.NS,IKS,2026-09-01T04:54:12.569408,1760.3,29530.3446528,45.46,167.361,38.721954,10.5179825,,,,,,,,63.72,,
IL&FSENGG.NS,IL&FSENGG,2026-09-01T04:54:13.725014,35.5,465.4798336,0.81,,43.82716,,,12.0,,,,,,42.25,,
IL&FSTRANS.NS,IL&FSTRANS,2026-09-01T04:54:14.886825,2.27,74.6739264,,,,,,,,,,,,73.22,,
IMAGICAA.NS,IMAGICAA,2026-09-01T04:54:16.102142,55.29,3128.7169024,0.25,31.596,221.16,1.749905,,,,,,,,55.22,,
IMFA.NS,IMFA,2026-09-01T04:54:17.270590,1316.1,7100.899328,97.24,503.673,13.534554,2.6130047,,7.0,,,,,,58.88,,
IMPAL.NS,IMPAL,2026-09-01T04:54:18.564039,1068.9,1333.9872256,78.36,1849.495,13.640888,0.57794154,,,,,,,,30.72,,
IMPEXFERRO.NS,IMPEXFERRO,2026-09-01T04:54:19.732734,4.46,39.8500352,,,,,,,,,,,,69.1,,
INA.NS,INA,2026-09-01T04:54:20.838874,91.94,2026.8345344,8.9,36.513,10.330338,2.5180073,,,,,,,,69.89,,
INCREDIBLE.NS,INCREDIBLE,2026-09-01T04:54:21.963307,32.65,152.6836608,2.54,35.447,12.854332,0.9210935,,,,,,,,74.96,,
INDBANK.NS,INDBANK,2026-09-01T04:54:23.074834,31.38,139.2587904,1.64,21.966,19.134146,1.4285715,,,,,,,,64.84,,
INDGN.NS,INDGN,2026-09-01T04:54:24.179826,602.3,14503.8639104,16.62,130.29,36.239468,4.6227646,,,,,,,,,,
INDHOTEL.NS,INDHOTEL,2026-09-01T04:54:25.386495,714.95,103425.0747904,15.05,91.696,47.504982,7.79696,,4.0,,,,,,38.87,,
INDIACEM.NS,INDIACEM,2026-09-01T04:54:26.576690,362.9,16869.2318208,2.99,326.698,121.37124,1.1108118,,7.0,,,,,,28.46,,
INDIAGLYCO.NS,INDIAGLYCO,2026-09-01T04:54:27.793487,1145.4,7677.2458496,36.76,437.553,31.15887,2.61774,,3.0,,,,,,61.07,,
INDIAMART.NS,INDIAMART,2026-09-01T04:54:28.955635,1766.0,106212.0128512,81.87,369.111,21.570782,4.7844687,,,,,,,,52.34,,
INDIANB.NS,INDIANB,2026-09-01T04:54:30.143354,882.9,118923.4475008,94.95,622.913,9.298579,1.4173728,7.0,,,,,,,82.1,,
INDIANCARD.NS,INDIANCARD,2026-09-01T04:54:31.313996,211.0,125.357632,10.07,577.294,20.953327,0.36549833,,-2.76,,,,,,57.35,,
INDIANHUME.NS,INDIANHUME,2026-09-01T04:54:32.482981,380.35,2003.7511168,27.1,281.76,14.035055,1.3499078,,,,,,,,69.92,,
INDIASHLTR.NS,INDIASHLTR,2026-09-01T04:54:33.592703,640.75,6982.0424192,47.37,294.058,13.526494,2.1789918,,,,,,,,,,
INDIGO.NS,INDIGO,2026-09-01T04:54:34.487985,5066.0,195885.2952064,,180.312,,28.095745,,,,,,,,85.88,,
INDIGOPNTS.NS,INDIGOPNTS,2026-09-01T04:54:35.735006,1169.3,5581.377536,33.63,242.133,34.76955,4.8291645,,,,,,,,54.0,,
INDIQUBE.NS,INDIQUBE,2026-09-01T04:54:36.888769,189.02,4007.1794688,,24.281,,7.7846875,,,,,,,,60.1,,
INDNIPPON.NS,INDNIPPON,2026-09-01T04:54:38.026669,1059.0,2395.6088832,50.74,363.076,20.871107,2.9167447,,14.0,,,,,,66.39,,
INDOAMIN.NS,INDOAMIN,2026-09-01T04:54:39.187405,122.45,888.8346624,11.03,52.231,11.1015415,2.3443933,,14.0,,,,,,73.85,,
INDOBORAX.NS,INDOBORAX,2026-09-01T04:54:40.830714,507.0,1626.9630464,17.58,120.468,28.83959,4.208586,,26.0,,,,,,55.42,,
INDOCO.NS,INDOCO,2026-09-01T04:54:42.132803,242.94,2239.2680448,0.72,111.55,337.41666,2.1778574,,21.0,,,,,,59.11,,
INDOFARM.NS,INDOFARM,2026-09-01T04:54:43.371068,137.57,661.0459136,5.19,115.529,26.506744,1.1907834,,,,,,,,69.44,,
INDOMIM.NS,INDOMIM,2026-09-01T04:54:44.512305,865.95,42819.5741696,10.77,58.237,80.4039,14.869413,,,,,,,,77.65,,
INDORAMA.NS,INDORAMA,2026-09-01T04:54:45.616773,68.16,1779.7474304,6.17,19.915,11.047002,3.422546,,,,,,,,71.87,,
INDOSTAR.NS,INDOSTAR,2026-09-01T04:54:46.777655,255.99,4138.2170624,,234.133,,1.0933529,12.0,,,,,,,60.49,,
INDOTECH.NS,INDOTECH,2026-09-01T04:54:47.954759,3765.8,3999.2795136,93.55,125.16,40.25441,30.087887,,,,,,,,74.35,,
INDOTHAI.NS,INDOTHAI,2026-09-01T04:54:49.101772,41.69,536.2092032,5.4,22.118,7.72037,1.8848901,,9.0,,,,,,65.93,,
INDOUS.NS,INDOUS,2026-09-01T04:54:50.268631,79.99,160.3959424,5.7,45.992,14.033334,1.7392155,,,,,,,,70.54,,
INDOWIND.NS,INDOWIND,2026-09-01T04:54:51.443204,9.23,148.6050048,,18.958,,0.48686567,,2.68,,,,,,46.11,,
INDPRUD.NS,INDPRUD,2026-09-01T04:54:52.645725,6375.0,,363.65,5071.543,17.530592,1.2570139,,8.0,,,,,,65.89,,
INDRAMEDCO.NS,INDRAMEDCO,2026-09-01T04:54:53.926072,360.9,3308.478464,20.5,80.784,17.604877,4.4674687,,,,,,,,51.0,,
INDSWFTLAB.NS,INDSWFTLAB,2026-09-01T04:54:55.035313,363.7,3158.2457856,6.5,165.767,55.95385,2.1940436,,1.0,,,,,,55.46,,
INDTERRAIN.NS,INDTERRAIN,2026-09-01T04:54:56.200576,30.01,152.0527744,0.08,36.784,375.125,0.8158438,,,,,,,,29.22,,
INDUSINDBK.NS,INDUSINDBK,2026-09-01T04:54:57.325832,998.2,77773.8125312,17.0,844.192,58.717648,1.1824324,13.0,,,,,,,16.8,,
INDUSTOWER.NS,INDUSTOWER,2026-09-01T04:54:58.550085,381.35,100569.7171456,27.14,156.921,14.051216,2.4302037,,15.0,,,,,,61.65,,
INFOBEAN.NS,INFOBEAN,2026-09-01T04:54:59.797197,159.84,1549.7996288,8.76,42.652,18.246574,3.747538,,25.0,,,,,,73.59,,
INFOMEDIA.NS,INFOMEDIA,2026-09-01T04:55:00.985180,5.3,26.602912,,,,,,,,,,,,50.69,,
INFY.NS,INFY,2026-09-01T04:55:02.122685,1142.0,462544.175104,77.21,226.75195,14.790831,5.03634,,36.0,,,,,,12.75,,
INGERRAND.NS,INGERRAND,2026-09-01T04:55:03.346325,4776.0,15076.876288,84.57,195.045,56.473927,24.486658,,,,,,,,74.0,,
INNOVACAP.NS,INNOVACAP,2026-09-01T04:55:04.458868,1091.5,6246.100992,26.95,190.615,40.500927,5.726202,,,,,,,,50.9,,
INNOVANA.NS,INNOVANA,2026-09-01T04:55:05.658544,307.95,636.2247168,14.05,81.451,21.91815,3.780801,,,,,,,,73.17,,
INNOVISION.NS,INNOVISION,2026-09-01T04:55:06.850817,265.35,631.8857728,16.79,54.144,15.8040495,4.9008203,,,,,,,,74.17,,
INOXGREEN.NS,INOXGREEN,2026-09-01T04:55:07.971586,164.53,6605.748224,3.15,43.615,52.231743,3.7723258,,,,,,,,56.04,,
INOXINDIA.NS,INOXINDIA,2026-09-01T04:55:09.141851,2152.0,19531.3975296,28.07,123.134,76.66191,17.476082,,,,,,,,75.0,,
INOXWIND.NS,INOXWIND,2026-09-01T04:55:10.337061,69.55,12019.8946816,2.3,42.664,30.239132,1.63018,,28.0,,,,,,85.62,,
INSECTICID.NS,INSECTICID,2026-09-01T04:55:11.522398,607.2,1766.8206592,43.03,419.417,14.111086,1.4477239,,,,,,,,68.75,,
INSPIRISYS.NS,INSPIRISYS,2026-09-01T04:55:12.703883,92.4,366.059904,9.32,25.295,9.914164,3.652896,,13.0,,,,,,75.0,,
INTELLECT.NS,INTELLECT,2026-09-01T04:55:13.910635,707.7,9859.9821312,24.88,228.501,28.444534,3.0971417,,,,,,,,29.38,,
INTENTECH.NS,INTENTECH,2026-09-01T04:55:15.089214,81.6,190.5878272,,53.014,,1.539216,,,,,,,,18.46,,
INTERARCH.NS,INTERARCH,2026-09-01T04:55:16.267706,1701.4,2861.2499456,79.77,525.272,21.328821,3.239084,,,,,,,,59.9,,
INTLCONV.NS,INTLCONV,2026-09-01T04:55:17.419264,79.93,509.8015232,21.25,66.529,3.7614117,1.2014309,,3.0,,,,,,37.39,,
INVENTURE.NS,INVENTURE,2026-09-01T04:55:18.646907,0.94,98.7,0.03,2.635,31.333334,0.35673624,,7.61,,,,,,27.59,,
INVPRECQ.NS,INVPRECQ,2026-09-01T04:55:19.821582,1290.0,,14.58,102.61,88.47736,12.571874,,9.0,,,,,,50.01,,
IOB.NS,IOB,2026-09-01T04:55:20.983015,32.35,62295.0678528,2.98,20.196,10.855704,1.6018023,21.0,,,,,,,79.56,,
IOC.NS,IOC,2026-09-01T04:55:22.246324,136.95,193390.3527936,24.44,159.422,5.6035185,0.8590408,,6.0,,,,,,57.34,,
IOLCP.NS,IOLCP,2026-09-01T04:55:23.515458,194.4,5706.1748736,5.71,61.274,34.045532,3.1726344,,,,,,,,41.19,,
IONEXCHANG.NS,IONEXCHANG,2026-09-01T04:55:24.672813,363.15,4464.2193408,8.28,112.936,43.858696,3.215538,,16.0,,,,,,44.04,,
IPCALAB.NS,IPCALAB,2026-09-01T04:55:25.850594,1981.4,50268.9562624,51.68,317.843,38.339783,6.233896,,14.0,,,,,,46.13,,
IPL.NS,IPL,2026-09-01T04:55:27.100451,137.27,1580.8494592,9.35,87.678,14.681283,1.565615,,,,,,,,66.56,,
IRB.NS,IRB,2026-09-01T04:55:28.307389,19.22,23213.91616,0.78,17.678,24.641026,1.0872271,,10.0,,,,,,57.37,,
IRCON.NS,IRCON,2026-09-01T04:55:29.493156,119.98,11284.307968,6.57,70.683,18.261797,1.6974379,,27.0,,,,,,89.18,,
IRCTC.NS,IRCTC,2026-09-01T04:55:30.673339,483.0,38639.9993856,17.43,53.857,27.710842,8.968194,,,,,,,,87.4,,
IREDA.NS,IREDA,2026-09-01T04:55:31.833695,114.67,32213.4540288,7.03,49.072,16.311522,2.3367705,9.0,,,,,,,75.0,,
IRFC.NS,IRFC,2026-09-01T04:55:32.994229,83.17,108690.7613184,5.49,43.463,15.149363,1.9135816,,,,,,,,86.36,,
IRIS.NS,IRIS,2026-09-01T04:55:34.158463,251.46,517.2091904,53.48,97.592,4.701945,2.5766456,,10.0,,,,,,39.31,,
IRISDOREME.NS,IRISDOREME,2026-09-01T04:55:35.331182,57.82,986.862592,0.85,7.492,68.02353,7.717565,,,,,,,,67.4,,
IRMENERGY.NS,IRMENERGY,2026-09-01T04:55:36.502293,285.2,1171.0220288,17.79,243.13,16.031479,1.173035,,,,,,,,50.07,,
ISFT.NS,ISFT,2026-09-01T04:55:37.706329,95.65,156.0211968,8.42,163.205,11.359858,0.58607274,,7.0,,,,,,47.52,,
ISGEC.NS,ISGEC,2026-09-01T04:55:38.919980,779.55,5731.9931904,15.07,372.202,51.7286,2.094427,,16.0,,,,,,62.27,,
ISHANCH.NS,ISHANCH,2026-09-01T04:55:40.085878,43.7,119.4212992,,54.335,,0.80426985,,,,,,,,24.59,,
ITC.NS,ITC,2026-09-01T04:55:41.193729,263.1,329658.5580544,15.84,57.869,16.609848,4.546476,,47.0,,,,,,,,
ITCHOTELS.NS,ITCHOTELS,2026-09-01T04:55:42.367893,161.54,33648.8759296,4.15,55.967,38.9253,2.8863437,,,,,,,,39.88,,
ITDC.NS,ITDC,2026-09-01T04:55:43.551605,642.25,5508.5395968,9.6,49.288,66.90104,13.030556,,11.0,,,,,,87.03,,
ITI.NS,ITI,2026-09-01T04:55:44.706240,270.3,26025.8873344,3.36,19.805,80.44643,13.648067,,,,,,,,94.86,,
IVALUE.NS,IVALUE,2026-09-01T04:55:45.879881,242.44,1324.4589056,18.95,103.949,12.793667,2.3322976,,,,,,,,32.08,,
IVC.NS,IVC,2026-09-01T04:55:47.045666,9.25,290.4802816,0.61,6.022,15.163934,1.5360346,,27.63,,,,,,50.42,,
IVP.NS,IVP,2026-09-01T04:55:48.199693,206.99,213.7433216,30.5,152.127,6.7865577,1.3606395,,,,,,,,70.86,,
IWP.NS,IWP,2026-09-01T04:55:49.379217,34.2,218.7867136,0.92,58.22,37.173912,0.587427,,,,,,,,70.16,,
IXIGO.NS,IXIGO,2026-09-01T04:55:50.529774,161.86,7138.742272,1.96,46.101,82.581635,3.5109866,,,,,,,,,,
IZMO.NS,IZMO,2026-09-01T04:55:51.729398,828.15,1240.5953536,35.97,273.324,23.023354,3.0299206,,-1.0,,,,,,29.87,,
J&KBANK.NS,J&KBANK,2026-09-01T04:55:52.896959,147.87,16283.1843328,20.91,149.799,7.071736,0.9871227,,,,,,,,,,
JAGRAN.NS,JAGRAN,2026-09-01T04:55:53.748305,61.08,1329.4323712,8.66,92.579,7.053118,0.65976083,,22.0,,,,,,60.76,,
JAGSNPHARM.NS,JAGSNPHARM,2026-09-01T04:55:54.971497,239.66,1580.7355904,6.72,39.399,35.663692,6.0828958,,,,,,,,69.17,,
JAIBALAJI.NS,JAIBALAJI,2026-09-01T04:55:56.088839,73.32,6688.6275072,1.58,24.298,46.405064,3.0175323,,-3.0,,,,,,65.13,,
JAICORPLTD.NS,JAICORPLTD,2026-09-01T04:55:57.265139,99.19,1740.8339968,9.66,85.577,10.268116,1.1590731,,4.0,,,,,,73.01,,
JAINREC.NS,JAINREC,2026-09-01T04:55:58.455937,283.35,9778.0072448,10.68,44.25,26.5309,6.40339,,,,,,,,73.59,,
JAIPURKURT.NS,JAIPURKURT,2026-09-01T04:55:59.619164,26.46,45.674208,1.01,34.287,26.198019,0.77172107,,,,,,,,51.03,,
JAMNAAUTO.NS,JAMNAAUTO,2026-09-01T04:56:00.826139,121.47,4856.9294848,5.83,28.787,20.835335,4.219613,,23.0,,,,,,47.88,,
JARO.NS,JARO,2026-09-01T04:56:01.996773,458.85,1021.876736,26.46,165.492,17.34127,2.7726417,,,,,,,,57.28,,
JASH.NS,JASH,2026-09-01T04:56:03.107919,473.65,2979.501056,13.63,82.494,34.75055,5.7416296,,17.0,,,,,,53.6,,
JAYAGROGN.NS,JAYAGROGN,2026-09-01T04:56:04.274150,229.03,687.0899712,18.12,203.199,12.639624,1.1271217,,10.0,,,,,,65.76,,
JAYBARMARU.NS,JAYBARMARU,2026-09-01T04:56:05.443095,125.43,1357.7797632,12.77,64.306,9.822239,1.9505179,,,,,,,,58.56,,
JAYKAY.NS,JAYKAY,2026-09-01T04:56:06.730506,149.98,2114.9079552,14.39,80.116,10.422515,1.8720355,,,,,,,,24.95,,
JAYNECOIND.NS,JAYNECOIND,2026-09-01T04:56:07.985717,98.35,9549.7674752,5.81,29.263,16.927711,3.3608992,,,,,,,,68.79,,
JAYSREETEA.NS,JAYSREETEA,2026-09-01T04:56:09.113398,100.15,289.2080384,,137.176,,0.730084,,2.0,,,,,,56.36,,
JBMA.NS,JBMA,2026-09-01T04:56:10.309220,620.0,14662.6445312,9.49,48.278,65.33193,12.842288,,21.0,,,,,,61.96,,
JETFREIGHT.NS,JETFREIGHT,2026-09-01T04:56:11.481329,22.13,102.6915712,1.63,15.26,13.576687,1.4501965,,,,,,,,73.36,,
JGCHEM.NS,JGCHEM,2026-09-01T04:56:12.643915,631.25,2473.6202752,19.15,133.758,32.963448,4.719344,,,,,,,,70.99,,
JHS.NS,JHS,2026-09-01T04:56:13.840325,8.09,70.7112704,,19.984,,0.40482387,,-12.0,,,,,,35.51,,
JINDALPHOT.NS,JINDALPHOT,2026-09-01T04:56:14.996615,1020.6,1050.95936,,996.009,,1.0246896,,-0.0,,,,,,72.72,,
JINDALPOLY.NS,JINDALPOLY,2026-09-01T04:56:16.194411,669.4,2931.0625792,,696.967,,0.96044725,,11.0,,,,,,74.55,,
JINDALSAW.NS,JINDALSAW,2026-09-01T04:56:17.352324,309.65,19743.9373312,10.21,197.329,30.32811,1.5692067,,6.0,,,,,,61.16,,
JINDALSTEL.NS,JINDALSTEL,2026-09-01T04:56:18.520463,1163.5,118384.7415808,26.72,500.342,43.544163,2.3254094,,5.0,,,,,,61.89,,
JINDRILL.NS,JINDRILL,2026-09-01T04:56:19.751999,614.9,1782.0481536,66.13,628.136,9.298352,0.9789282,,,,,,,,64.01,,
JINDWORLD.NS,JINDWORLD,2026-09-01T04:56:20.967754,41.77,4186.865664,0.85,8.582,49.12941,4.8659987,,12.0,,,,,,61.05,,
JIOFIN.NS,JIOFIN,2026-09-01T04:56:22.190059,238.0,157154.7643904,3.22,211.436,73.91304,1.1256361,,,,,,,,47.12,,
JISLDVREQS.NS,JISLDVREQS,2026-09-01T04:56:23.335452,21.09,1546.973184,,79.712,,0.26457748,,,,,,,,30.37,,
JISLJALEQS.NS,JISLJALEQS,2026-09-01T04:56:24.459990,28.11,2061.8973184,,79.712,,0.35264453,,9.0,,,,,,30.75,,
JITFINFRA.NS,JITFINFRA,2026-09-01T04:56:25.646370,312.4,802.9837824,,,,,,,,,,,,63.01,,
JKCEMENT.NS,JKCEMENT,2026-09-01T04:56:26.802572,5088.5,39317.946368,122.49,910.756,41.542168,5.5871167,,8.0,,,,,,64.16,,
JKIL.NS,JKIL,2026-09-01T04:56:27.975592,488.8,3698.5298944,50.33,447.924,9.711901,1.0912565,,,,,,,,43.94,,
JKIPL.NS,JKIPL,2026-09-01T04:56:29.138231,106.5,408.8109056,2.22,50.56,47.972973,2.106408,,,,,,,,74.99,,
JKLAKSHMI.NS,JKLAKSHMI,2026-09-01T04:56:30.376230,528.2,6557.3085184,29.8,312.993,17.724833,1.6875776,,8.0,,,,,,45.94,,
JKPAPER.NS,JKPAPER,2026-09-01T04:56:31.562662,392.3,7113.1348992,17.46,304.295,22.4685,1.2892094,,5.0,,,,,,54.99,,
JKTYRE.NS,JKTYRE,2026-09-01T04:56:32.730196,376.8,10862.7484672,23.04,210.234,16.354166,1.7922885,,19.0,,,,,,52.34,,
JLHL.NS,JLHL,2026-09-01T04:56:33.943418,296.65,9725.0803712,5.73,47.1,51.771378,6.2983017,,,,,,,,40.91,,
JMA.NS,JMA,2026-09-01T04:56:35.102327,91.2,208.3104,13.01,120.256,7.009992,0.75838214,,,,,,,,38.43,,
JMFINANCIL.NS,JMFINANCIL,2026-09-01T04:56:36.417924,128.2,12268.2261504,10.87,111.436,11.793928,1.1504362,,14.0,,,,,,65.32,,
JNKINDIA.NS,JNKINDIA,2026-09-01T04:56:37.669670,428.0,2394.8275712,13.43,101.528,31.86895,4.2155857,,,,,,,,67.79,,
JNPR.NS,JNPR,2026-09-01T04:56:38.821912,258.6,14714.3000064,0.72,70.02,359.16666,3.6932309,,,,,,,,85.94,,
JOCIL.NS,JOCIL,2026-09-01T04:56:39.923796,149.1,132.4179456,9.35,239.924,15.946524,0.62144685,,,,,,,,55.02,,
JPOLYINVST.NS,JPOLYINVST,2026-09-01T04:56:41.024831,1011.9,1063.7021184,769.26,1526.894,1.31542,0.6627179,,-0.0,,,,,,74.63,,
JPPOWER.NS,JPPOWER,2026-09-01T04:56:42.191198,16.7,11445.276672,0.7,13.025,23.857143,1.2821498,,6.0,,,,,,31.16,,
JSFB.NS,JSFB,2026-09-01T04:56:43.404955,532.15,5627.621376,35.98,424.582,14.790162,1.2533504,,,,,,,,22.54,,
JSL.NS,JSL,2026-09-01T04:56:44.514213,721.5,59447.9808512,39.34,54.627,18.340113,13.207755,,,,,,,,,,
JSLL.NS,JSLL,2026-09-01T04:56:45.353948,509.05,6327.5282432,18.96,37.568,26.848629,13.550096,,,,,,,,66.2,,
JSWCEMENT.NS,JSWCEMENT,2026-09-01T04:56:46.583909,125.09,16891.4649088,5.64,48.838,22.179077,2.561325,,,,,,,,72.04,,
JSWDULUX.NS,JSWDULUX,2026-09-01T04:56:47.734644,3120.1,14209.0338304,,538.336,7.2392116,5.795823,,13.0,,,,,,72.96,,
JSWENERGY.NS,JSWENERGY,2026-09-01T04:56:48.905025,517.55,94834.4651776,12.74,175.104,40.62402,2.955672,,18.0,,,,,,74.99,,
JSWHL.NS,JSWHL,2026-09-01T04:56:50.134514,11820.0,13118.353408,123.88,29744.254,95.41492,0.39738768,,,,,,,,61.42,,
JSWINFRA.NS,JSWINFRA,2026-09-01T04:56:51.268884,339.35,78565.0221056,7.1,52.166,47.795776,6.505195,,,,,,,,85.61,,
JSWSTEEL.NS,JSWSTEEL,2026-09-01T04:56:52.454159,1317.2,321525.645312,101.32,409.914,13.000395,3.2133567,,10.0,,,,,,41.62,,
JTEKTINDIA.NS,JTEKTINDIA,2026-09-01T04:56:53.688276,126.3,3503.5230208,2.64,42.748,47.840908,2.9545243,,21.0,,,,,,52.32,,
JTLIND.NS,JTLIND,2026-09-01T04:56:54.859333,91.03,3578.2221824,3.1,41.471,29.364517,2.1950278,,,,,,,,69.28,,
JUBLCPL.NS,JUBLCPL,2026-09-01T04:56:56.049219,2314.8,3507.499008,84.55,303.517,27.377882,7.626591,,,,,,,,74.77,,
JUBLFOOD.NS,JUBLFOOD,2026-09-01T04:56:57.183405,488.05,32097.8059264,5.69,34.852,85.773285,14.0035,,27.0,,,,,,44.96,,
JUBLINGREA.NS,JUBLINGREA,2026-09-01T04:56:58.396500,684.8,10800.4286464,19.41,197.83,35.280785,3.4615579,,,,,,,,50.68,,
JUBLPHARMA.NS,JUBLPHARMA,2026-09-01T04:56:59.601066,880.1,13939.654656,22.15,447.814,39.733635,1.9653249,,6.0,,,,,,54.02,,
JUNIPER.NS,JUNIPER,2026-09-01T04:57:00.820838,211.83,4713.2680192,7.45,128.917,28.433558,1.6431502,,,,,,,,77.53,,
JUSTDIAL.NS,JUSTDIAL,2026-09-01T04:57:01.968909,717.15,6099.2913408,59.18,600.447,12.118114,1.1943603,,73.0,,,,,,33.17,,
JWL.NS,JWL,2026-09-01T04:57:03.192213,242.55,10365.8692608,3.92,69.225,61.875,3.503792,,,,,,,,55.23,,
JYOTHYLAB.NS,JYOTHYLAB,2026-09-01T04:57:04.356962,203.76,7482.3622656,7.74,43.261,26.32558,4.710016,,11.0,,,,,,66.89,,
JYOTICNC.NS,JYOTICNC,2026-09-01T04:57:05.529820,993.9,22625.1866112,14.13,87.946,70.40694,11.312055,,,,,,,,62.55,,
JYOTISTRUC.NS,JYOTISTRUC,2026-09-01T04:57:06.700797,10.01,1194.8535808,0.54,3.976,18.537037,2.5176055,,15.0,,,,,,18.35,,
KABRAEXTRU.NS,KABRAEXTRU,2026-09-01T04:57:07.916339,586.35,2050.6320896,0.12,126.236,4886.25,4.644871,,,,,,,,56.18,,
KAJARIACER.NS,KAJARIACER,2026-09-01T04:57:09.148218,1245.8,19576.8827904,34.28,192.497,36.341892,6.47179,,33.0,,,,,,47.39,,
KAKATCEM.NS,KAKATCEM,2026-09-01T04:57:10.378181,115.9,90.0990144,,235.016,,0.4931579,,,,,,,,53.15,,
KALAMANDIR.NS,KALAMANDIR,2026-09-01T04:57:11.479134,86.22,1270.4514048,9.26,85.704,9.311015,1.0060207,,,,,,,,60.8,,
KALPATARU.NS,KALPATARU,2026-09-01T04:57:12.597978,276.8,5699.9235584,5.86,199.912,47.235493,1.3846091,,,,,,,,81.34,,
KALYANI.NS,KALYANI,2026-09-01T04:57:13.751697,144.99,14.499,23.38,,6.2014546,,,,,,,,,53.14,,
KALYANIFRG.NS,KALYANIFRG,2026-09-01T04:57:14.918957,1074.4,390.8667392,34.06,262.754,31.544333,4.088996,,,,,,,,58.57,,
KALYANKJIL.NS,KALYANKJIL,2026-09-01T04:57:16.024337,581.8,60085.4495232,13.86,61.161,41.976913,9.512598,,,,,,,,60.53,,
KAMAHOLD.NS,KAMAHOLD,2026-09-01T04:57:17.254355,2360.0,,340.76,2496.62,6.9256954,0.945278,,11.0,,,,,,75.0,,
KAMATHOTEL.NS,KAMATHOTEL,2026-09-01T04:57:18.465804,222.22,655.1061504,14.52,81.18,15.304407,2.7373738,,1.0,,,,,,60.9,,
KAMDHENU.NS,KAMDHENU,2026-09-01T04:57:19.638208,36.9,1040.1483776,2.98,14.099,12.382551,2.617207,,,,,,,,69.62,,
KAMOPAINTS.NS,KAMOPAINTS,2026-09-01T04:57:20.812781,4.52,148.7079936,,5.684,,0.79521465,,,,,,,,58.74,,
KANANIIND.NS,KANANIIND,2026-09-01T04:57:21.955878,1.5,29.6801984,0.12,3.803,12.5,0.39442545,,4.0,,,,,,74.83,,
KANCHI.NS,KANCHI,2026-09-01T04:57:23.100792,416.0,,17.65,493.233,23.569407,0.8434148,,,,,,,,41.67,,
KANORICHEM.NS,KANORICHEM,2026-09-01T04:57:24.289234,157.88,689.8303488,13.55,131.122,11.651661,1.2040696,,1.0,,,,,,74.43,,
KANPRPLA.NS,KANPRPLA,2026-09-01T04:57:25.516746,262.65,642.9398016,18.87,109.673,13.918918,2.3948464,,,,,,,,69.19,,
KANSAINER.NS,KANSAINER,2026-09-01T04:57:26.680089,194.24,15709.7181184,7.42,83.024,26.177898,2.3395646,,25.0,,,,,,74.99,,
KAPSTON.NS,KAPSTON,2026-09-01T04:57:27.895630,581.8,1770.5443328,10.01,38.232,58.121876,15.217619,,,,,,,,72.86,,
KARMAENG.NS,KARMAENG,2026-09-01T04:57:29.025127,38.0,43.9656896,0.76,35.286,50.0,1.0769144,,,,,,,,74.71,,
KARURVYSYA.NS,KARURVYSYA,2026-09-01T04:57:30.188374,347.5,33591.6859392,28.41,145.947,12.231608,2.3810012,,,,,,,,,,
KAUSHALYA.NS,KAUSHALYA,2026-09-01T04:57:31.055591,857.5,29.6957408,,2234.983,,0.38367185,,-0.59,,,,,,51.42,,
KAVDEFENCE.NS,KAVDEFENCE,2026-09-01T04:57:32.315653,55.99,336.6357504,,31.56,,1.7740812,,-0.42,,,,,,15.14,,
KAYA.NS,KAYA,2026-09-01T04:57:33.491472,327.0,496.6348288,,,,,,,,,,,,60.12,,
KAYNES.NS,KAYNES,2026-09-01T04:57:34.665375,3638.6,24459.575296,51.22,693.335,71.03866,5.247968,,,,,,,,63.57,,
KCP.NS,KCP,2026-09-01T04:57:35.825563,166.4,2145.2480512,13.24,138.215,12.567976,1.2039214,,13.0,,,,,,45.23,,
KCPSUGIND.NS,KCPSUGIND,2026-09-01T04:57:37.048605,33.5,382.8465664,3.37,40.52,9.940653,0.8267522,,-7.0,,,,,,40.23,,
KDDL.NS,KDDL,2026-09-01T04:57:38.262354,3959.6,4870.023168,78.74,878.354,50.28702,4.5079775,,16.0,,,,,,47.62,,
KEC.NS,KEC,2026-09-01T04:57:39.545491,418.65,11144.4631552,20.78,231.393,20.146774,1.8092595,,15.0,,,,,,50.86,,
KECL.NS,KECL,2026-09-01T04:57:40.717803,129.61,860.792832,0.3,19.849,432.03333,6.5298,,-27.0,,,,,,49.43,,
KEEPLEARN.NS,KEEPLEARN,2026-09-01T04:57:41.929359,1.92,29.89672,,0.407,,4.7174444,,,,,,,,36.85,,
KEI.NS,KEI,2026-09-01T04:57:43.042733,5437.0,51978.043392,104.47,697.176,52.043648,7.7986045,,,,,,,,46.59,,
KELLTONTEC.NS,KELLTONTEC,2026-09-01T04:57:44.223333,14.14,751.4062336,1.75,14.064,8.08,1.0054039,,27.0,,,,,,62.33,,
KENNAMET.NS,KENNAMET,2026-09-01T04:57:45.396440,4448.0,9775.9215616,89.32,364.997,49.798477,12.186401,,,,,,,,75.0,,
KERNEX.NS,KERNEX,2026-09-01T04:57:46.683197,1678.4,2820.3200512,113.58,147.911,14.777249,11.347364,,-6.0,,,,,,39.7,,
KESORAMIND.NS,KESORAMIND,2026-09-01T04:57:47.865649,11.0,341.7300224,,11.914,,0.9232836,,,,,,,,49.46,,
KEYFINSERV.NS,KEYFINSERV,2026-09-01T04:57:49.023645,257.2,143.1739136,10.19,259.697,25.240435,0.99038506,,8.01,,,,,,57.88,,
KFINTECH.NS,KFINTECH,2026-09-01T04:57:50.186236,954.4,16498.9124608,19.66,96.976,48.545273,9.841611,,,,,,,,49.42,,
KHADIM.NS,KHADIM,2026-09-01T04:57:51.382403,115.83,212.8768,1.51,90.87,76.70861,1.2746781,,,,,,,,59.7,,
KHAICHEM.NS,KHAICHEM,2026-09-01T04:57:52.548760,55.66,539.8418944,6.01,29.967,9.26123,1.8573765,,,,,,,,74.99,,
KHAITANLTD.NS,KHAITANLTD,2026-09-01T04:57:53.671233,137.0,68.7865792,14.64,70.575,9.3579235,1.9411974,,,,,,,,60.24,,
KHANDSE.NS,KHANDSE,2026-09-01T04:57:54.853579,17.5,26.6941584,,18.281,,0.957278,,,,,,,,58.64,,
KICL.NS,KICL,2026-09-01T04:57:55.991874,5165.0,2254.6804736,93.24,26096.164,55.39468,0.19792181,,,,,,,,68.66,,
KILITCH.NS,KILITCH,2026-09-01T04:57:57.185386,173.41,607.1075328,8.79,79.989,19.755404,2.1709235,,,,,,,,64.5,,
KIMS.NS,KIMS,2026-09-01T04:57:58.332234,757.75,30320.5285888,5.14,56.165,147.42218,13.491498,,,,,,,,38.84,,
KINGFA.NS,KINGFA,2026-09-01T04:57:59.499354,5967.5,8086.7868672,170.68,1032.595,34.96309,5.7791295,,,,,,,,74.99,,
KIOCL.NS,KIOCL,2026-09-01T04:58:00.612404,390.5,23732.6811136,0.66,28.568,591.6666,13.66914,,,,,,,,99.0,,
KIRANVYPAR.NS,KIRANVYPAR,2026-09-01T04:58:01.722353,201.69,,0.3,836.541,672.3,0.24109995,9.0,,,,,,,74.81,,
KIRIINDUS.NS,KIRIINDUS,2026-09-01T04:58:02.917049,527.2,3435.6570112,944.05,1052.041,0.55844504,0.50112116,,7.0,,,,,,37.68,,
KIRLFER.NS,KIRLFER,2026-09-01T04:58:04.100141,453.75,7486.529536,21.25,234.22,21.352942,1.9372811,,,,,,,,59.56,,
KIRLOSBROS.NS,KIRLOSBROS,2026-09-01T04:58:05.259033,1887.9,14991.6123136,47.1,310.296,40.082806,6.084191,,9.0,,,,,,65.44,,
KIRLOSENG.NS,KIRLOSENG,2026-09-01T04:58:06.428782,2106.4,30652.301312,37.37,249.067,56.36607,8.457162,,,,,,,,59.33,,
KIRLOSIND.NS,KIRLOSIND,2026-09-01T04:58:07.592410,3741.4,3932.0543232,144.89,5946.683,25.822348,0.6291574,,13.0,,,,,,72.8,,
KIRLPNU.NS,KIRLPNU,2026-09-01T04:58:08.754750,718.8,9337.15968,20.25,96.127,35.48889,7.4760475,,,,,,,,67.99,,
KISSHT.NS,KISSHT,2026-09-01T04:58:10.015890,305.05,5407.5990016,9.53,113.052,32.009445,2.6983156,,,,,,,,24.8,,
KITEX.NS,KITEX,2026-09-01T04:58:11.140079,125.64,2506.5179136,,52.625,,2.3874583,,,,,,,,54.24,,
KKCL.NS,KKCL,2026-09-01T04:58:12.296210,500.5,3084.3404288,23.98,136.653,20.87156,3.6625614,,,,,,,,74.21,,
KLBRENG-B.NS,KLBRENG-B,2026-09-01T04:58:13.465972,425.6,,16.97,125.516,25.079554,3.3908029,,,,,,,,57.09,,
KMEW.NS,KMEW,2026-09-01T04:58:14.615424,2963.7,7290.7022336,49.75,233.223,59.571857,12.70758,,,,,,,,,,
KMSUGAR.NS,KMSUGAR,2026-09-01T04:58:15.456756,32.05,294.860544,5.23,42.596,6.128107,0.75241804,,,,,,,,66.57,,
KNACK.NS,KNACK,2026-09-01T04:58:16.623476,195.09,2387.2221184,7.57,30.819,25.771465,6.330186,,,,,,,,70.59,,
KNAGRI.NS,KNAGRI,2026-09-01T04:58:17.735706,214.21,535.5016704,12.67,153.674,16.906868,1.3939248,,,,,,,,73.65,,
KNRCON.NS,KNRCON,2026-09-01T04:58:18.974402,120.8,3397.3139456,14.02,176.957,8.616262,0.68265176,,6.0,,,,,,57.95,,
KOHINOOR.NS,KOHINOOR,2026-09-01T04:58:20.161949,33.98,125.9690496,22.87,,1.4857892,,,-1.0,,,,,,52.2,,
KOKUYOCMLN.NS,KOKUYOCMLN,2026-09-01T04:58:21.314742,80.2,804.4365312,2.2,32.1,36.454544,2.4984424,,,,,,,,74.99,,
KOLTEPATIL.NS,KOLTEPATIL,2026-09-01T04:58:22.447586,441.55,3915.669504,5.87,136.095,75.221466,3.2444248,,15.0,,,,,,74.54,,
KOPRAN.NS,KOPRAN,2026-09-01T04:58:23.613089,224.23,1082.7080704,5.19,109.822,43.20424,2.0417585,,14.0,,,,,,44.95,,
KOTAKBANK.NS,KOTAKBANK,2026-09-01T04:58:24.778126,421.6,419393.2017664,20.38,182.201,20.686949,2.313928,15.0,,,,,,,32.08,,
KOTARISUG.NS,KOTARISUG,2026-09-01T04:58:26.009063,32.15,266.4868096,0.63,35.665,51.03175,0.901444,,12.0,,,,,,73.48,,
KOTHARIPET.NS,KOTHARIPET,2026-09-01T04:58:27.143280,132.36,778.8909568,12.22,63.259,10.831424,2.0923505,,,,,,,,70.97,,
KOTHARIPRO.NS,KOTHARIPRO,2026-09-01T04:58:28.285169,68.0,405.8765568,5.17,195.924,13.152804,0.34707338,,14.0,,,,,,75.0,,
KOTIC.NS,KOTIC,2026-09-01T04:58:29.443551,144.78,,,25.211,,5.742731,,,,,,,,48.68,,
KOTYARK.NS,KOTYARK,2026-09-01T04:58:30.607050,32.38,366.1215488,1.66,15.984,19.506025,2.025776,,,,,,,,72.22,,
KOVAI.NS,KOVAI,2026-09-01T04:58:31.728933,6036.0,6604.7492096,234.06,1205.66,25.78826,5.0063863,,,,,,,,49.78,,
KPEL.NS,KPEL,2026-09-01T04:58:32.860976,243.29,1649.4598144,26.87,78.094,9.054336,3.115348,,,,,,,,69.44,,
KPIGREEN.NS,KPIGREEN,2026-09-01T04:58:34.092258,307.45,6077.4248448,23.07,153.697,13.326832,2.0003643,,,,,,,,51.1,,
KPIL.NS,KPIL,2026-09-01T04:58:35.277888,1414.5,24155.7766144,66.54,455.375,21.257889,3.1062312,,11.0,,,,,,59.45,,
KPITTECH.NS,KPITTECH,2026-09-01T04:58:36.510440,590.55,16076.3789312,21.27,130.072,27.764456,4.5401773,,,,,,,,41.65,,
KPL.NS,KPL,2026-09-01T04:58:38.552312,3325.0,,78.22,319.573,42.50831,10.404509,,9.0,,,,,,50.14,,
KPRMILL.NS,KPRMILL,2026-09-01T04:58:39.769203,1156.0,39595.6092928,26.67,166.687,43.34458,6.935154,,17.0,,,,,,74.9,,
KRBL.NS,KRBL,2026-09-01T04:58:40.991517,423.85,9701.4980608,33.13,253.74,12.79354,1.6704106,,19.0,,,,,,58.81,,
KREBSBIO.NS,KREBSBIO,2026-09-01T04:58:42.167724,56.25,121.2782976,,,,,,,,,,,,59.77,,
KRIDHANINF.NS,KRIDHANINF,2026-09-01T04:58:43.282275,2.06,20.5133168,0.09,,22.888887,,,15.38,,,,,,64.46,,
KRISHANA.NS,KRISHANA,2026-09-01T04:58:44.441743,191.55,5921.538048,5.94,18.138,32.247475,10.560701,,,,,,,,57.25,,
KRISHIVAL.NS,KRISHIVAL,2026-09-01T04:58:45.570569,410.05,1050.8883968,9.52,85.742,43.072475,4.7823706,,,,,,,,41.88,,
KRISHNADEF.NS,KRISHNADEF,2026-09-01T04:58:46.733732,1011.0,1509.7655296,28.03,129.593,36.068497,7.8013473,,,,,,,,100.0,,
KRITI.NS,KRITI,2026-09-01T04:58:47.859599,60.51,318.863488,,43.49,,1.3913542,,18.0,,,,,,65.76,,
KRITIKA.NS,KRITIKA,2026-09-01T04:58:49.130473,5.39,143.5249152,0.24,3.786,22.458334,1.4236661,,,,,,,,72.89,,
KRITINUT.NS,KRITINUT,2026-09-01T04:58:50.291968,86.98,435.8004224,6.66,45.73,13.0600605,1.9020338,,,,,,,,66.06,,
KRN.NS,KRN,2026-09-01T04:58:51.416106,1558.4,10201.051136,15.53,92.138,100.34772,16.91376,,,,,,,,70.79,,
KRONOX.NS,KRONOX,2026-09-01T04:58:52.568212,174.5,647.4648064,7.79,31.636,22.400513,5.515868,,,,,,,,74.21,,
KROSS.NS,KROSS,2026-09-01T04:58:53.724296,211.29,1363.0195712,8.96,75.919,23.581472,2.7830977,,,,,,,,67.99,,
KRSNAA.NS,KRSNAA,2026-09-01T04:58:54.879919,555.15,1800.833024,29.67,302.215,18.71082,1.8369374,,,,,,,,27.38,,
KRYSTAL.NS,KRYSTAL,2026-09-01T04:58:56.040212,660.0,922.148864,46.64,357.254,14.150944,1.8474251,,,,,,,,69.96,,
KSB.NS,KSB,2026-09-01T04:58:57.192865,818.0,14236.4082176,14.13,97.636,57.89101,8.3780575,,17.0,,,,,,66.41,,
KSCL.NS,KSCL,2026-09-01T04:58:58.470706,769.05,3925.2979712,48.0,414.423,16.021875,1.8557127,,47.0,,,,,,54.43,,
KSHINTL.NS,KSHINTL,2026-09-01T04:58:59.637418,952.15,6451.3589248,19.18,119.365,49.642857,7.9767942,,,,,,,,74.58,,
KSHITIJPOL.NS,KSHITIJPOL,2026-09-01T04:59:00.745338,2.95,26.2551424,0.23,2.998,12.826087,0.98398936,,,,,,,,62.77,,
KSL.NS,KSL,2026-09-01T04:59:01.862677,914.7,4002.670592,60.59,482.192,15.096551,1.8969623,,18.0,,,,,,60.6,,
KSOLVES.NS,KSOLVES,2026-09-01T04:59:03.029759,276.55,655.9876096,15.65,12.404,17.670927,22.295225,,,,,,,,68.01,,
KSR.NS,KSR,2026-09-01T04:59:04.181303,29.0,53.2973088,,41.085,,0.70585376,,,,,,,,60.94,,
KTKBANK.NS,KTKBANK,2026-09-01T04:59:05.278132,336.15,12712.5733376,37.94,349.839,8.860043,0.96087056,7.0,,,,,,,,,
KUANTUM.NS,KUANTUM,2026-09-01T04:59:06.537879,71.7,625.6802304,4.14,140.76,17.31884,0.50937766,,,,,,,,70.3,,
KUSUMGAR.NS,KUSUMGAR,2026-09-01T04:59:07.667124,577.65,6064.8271872,9.35,49.384,61.78075,11.697109,,,,,,,,75.01,,
KWIL.NS,KWIL,2026-09-01T04:59:09.085832,45.12,10601.3556736,,2.86,,15.776224,,,,,,,,61.9,,
LAGNAM.NS,LAGNAM,2026-09-01T04:59:10.188733,75.5,133.4009472,10.36,76.632,7.287645,0.98522806,,,,,,,,65.98,,
LAHOTIOV.NS,LAHOTIOV,2026-09-01T04:59:11.436322,41.5,,5.42,74.438,7.6568265,0.5575109,,9.0,,,,,,59.81,,
LAKPRE.NS,LAKPRE,2026-09-01T04:59:12.621077,4.67,10.6176808,,23.595,,0.1979233,,,,,,,,63.16,,
LAL.NS,LAL,2026-09-01T04:59:13.802875,8.99,155.2901504,0.32,2.982,28.09375,3.014755,,,,,,,,55.91,,
LALPATHLAB.NS,LALPATHLAB,2026-09-01T04:59:14.951632,1884.7,31525.6700928,32.44,150.208,58.098026,12.547268,,48.0,,,,,,58.22,,
LAMBODHARA.NS,LAMBODHARA,2026-09-01T04:59:16.209254,141.01,146.334528,11.96,123.77,11.790133,1.1392906,,,,,,,,68.47,,
LANCORHOL.NS,LANCORHOL,2026-09-01T04:59:17.326207,33.19,244.114304,7.85,32.631,4.2280254,1.0171309,,16.0,,,,,,62.08,,
LANDMARK.NS,LANDMARK,2026-09-01T04:59:18.533992,512.95,2126.9426176,10.87,141.138,47.189514,3.6343863,,,,,,,,55.18,,
LANDSMILL.NS,LANDSMILL,2026-09-01T04:59:19.747148,0.69,97.3379584,0.02,1.451,34.5,0.4755341,,0.86,,,,,,45.05,,
LAOPALA.NS,LAOPALA,2026-09-01T04:59:20.907383,173.24,1922.9640704,8.39,73.906,20.64839,2.3440588,,,,,,,,65.02,,
LASA.NS,LASA,2026-09-01T04:59:22.035090,6.95,34.8203616,,9.89,,0.70273,,,,,,,,38.16,,
LASERPOWER.NS,LASERPOWER,2026-09-01T04:59:23.143693,311.2,4368.2627584,10.81,63.057,28.788158,4.9352174,,,,,,,,75.3,,
LATENTVIEW.NS,LATENTVIEW,2026-09-01T04:59:24.263424,272.15,5631.4630144,9.42,84.823,28.890657,3.2084458,,,,,,,,,,
LATTEYS.NS,LATTEYS,2026-09-01T04:59:25.105333,21.34,122.6960896,0.62,4.124,34.419353,5.1745877,,,,,,,,73.43,,
LAURUSLABS.NS,LAURUSLABS,2026-09-01T04:59:26.273154,1846.7,99779.4512896,20.16,98.175,91.60218,18.810287,,14.0,,,,,,30.64,,
LAXMICOT.NS,LAXMICOT,2026-09-01T04:59:27.513156,12.82,21.983312,4.48,34.717,2.861607,0.36927155,,,,,,,,20.23,,
LAXMIDENTL.NS,LAXMIDENTL,2026-09-01T04:59:28.690941,195.97,1078.4115712,5.61,44.179,34.932262,4.4358177,,,,,,,,41.7,,
LAXMIINDIA.NS,LAXMIINDIA,2026-09-01T04:59:29.831919,130.06,681.424384,11.16,89.055,11.654121,1.4604458,,,,,,,,60.31,,
LCCINFOTEC.NS,LCCINFOTEC,2026-09-01T04:59:30.981032,3.72,47.0927264,,2.53,,1.4703557,,-1.0,,,,,,45.92,,
LCL.NS,LCL,2026-09-01T04:59:32.137163,544.8,2851.4004992,18.31,49.366,29.784271,11.047076,,,,,,,,68.66,,
LEMERITE.NS,LEMERITE,2026-09-01T04:59:33.234033,21.3,51.8867968,0.22,9.37,96.81818,2.2732124,,,,,,,,72.74,,
LEMONTREE.NS,LEMONTREE,2026-09-01T04:59:34.359315,106.63,8443.4706432,2.98,17.578,35.78188,6.0661054,,,,,,,,30.89,,
LENSKART.NS,LENSKART,2026-09-01T04:59:35.587273,662.45,114738.0432896,3.82,50.325,173.41623,13.163438,,,,,,,,17.55,,
LEXUS.NS,LEXUS,2026-09-01T04:59:36.730796,13.57,27.3988128,0.84,8.916,16.154762,1.5219829,,,,,,,,69.99,,
LFIC.NS,LFIC,2026-09-01T04:59:37.877409,138.5,41.55,,190.821,,0.7258111,,,,,,,,47.05,,
LGBBROSLTD.NS,LGBBROSLTD,2026-09-01T04:59:38.984195,1688.4,5385.467904,99.97,675.302,16.889067,2.5002148,,21.0,,,,,,47.53,,
LGEINDIA.NS,LGEINDIA,2026-09-01T04:59:40.137476,1690.6,114753.2607488,26.89,112.933,62.870956,14.969938,,,,,,,,85.0,,
LGHL.NS,LGHL,2026-09-01T04:59:41.249548,180.43,903.8199808,,14.1,,12.796453,,,,,,,,73.55,,
LIBAS.NS,LIBAS,2026-09-01T04:59:42.365077,10.75,28.3204224,3.45,31.015,3.115942,0.3466065,,,,,,,,69.79,,
LIBERTSHOE.NS,LIBERTSHOE,2026-09-01T04:59:43.495659,242.04,412.4361472,5.03,138.131,48.11928,1.7522497,,,,,,,,,,
LICHSGFIN.NS,LICHSGFIN,2026-09-01T04:59:44.334759,536.0,29483.3750016,104.33,753.06,5.137544,0.71176267,18.0,,,,,,,40.31,,
LICI.NS,LICI,2026-09-01T04:59:45.560323,416.15,263214.7795968,47.52,139.609,8.757365,2.9808252,,,,,,,,96.5,,
LIKHITHA.NS,LIKHITHA,2026-09-01T04:59:46.714429,207.21,817.914112,8.27,104.187,25.055622,1.988828,,,,,,,,74.11,,
LINC.NS,LINC,2026-09-01T04:59:47.856256,94.75,563.8155776,5.3,43.367,17.877357,2.184841,,,,,,,,59.86,,
LINCOLN.NS,LINCOLN,2026-09-01T04:59:49.031935,607.8,1217.4068736,48.15,378.341,12.623053,1.6064873,,15.0,,,,,,33.18,,
LINDEINDIA.NS,LINDEINDIA,2026-09-01T04:59:50.242949,6396.0,54547.7885952,63.74,500.274,100.345146,12.784994,,,,,,,,75.0,,
LLOYDSENGG.NS,LLOYDSENGG,2026-09-01T04:59:51.460993,86.55,13411.4238464,1.71,11.289,50.614037,7.6667557,,,,,,,,46.12,,
LLOYDSENT.NS,LLOYDSENT,2026-09-01T04:59:52.674994,72.13,11011.018752,0.56,27.721,128.80356,2.6019983,,,,,,,,68.0,,
LLOYDSME.NS,LLOYDSME,2026-09-01T04:59:53.857346,1796.8,101086.1211648,85.62,246.469,20.98575,7.290167,,26.0,,,,,,62.84,,
LMW.NS,LMW,2026-09-01T04:59:55.014035,19101.0,20405.5986176,164.44,2683.254,116.15787,7.1185956,,26.0,,,,,,29.61,,
LODHA.NS,LODHA,2026-09-01T04:59:56.185381,1192.2,119092.0716288,41.23,233.115,28.915836,5.1142135,,,,,,,,88.5,,
LOKESHMACH.NS,LOKESHMACH,2026-09-01T04:59:57.358026,344.0,749.808896,0.94,114.474,365.95746,3.0050492,,,,,,,,53.66,,
LORDSCHLO.NS,LORDSCHLO,2026-09-01T04:59:58.464792,137.17,393.044992,12.17,84.536,11.271158,1.6226223,,,,,,,,64.94,,
LOTUSDEV.NS,LOTUSDEV,2026-09-01T04:59:59.579838,180.6,8826.3507968,5.04,39.19,35.833336,4.608319,,,,,,,,81.87,,
LOTUSEYE.NS,LOTUSEYE,2026-09-01T05:00:00.744391,109.99,228.7388416,0.08,28.234,1374.875,3.8956578,,,,,,,,53.12,,
LOVABLE.NS,LOVABLE,2026-09-01T05:00:01.851571,74.4,110.112,5.35,122.241,13.906543,0.6086338,,,,,,,,67.23,,
LOYALTEX.NS,LOYALTEX,2026-09-01T05:00:02.973745,218.0,104.9985216,,423.396,,0.5148844,,,,,,,,73.49,,
LPDC.NS,LPDC,2026-09-01T05:00:04.209261,6.83,91.619776,0.63,3.235,10.8412695,2.1112828,,,,,,,,65.16,,
LT.NS,LT,2026-09-01T05:00:05.321143,4011.4,551914.9367296,120.54,794.47,33.27858,5.0491524,,10.0,,,,,,,,
LTF.NS,LTF,2026-09-01T05:00:06.505591,311.05,77950.550016,12.67,112.086,24.550117,2.7751012,13.0,,,,,,,66.62,,
LTFOODS.NS,LTFOODS,2026-09-01T05:00:07.719363,440.55,15298.2274048,18.45,51.326,23.878048,8.583369,,13.0,,,,,,67.19,,
LTM.NS,LTM,2026-09-01T05:00:09.020807,4553.2,134984.7220224,176.25,827.55,25.83376,5.502024,,48.0,,,,,,84.28,,
LTTS.NS,LTTS,2026-09-01T05:00:10.203152,3583.6,38010.7423744,120.62,610.643,29.709833,5.868568,,,,,,,,89.77,,
LUMAXIND.NS,LUMAXIND,2026-09-01T05:00:11.380601,6496.5,6072.754176,200.34,981.526,32.427376,6.6187754,,,,,,,,73.53,,
LUMAXTECH.NS,LUMAXTECH,2026-09-01T05:00:12.554245,2114.1,14409.220096,47.45,177.561,44.554268,11.906331,,18.0,,,,,,55.64,,
LUPIN.NS,LUPIN,2026-09-01T05:00:13.732679,2160.6,98796.863488,120.74,491.017,17.894651,4.400255,,40.0,,,,,,46.69,,
LUXIND.NS,LUXIND,2026-09-01T05:00:14.983582,1207.1,3629.9526144,34.07,609.814,35.429996,1.979456,,,,,,,,73.71,,
LXCHEM.NS,LXCHEM,2026-09-01T05:00:16.183931,167.14,4645.0659328,4.54,71.644,36.81498,2.332924,,,,,,,,72.92,,
LYKALABS.NS,LYKALABS,2026-09-01T05:00:17.373139,75.36,272.446848,,25.888,,2.9110012,,10.0,,,,,,23.99,,
M&M.NS,M&M,2026-09-01T05:00:18.527309,3319.0,398532.9881088,164.43,833.025,20.184881,3.9842741,,11.0,,,,,,26.69,,
M&MFIN.NS,M&MFIN,2026-09-01T05:00:19.758796,373.25,51871.7210624,23.46,191.766,15.912191,1.9466432,16.0,,,,,,,51.85,,
MAANALU.NS,MAANALU,2026-09-01T05:00:21.000101,123.78,742.4926208,2.37,46.869,52.22785,2.640978,,,,,,,,65.32,,
MACPOWER.NS,MACPOWER,2026-09-01T05:00:22.162755,2025.9,2026.742784,33.92,175.15,59.72583,11.566658,,,,,,,,44.18,,
MADHAV.NS,MADHAV,2026-09-01T05:00:23.284442,34.4,30.77768,,138.617,,0.24816582,,,,,,,,37.93,,
MADHAVIPL.NS,MADHAVIPL,2026-09-01T05:00:24.433984,8.16,,0.97,8.9,8.412371,0.91685396,,,,,,,,73.52,,
MADHUCON.NS,MADHUCON,2026-09-01T05:00:25.589937,4.96,36.6022912,,,,,,8.0,,,,,,58.86,,
MADRASFERT.NS,MADRASFERT,2026-09-01T05:00:26.770855,65.26,1051.3470464,4.4,5.723,14.831819,11.4031105,,,,,,,,,,
MAFATIND.NS,MAFATIND,2026-09-01T05:00:27.608071,122.4,883.4701312,,106.916,14.98164,1.144824,,3.0,,,,,,74.86,,
MAGADSUGAR.NS,MAGADSUGAR,2026-09-01T05:00:28.772837,584.75,824.0080896,36.22,624.62,16.144394,0.9361692,,,,,,,,60.95,,
MAGNUM.NS,MAGNUM,2026-09-01T05:00:29.979441,19.0,129.981504,,99.607,,0.19074965,,,,,,,,53.08,,
MAHABANK.NS,MAHABANK,2026-09-01T05:00:31.098071,83.2,63993.7347584,9.79,46.399,8.498467,1.7931421,6.0,,,,,,,81.61,,
MAHAPEXLTD.NS,MAHAPEXLTD,2026-09-01T05:00:32.278145,57.7,162.62048,,325.664,,0.17717648,,,,,,,,61.27,,
MAHASTEEL.NS,MAHASTEEL,2026-09-01T05:00:33.414566,1390.0,2284.3815936,6.12,96.726,227.12419,14.37049,,,,,,,,68.81,,
MAHEPC.NS,MAHEPC,2026-09-01T05:00:34.576716,104.54,292.1971712,3.42,66.225,30.567251,1.578558,,,,,,,,54.73,,
MAHESHWARI.NS,MAHESHWARI,2026-09-01T05:00:35.784242,71.0,210.1401216,5.33,72.881,13.320826,0.97419083,,,,,,,,58.19,,
MAHLIFE.NS,MAHLIFE,2026-09-01T05:00:36.968395,365.7,7810.7803648,15.69,170.002,23.30784,2.1511512,,17.0,,,,,,50.83,,
MAHLOG.NS,MAHLOG,2026-09-01T05:00:38.276306,389.0,3861.8906624,4.23,79.474,91.96217,4.8946824,,30.0,,,,,,61.05,,
MAHSCOOTER.NS,MAHSCOOTER,2026-09-01T05:00:39.468936,13676.0,15629.7101312,243.79,24180.45,56.09746,0.5655809,,,,,,,,51.0,,
MAHSEAMLES.NS,MAHSEAMLES,2026-09-01T05:00:40.585985,655.4,8782.311424,54.99,512.908,11.91853,1.277812,,3.0,,,,,,59.8,,
MAITHANALL.NS,MAITHANALL,2026-09-01T05:00:41.761140,982.6,2860.5007872,99.79,1424.953,9.846678,0.6895666,,17.0,,,,,,70.69,,
MAJESAUT.NS,MAJESAUT,2026-09-01T05:00:42.945211,352.0,365.9912192,92.98,642.955,3.7857602,0.5474722,,-10.0,,,,,,75.0,,
MALLCOM.NS,MALLCOM,2026-09-01T05:00:44.153064,976.15,609.1175936,42.9,510.25,22.75408,1.9130819,,12.0,,,,,,74.54,,
MALUPAPER.NS,MALUPAPER,2026-09-01T05:00:45.394828,31.15,54.4330816,,,,,,,,,,,,68.49,,
MAMATA.NS,MAMATA,2026-09-01T05:00:46.512098,400.25,984.927232,3.64,75.208,109.958786,5.321907,,,,,,,,62.45,,
MANAKALUCO.NS,MANAKALUCO,2026-09-01T05:00:47.634735,38.61,253.0269696,1.34,21.56,28.813433,1.7908164,,,,,,,,64.51,,
MANAKCOAT.NS,MANAKCOAT,2026-09-01T05:00:48.788986,122.1,1302.001664,4.23,42.869,28.865248,2.848212,,,,,,,,64.53,,
MANAKSIA.NS,MANAKSIA,2026-09-01T05:00:49.958324,58.69,384.6193152,9.59,110.383,6.1199164,0.5316942,,11.0,,,,,,62.95,,
MANAKSTEEL.NS,MANAKSTEEL,2026-09-01T05:00:51.144208,104.49,684.7652352,8.56,49.768,12.206775,2.0995417,,,,,,,,64.92,,
MANALIPETC.NS,MANALIPETC,2026-09-01T05:00:52.268470,86.92,1495.0172672,10.47,74.575,8.301814,1.1655381,,,,,,,,44.82,,
MANAPPURAM.NS,MANAPPURAM,2026-09-01T05:00:53.480943,340.65,31998.4861184,16.36,170.873,20.822126,1.9935858,11.0,,,,,,,34.45,,
MANBA.NS,MANBA,2026-09-01T05:00:54.654723,129.87,652.4591616,9.73,81.39,13.34738,1.5956506,,,,,,,,74.98,,
MANCREDIT.NS,MANCREDIT,2026-09-01T05:00:55.772723,235.75,497.7622016,7.26,81.792,32.47245,2.8823113,7.0,,,,,,,41.32,,
MANGALAM.NS,MANGALAM,2026-09-01T05:00:56.929493,30.64,48.4977504,,65.122,,0.4705015,,,,,,,,50.76,,
MANGLMCEM.NS,MANGLMCEM,2026-09-01T05:00:58.096921,1106.0,3041.201152,41.77,355.414,26.478333,3.1118639,,,,,,,,13.28,,
MANINDS.NS,MANINDS,2026-09-01T05:00:59.212075,750.85,5632.0933888,27.19,287.233,27.614931,2.6140797,,,,,,,,,,
MANINFRA.NS,MANINFRA,2026-09-01T05:01:00.065102,124.79,5037.3541888,5.36,56.146,23.281715,2.2225983,,8.0,,,,,,62.04,,
MANIPALHOS.NS,MANIPALHOS,2026-09-01T05:01:01.241602,771.8,101520.8083456,5.02,71.422,153.74503,10.806194,,,,,,,,72.08,,
MANKIND.NS,MANKIND,2026-09-01T05:01:02.416321,2367.9,97793.31072,49.33,394.845,48.001213,5.9970365,,,,,,,,74.88,,
MANOMAY.NS,MANOMAY,2026-09-01T05:01:03.578884,224.28,404.797056,11.16,94.766,20.096775,2.3666716,,,,,,,,58.38,,
MANORAMA.NS,MANORAMA,2026-09-01T05:01:04.685949,1866.7,11783.0565888,42.89,114.243,43.522964,16.339731,,,,,,,,61.03,,
MANORG.NS,MANORG,2026-09-01T05:01:05.824667,513.95,440.1694208,23.85,349.39,21.549267,1.4709923,,,,,,,,46.89,,
MANUGRAPH.NS,MANUGRAPH,2026-09-01T05:01:06.977231,15.25,47.7893824,1.83,19.082,8.333333,0.7991825,,21.0,,,,,,57.51,,
MANYAVAR.NS,MANYAVAR,2026-09-01T05:01:08.132009,548.1,13317.5820288,15.89,80.943,34.49339,6.7714314,,,,,,,,84.91,,
MAPMYINDIA.NS,MAPMYINDIA,2026-09-01T05:01:09.292277,1008.3,5521.5570944,25.13,165.254,40.12336,6.1015162,,,,,,,,53.73,,
MARALOVER.NS,MARALOVER,2026-09-01T05:01:10.557231,54.5,226.2185984,5.26,26.705,10.361217,2.0408163,,,,,,,,74.95,,
MARATHON.NS,MARATHON,2026-09-01T05:01:11.690337,423.0,2852.9045504,30.6,343.511,13.823529,1.2314017,,,,,,,,75.0,,
MARICO.NS,MARICO,2026-09-01T05:01:12.848053,833.8,108075.1947776,14.51,32.431,57.463818,25.709969,,38.0,,,,,,59.72,,
MARINE.NS,MARINE,2026-09-01T05:01:14.048845,429.5,5697.972224,4.6,35.47,93.36957,12.108824,,23.0,,,,,,73.52,,
MARKOLINES.NS,MARKOLINES,2026-09-01T05:01:15.201995,173.5,382.4099584,12.14,91.727,14.291597,1.8914824,,,,,,,,73.16,,
MARKSANS.NS,MARKSANS,2026-09-01T05:01:16.355562,318.5,14433.2652544,11.41,66.712,27.91411,4.774254,,44.0,,,,,,48.25,,
MARSONS.NS,MARSONS,2026-09-01T05:01:17.604283,126.95,2182.055936,2.57,12.605,49.334633,10.058707,,,,,,,,24.18,,
MARUTI.NS,MARUTI,2026-09-01T05:01:19.186713,13415.0,421771.0313472,456.12,3408.267,29.41112,3.9360178,,19.0,,,,,,56.21,,
MASFIN.NS,MASFIN,2026-09-01T05:01:20.358795,302.1,5481.7067008,21.74,164.112,13.896045,1.840816,44.0,,,,,,,73.32,,
MASKINVEST.NS,MASKINVEST,2026-09-01T05:01:21.538834,159.0,48.5188512,0.25,195.457,636.0,0.8134782,,,,,,,,74.04,,
MASTEK.NS,MASTEK,2026-09-01T05:01:22.643603,1788.3,5544.8702976,133.86,997.283,13.35948,1.793172,,5.0,,,,,,49.22,,
MASTERTR.NS,MASTERTR,2026-09-01T05:01:23.833073,82.39,1013.5287808,11.0,67.963,7.49,1.2122773,,10.0,,,,,,71.62,,
MATRIMONY.NS,MATRIMONY,2026-09-01T05:01:25.086576,523.1,1081.4251008,21.27,99.872,24.593323,5.237704,,70.0,,,,,,50.34,,
MAWANASUG.NS,MAWANASUG,2026-09-01T05:01:26.267593,147.29,576.1522688,7.04,134.129,20.921875,1.0981219,,-34.0,,,,,,69.88,,
MAXESTATES.NS,MAXESTATES,2026-09-01T05:01:27.434896,508.05,8307.298304,0.72,148.056,705.62494,3.4314718,,,,,,,,49.51,,
MAXHEALTH.NS,MAXHEALTH,2026-09-01T05:01:28.585352,1009.2,98223.06304,14.91,110.433,67.68612,9.138573,,,,,,,,70.46,,
MAXIND.NS,MAXIND,2026-09-01T05:01:29.794493,150.37,846.8940288,,77.738,,1.9343178,,,,,,,,40.89,,
MAYURUNIQ.NS,MAYURUNIQ,2026-09-01T05:01:30.950683,771.9,3354.1062656,47.7,260.667,16.18239,2.9612496,,,,,,,,61.19,,
MAZDA.NS,MAZDA,2026-09-01T05:01:32.178705,250.0,500.6249984,14.72,148.304,16.983696,1.6857266,,,,,,,,40.5,,
MAZDOCK.NS,MAZDOCK,2026-09-01T05:01:33.294441,2480.0,100038.2398464,66.46,241.829,37.315678,10.25518,,,,,,,,84.83,,
MBAPL.NS,MBAPL,2026-09-01T05:01:34.463470,161.37,7070.179328,3.45,12.546,46.77391,12.862267,,,,,,,,60.58,,
MBEL.NS,MBEL,2026-09-01T05:01:35.570921,267.2,1527.3345024,17.56,115.841,15.216402,2.3066099,,,,,,,,70.54,,
MBLINFRA.NS,MBLINFRA,2026-09-01T05:01:36.694098,23.44,365.380992,,64.411,,0.363913,,15.0,,,,,,47.9,,
MCCHRLS-B.NS,MCCHRLS-B,2026-09-01T05:01:37.886605,695.95,,,,,,,14.0,,,,,,81.66,,
MCL.NS,MCL,2026-09-01T05:01:39.043559,57.85,157.0210944,1.65,18.486,35.060604,3.129395,,,,,,,,73.04,,
MCLEODRUSS.NS,MCLEODRUSS,2026-09-01T05:01:40.157252,49.56,517.6826368,,,,,,4.0,,,,,,49.89,,
MCLOUD.NS,MCLOUD,2026-09-01T05:01:41.363401,27.12,1597.55008,1.69,11.708,16.047337,2.316365,,,,,,,,64.16,,
MCX.NS,MCX,2026-09-01T05:01:42.570829,3325.1,84628.4849152,60.31,165.341,55.133476,20.11056,,10.0,,,,,,,,
MEDANTA.NS,MEDANTA,2026-09-01T05:01:43.758570,1492.6,40108.9757184,20.61,147.471,72.42115,10.121312,,,,,,,,33.08,,
MEDIASSIST.NS,MEDIASSIST,2026-09-01T05:01:44.917182,334.45,2498.4031232,12.68,115.058,26.376183,2.906795,,,,,,,,38.91,,
MEDICAMEQ.NS,MEDICAMEQ,2026-09-01T05:01:46.074149,268.65,364.3650048,7.39,234.322,36.35318,1.1464992,,,,,,,,,,
MEDICO.NS,MEDICO,2026-09-01T05:01:46.910165,41.99,348.4498176,1.66,9.15,25.295183,4.5890713,,,,,,,,73.34,,
MEDPLUS.NS,MEDPLUS,2026-09-01T05:01:48.072167,667.15,8011.6457472,17.52,164.554,38.079338,4.054292,,,,,,,,40.43,,
MEESHO.NS,MEESHO,2026-09-01T05:01:49.296209,204.84,94735.8007296,,9.493,,21.578005,,,,,,,,16.57,,
MEGASTAR.NS,MEGASTAR,2026-09-01T05:01:50.417055,314.9,355.6386048,8.6,90.9,36.616276,3.4642463,,,,,,,,68.07,,
MEIL.NS,MEIL,2026-09-01T05:01:51.569641,284.05,784.8336384,18.83,216.691,15.08497,1.3108528,,,,,,,,74.79,,
MENNPIS.NS,MENNPIS,2026-09-01T05:01:52.720230,73.17,,5.11,15.933,14.318982,4.5923553,,,,,,,,74.37,,
MENONBE.NS,MENONBE,2026-09-01T05:01:53.843575,289.0,1619.5560448,7.86,33.074,36.768448,8.737981,,,,,,,,74.67,,
MEP.NS,MEP,2026-09-01T05:01:55.012199,0.74,13.575008,,,,,,9.0,,,,,,69.52,,
MERCANTILE.NS,MERCANTILE,2026-09-01T05:01:56.221377,25.2,,0.66,24.09,38.181816,1.0460773,,2.67,,,,,,61.7,,
MERCURYEV.NS,MERCURYEV,2026-09-01T05:01:57.412078,38.89,738.8051968,0.24,14.574,162.04167,2.6684506,,,,,,,,42.16,,
METROBRAND.NS,METROBRAND,2026-09-01T05:01:58.544613,920.05,25079.8948352,14.89,73.156,61.78979,12.576549,,39.0,,,,,,74.27,,
METROGLOBL.NS,METROGLOBL,2026-09-01T05:01:59.705871,138.97,171.410816,18.71,330.989,7.4275794,0.4198629,,13.0,,,,,,59.31,,
METROPOLIS.NS,METROPOLIS,2026-09-01T05:02:00.990045,582.0,12068.868096,9.77,72.984,59.57011,7.9743505,,28.0,,,,,,56.9,,
MFML.NS,MFML,2026-09-01T05:02:02.159235,18.99,20.1679024,,91.989,,0.20643772,,,,,,,,64.8,,
MFSL.NS,MFSL,2026-09-01T05:02:03.273473,1539.9,52864.5750784,3.13,79.699,491.98083,19.321447,,13.0,,,,,,30.42,,
MGEL.NS,MGEL,2026-09-01T05:02:04.491848,14.2,467.9689216,1.43,7.548,9.93007,1.881293,,,,,,,,70.98,,
MGL.NS,MGL,2026-09-01T05:02:05.628863,1087.9,10742.0827648,72.44,650.7,15.0124235,1.671277,,,,,,,,65.0,,
MHLXMIRU.NS,MHLXMIRU,2026-09-01T05:02:07.163056,175.35,186.2265344,21.75,85.391,8.062069,2.0534952,,,,,,,,62.04,,
MHRIL.NS,MHRIL,2026-09-01T05:02:08.293420,209.0,4215.0449152,2.62,38.571,79.770996,5.4185786,,17.0,,,,,,67.5,,
MICEL.NS,MICEL,2026-09-01T05:02:09.481892,39.02,940.4270592,,8.957,,4.3563695,,1.0,,,,,,16.0,,
MIDHANI.NS,MIDHANI,2026-09-01T05:02:10.696677,422.5,7915.1153152,7.23,81.811,58.43707,5.1643424,,,,,,,,74.0,,
MIDWESTLTD.NS,MIDWESTLTD,2026-09-01T05:02:11.903653,1046.9,3785.6759808,30.65,277.167,34.15661,3.7771454,,,,,,,,77.13,,
MINDACORP.NS,MINDACORP,2026-09-01T05:02:13.028142,718.7,16915.3888256,20.94,112.117,34.321873,6.4102683,,16.0,,,,,,65.33,,
MINDTECK.NS,MINDTECK,2026-09-01T05:02:14.201168,173.5,554.4057344,9.74,95.002,17.813143,1.8262774,,18.0,,,,,,64.73,,
MIRZAINT.NS,MIRZAINT,2026-09-01T05:02:15.369668,31.83,439.8966784,,40.723,,0.7816222,,18.0,,,,,,70.87,,
MITCON.NS,MITCON,2026-09-01T05:02:16.526885,78.41,138.6274944,6.17,108.327,12.708266,0.72382694,,,,,,,,,,
MITTAL.NS,MITTAL,2026-09-01T05:02:17.687498,0.83,36.8437632,0.05,14.487,16.599998,0.05729274,,,,,,,,70.21,,
MKPL.NS,MKPL,2026-09-01T05:02:18.793569,4.09,154.2859264,0.13,2.011,31.46154,2.0338142,,,,,,,,64.95,,
MMFL.NS,MMFL,2026-09-01T05:02:19.949192,661.75,3195.0348288,35.17,201.986,18.815754,3.2762172,,15.0,,,,,,56.41,,
MMP.NS,MMP,2026-09-01T05:02:21.140758,386.15,980.921856,19.73,136.344,19.571718,2.8321745,,,,,,,,73.42,,
MMTC.NS,MMTC,2026-09-01T05:02:22.311050,62.89,9433.5000576,2.97,14.134,21.175083,4.4495544,,6.0,,,,,,89.93,,
MMWL.NS,MMWL,2026-09-01T05:02:23.470106,14.3,1619.8214656,0.06,0.591,238.33334,24.196278,,-27.0,,,,,,60.72,,
MOBIKWIK.NS,MOBIKWIK,2026-09-01T05:02:24.630982,191.8,1510.3659008,,68.837,,2.7862923,,,,,,,,25.18,,
MODINATUR.NS,MODINATUR,2026-09-01T05:02:25.782846,344.8,458.8045312,39.35,129.363,8.762389,2.6653678,,,,,,,,73.81,,
MODIRUBBER.NS,MODIRUBBER,2026-09-01T05:02:26.944242,131.0,328.030976,0.01,270.136,13100.0,0.48494095,,10.55,,,,,,62.69,,
MODIS.NS,MODIS,2026-09-01T05:02:28.214455,378.95,742.4085504,15.78,79.965,24.014576,4.738949,,,,,,,,70.2,,
MODISONLTD.NS,MODISONLTD,2026-09-01T05:02:29.336437,499.45,1620.7153152,31.29,84.64,15.961968,5.9008746,,,,,,,,51.65,,
MODTHREAD.NS,MODTHREAD,2026-09-01T05:02:30.558261,52.0,180.8308352,5.2,,10.0,,,,,,,,,65.1,,
MOHITIND.NS,MOHITIND,2026-09-01T05:02:31.683802,25.2,35.6770912,,70.001,,0.35999486,,,,,,,,,,
MOIL.NS,MOIL,2026-09-01T05:02:32.529309,254.3,5174.6291712,14.93,133.103,17.03282,1.9105506,,,,,,,,65.58,,
MOKSH.NS,MOKSH,2026-09-01T05:02:33.678996,10.41,87.1826752,1.25,15.46,8.328,0.6733506,,,,,,,,72.21,,
MOL.NS,MOL,2026-09-01T05:02:34.913241,66.02,1678.9823488,2.53,61.551,26.09486,1.0726064,,,,,,,,49.41,,
MOLDTECH.NS,MOLDTECH,2026-09-01T05:02:36.096950,197.5,568.9010688,6.4,44.879,30.859375,4.4007215,,29.0,,,,,,49.4,,
MOLDTKPAC.NS,MOLDTKPAC,2026-09-01T05:02:37.312018,710.95,2362.4097792,22.88,207.59,31.07299,3.4247797,,,,,,,,35.84,,
MONARCH.NS,MONARCH,2026-09-01T05:02:38.472117,375.85,2980.8037888,22.78,122.604,16.499123,3.0655608,,18.0,,,,,,65.78,,
MONEYBOXX.NS,MONEYBOXX,2026-09-01T05:02:39.628259,56.67,395.6087296,0.19,42.434,298.26315,1.3354857,,,,,,,,64.49,,
MONTECARLO.NS,MONTECARLO,2026-09-01T05:02:40.786280,536.0,1111.238656,50.56,437.627,10.601266,1.2247872,,,,,,,,64.66,,
MOREPENLAB.NS,MOREPENLAB,2026-09-01T05:02:41.959113,108.55,5948.0379392,2.56,22.167,42.402348,4.8969193,,3.0,,,,,,34.54,,
MOSCHIP.NS,MOSCHIP,2026-09-01T05:02:43.126672,218.14,4250.4695808,1.38,21.084,158.07246,10.346234,,-44.0,,,,,,64.37,,
MOTHERSON.NS,MOTHERSON,2026-09-01T05:02:44.366925,167.14,176018.9874176,4.16,38.912,40.177887,4.2953334,,25.0,,,,,,63.1,,
MOTILALOFS.NS,MOTILALOFS,2026-09-01T05:02:45.549851,1033.0,62219.9963648,32.29,214.138,31.991327,4.823992,,14.0,,,,,,70.86,,
MOTISONS.NS,MOTISONS,2026-09-01T05:02:46.722126,16.27,1850.7231232,0.68,4.809,23.926472,3.3832397,,,,,,,,66.0,,
MOTOGENFIN.NS,MOTOGENFIN,2026-09-01T05:02:47.881972,28.6,111.5907072,38.43,57.403,0.74421024,0.4982318,,,,,,,,63.08,,
MPHASIS.NS,MPHASIS,2026-09-01T05:02:49.093824,2488.2,47479.0985728,99.92,594.057,24.901922,4.188487,,16.0,,,,,,60.41,,
MPSLTD.NS,MPSLTD,2026-09-01T05:02:50.336329,2683.2,4554.8744704,110.87,351.409,24.201315,7.635547,,49.0,,,,,,67.77,,
MRF.NS,MRF,2026-09-01T05:02:51.701584,133425.0,56587.452416,5705.86,49454.97,23.383856,2.6979089,,27.0,,,,,,27.37,,
MRPL.NS,MRPL,2026-09-01T05:02:52.873510,176.03,30850.9966336,17.92,81.305,9.823103,2.1650574,,-10.0,,,,,,88.58,,
MSPL.NS,MSPL,2026-09-01T05:02:54.039879,35.22,1996.2578944,0.63,18.176,55.904766,1.9377201,,-2.0,,,,,,71.9,,
MSTCLTD.NS,MSTCLTD,2026-09-01T05:02:55.195050,745.6,5249.024,33.27,128.408,22.41058,5.8064914,,14.0,,,,,,64.75,,
MSUMI.NS,MSUMI,2026-09-01T05:02:56.409145,37.05,24570.3081984,0.94,3.26,39.414894,11.36503,,,,,,,,61.73,,
MTARTECH.NS,MTARTECH,2026-09-01T05:02:57.518454,6925.0,21301.0169856,43.38,267.49,159.63577,25.888819,,,,,,,,50.25,,
MTEDUCARE.NS,MTEDUCARE,2026-09-01T05:02:58.733518,1.86,13.4344192,,,,,,36.6,,,,,,42.78,,
MTNL.NS,MTNL,2026-09-01T05:02:59.942808,26.78,1687.1400448,,,,,,-8.0,,,,,,56.93,,
MUFIN.NS,MUFIN,2026-09-01T05:03:01.106783,136.29,2700.7522816,2.14,32.655,63.68691,4.1736336,7.0,,,,,,,64.91,,
MUFTI.NS,MUFTI,2026-09-01T05:03:02.233519,74.43,486.7282944,6.63,67.1,11.226244,1.1092399,,,,,,,,55.24,,
MUKANDLTD.NS,MUKANDLTD,2026-09-01T05:03:03.384078,137.01,1979.7336064,43.78,105.355,3.129511,1.3004602,,7.0,,,,,,71.68,,
MUKKA.NS,MUKKA,2026-09-01T05:03:04.562495,25.19,755.7000192,2.32,16.705,10.857759,1.5079318,,,,,,,,73.33,,
MUKTAARTS.NS,MUKTAARTS,2026-09-01T05:03:05.721239,56.05,126.5900416,,,,,,0.0,,,,,,70.37,,
MUNJALAU.NS,MUNJALAU,2026-09-01T05:03:06.948781,117.37,1173.6999936,5.02,44.755,23.380478,2.6225002,,,,,,,,74.81,,
MUNJALSHOW.NS,MUNJALSHOW,2026-09-01T05:03:08.098623,130.97,523.8145024,6.21,169.528,21.090178,0.7725568,,,,,,,,65.02,,
MURUDCERA.NS,MURUDCERA,2026-09-01T05:03:09.217167,30.5,184.66304,1.63,72.015,18.711657,0.4235229,,,,,,,,63.26,,
MUTHOOTCAP.NS,MUTHOOTCAP,2026-09-01T05:03:10.344358,246.22,404.9711616,14.57,407.613,16.899109,0.6040533,,,,,,,,74.93,,
MUTHOOTFIN.NS,MUTHOOTFIN,2026-09-01T05:03:11.507156,2946.1,118276.6333952,283.22,1011.32,10.402162,2.9131236,13.0,,,,,,,73.71,,
MUTHOOTMF.NS,MUTHOOTMF,2026-09-01T05:03:12.710132,199.57,3348.119552,14.62,170.136,13.650479,1.1730028,,,,,,,,55.47,,
MVELECTRO.NS,MVELECTRO,2026-09-01T05:03:13.857558,741.1,2021.922816,,30.583,,24.232416,,,,,,,,57.68,,
MVGJL.NS,MVGJL,2026-09-01T05:03:15.067460,162.9,795.7247488,24.96,170.46,6.5264425,0.9556493,,,,,,,,74.28,,
MWL.NS,MWL,2026-09-01T05:03:16.174035,37.45,1112.290304,1.75,10.09,21.4,3.7115958,,,,,,,,,,
NACLIND.NS,NACLIND,2026-09-01T05:03:17.008675,170.45,3992.6775808,0.5,29.162,340.9,5.844935,,11.0,,,,,,74.7,,
NAGREEKCAP.NS,NAGREEKCAP,2026-09-01T05:03:18.182261,22.7,28.6367328,5.36,22.622,4.2350745,1.003448,,,,,,,,53.22,,
NAGREEKEXP.NS,NAGREEKEXP,2026-09-01T05:03:19.309924,22.0,68.748352,1.02,51.926,21.568628,0.42367986,,,,,,,,52.63,,
NAHARCAP.NS,NAHARCAP,2026-09-01T05:03:20.421228,255.0,427.0272512,70.38,959.646,3.6231885,0.265723,,,,,,,,70.42,,
NAHARINDUS.NS,NAHARINDUS,2026-09-01T05:03:21.582146,138.24,597.2739584,16.71,241.421,8.272891,0.57260966,,,,,,,,68.56,,
NAHARPOLY.NS,NAHARPOLY,2026-09-01T05:03:22.750808,244.6,601.4222848,29.39,352.696,8.322559,0.69351506,,,,,,,,70.16,,
NAHARSPING.NS,NAHARSPING,2026-09-01T05:03:24.222911,302.95,1092.5984768,21.86,416.496,13.858646,0.72737795,,,,,,,,64.83,,
NAM-INDIA.NS,NAM-INDIA,2026-09-01T05:03:25.422890,1197.9,76639.4368,25.2,73.014,47.535713,16.406443,,30.0,,,,,,85.75,,
NARMADA.NS,NARMADA,2026-09-01T05:03:26.599516,13.86,105.1596992,0.47,7.821,29.48936,1.7721518,,,,,,,,68.91,,
NATCAPSUQ.NS,NATCAPSUQ,2026-09-01T05:03:27.716225,196.86,204.953984,,213.395,,0.92251456,,,,,,,,52.17,,
NATCOPHARM.NS,NATCOPHARM,2026-09-01T05:03:29.048462,841.3,15343.6291072,63.86,514.922,13.17413,1.6338397,,17.0,,,,,,48.82,,
NATHBIOGEN.NS,NATHBIOGEN,2026-09-01T05:03:30.304105,156.0,296.874624,23.08,304.355,6.759099,0.51255935,,,,,,,,51.23,,
NATIONALUM.NS,NATIONALUM,2026-09-01T05:03:31.488958,375.45,68956.3435008,36.77,117.649,10.21077,3.1912725,,,,,,,,74.58,,
NATIONSTD.NS,NATIONSTD,2026-09-01T05:03:32.795063,113.63,227.2600064,5.61,140.622,20.254902,0.80805284,,,,,,,,73.94,,
NAUKRI.NS,NAUKRI,2026-09-01T05:03:33.892453,1359.1,88034.01728,24.64,585.316,55.15828,2.3219936,,2.0,,,,,,42.43,,
NAVA.NS,NAVA,2026-09-01T05:03:35.123567,562.55,15937.7506304,26.77,309.02,21.014194,1.8204323,,7.0,,,,,,44.39,,
NAVINFLUOR.NS,NAVINFLUOR,2026-09-01T05:03:36.310446,8656.5,44414.8678656,154.17,775.549,56.149055,11.161771,,11.0,,,,,,38.68,,
NAVKARCORP.NS,NAVKARCORP,2026-09-01T05:03:37.561854,96.55,1453.2627456,2.66,130.08,36.296993,0.74223554,,,,,,,,72.86,,
NAVKARURB.NS,NAVKARURB,2026-09-01T05:03:38.733305,0.93,104.3544064,0.03,0.614,31.0,1.514658,,,,,,,,39.94,,
NAVNETEDUL.NS,NAVNETEDUL,2026-09-01T05:03:39.941902,134.41,2973.3265408,15.28,92.965,8.796467,1.4458131,,30.0,,,,,,61.78,,
NAZARA.NS,NAZARA,2026-09-01T05:03:41.168556,375.1,14429.9491328,23.55,79.198,15.927814,4.736231,,,,,,,,20.7,,
NBCC.NS,NBCC,2026-09-01T05:03:42.334440,85.76,23155.2008192,2.75,11.125,31.185455,7.708764,,35.0,,,,,,75.0,,
NBIFIN.NS,NBIFIN,2026-09-01T05:03:43.523560,1950.0,576.1957376,46.93,8928.889,41.551247,0.21839224,13.0,,,,,,,60.0,,
NCC.NS,NCC,2026-09-01T05:03:44.660654,148.22,9305.9424256,11.14,125.332,13.305206,1.182619,,12.0,,,,,,19.72,,
NCLIND.NS,NCLIND,2026-09-01T05:03:45.838139,174.11,787.54816,26.39,219.719,6.597575,0.7924213,,,,,,,,49.24,,
NDGL.NS,NDGL,2026-09-01T05:03:47.071865,2770.0,276.9999872,,,,,-20.0,,,,,,,73.58,,
NDL.NS,NDL,2026-09-01T05:03:48.206690,2.92,420.9097728,,4.517,,0.64644676,,,,,,,,58.27,,
NDLVENTURE.NS,NDLVENTURE,2026-09-01T05:03:49.320980,123.06,414.3629568,0.23,19.542,535.04346,6.297206,,17.0,,,,,,70.82,,
NDRAUTO.NS,NDRAUTO,2026-09-01T05:03:50.496328,740.8,1767.1960576,27.24,150.395,27.195301,4.9256954,,,,,,,,73.2,,
NDTV.NS,NDTV,2026-09-01T05:03:51.647171,72.72,820.4613632,,11.368,,6.3969035,,2.0,,,,,,61.45,,
NEAGI.NS,NEAGI,2026-09-01T05:03:52.805295,3370.1,,590.64,5260.878,5.7058444,0.6405965,,,,,,,,66.04,,
NECCLTD.NS,NECCLTD,2026-09-01T05:03:53.962220,16.4,171.3799936,0.78,25.938,21.02564,0.63227695,,,,,,,,74.83,,
NECLIFE.NS,NECLIFE,2026-09-01T05:03:55.144042,12.49,242.6319616,,28.976,,0.43104637,,11.0,,,,,,55.8,,
NELCAST.NS,NELCAST,2026-09-01T05:03:56.301783,119.05,1038.6358272,4.72,68.578,25.22246,1.7359794,,9.0,,,,,,74.53,,
NELCO.NS,NELCO,2026-09-01T05:03:57.477922,942.7,2151.0905856,1.71,56.459,551.28656,16.697073,,5.0,,,,,,50.1,,
NEOGEN.NS,NEOGEN,2026-09-01T05:03:58.648149,2197.8,6017.9443712,13.26,309.587,165.74661,7.0991354,,27.0,,,,,,70.01,,
NEPHROPLUS.NS,NEPHROPLUS,2026-09-01T05:03:59.825938,700.45,7043.6560896,8.52,111.27,82.21244,6.295048,,,,,,,,63.85,,
NESCO.NS,NESCO,2026-09-01T05:04:01.035146,1036.6,7303.8790656,59.13,425.392,17.530863,2.4368112,,29.0,,,,,,68.17,,
NESTLEIND.NS,NESTLEIND,2026-09-01T05:04:02.258377,1453.4,280261.2174848,19.78,26.743,73.47826,54.34693,,,,,,,,62.76,,
NETWEB.NS,NETWEB,2026-09-01T05:04:03.454638,5241.5,31158.5701888,45.78,127.358,114.49323,41.15564,,,,,,,,75.04,,
NETWORK18.NS,NETWORK18,2026-09-01T05:04:04.571055,27.99,4323.0208,,32.229,,0.86847246,,-4.0,,,,,,75.0,,
NEUEON.NS,NEUEON,2026-09-01T05:04:05.739766,12.05,681.3618176,,3.89,,3.0976863,,9.0,,,,,,37.27,,
NEULANDLAB.NS,NEULANDLAB,2026-09-01T05:04:06.893425,22875.0,29348.3708416,387.52,1461.02,59.029213,15.65687,,16.0,,,,,,51.68,,
NEWGEN.NS,NEWGEN,2026-09-01T05:04:08.111123,537.5,7587.3230848,22.17,125.911,24.244474,4.2688885,,,,,,,,66.34,,
NEXTMEDIA.NS,NEXTMEDIA,2026-09-01T05:04:09.350485,4.5,30.101808,,,,,,4.0,,,,,,60.98,,
NFL.NS,NFL,2026-09-01T05:04:10.484513,70.86,3476.2387456,7.42,57.929,9.549865,1.2232215,,,,,,,,89.71,,
NGIL.NS,NGIL,2026-09-01T05:04:11.647225,40.15,71.5280256,0.96,16.755,41.822918,2.3962998,,,,,,,,73.67,,
NGLFINE.NS,NGLFINE,2026-09-01T05:04:12.808494,2709.1,1673.688576,92.84,532.918,29.180313,5.0835214,,,,,,,,74.49,,
NH.NS,NH,2026-09-01T05:04:14.027850,1941.7,39435.894784,40.38,223.4,48.085682,8.691585,,7.0,,,,,,64.85,,
NHPC.NS,NHPC,2026-09-01T05:04:15.226085,75.52,75860.0957952,2.73,41.149,27.663002,1.8352815,,9.0,,,,,,74.5,,
NIACL.NS,NIACL,2026-09-01T05:04:16.398966,189.18,31176.8612864,4.67,233.868,40.509632,0.8089178,,1.0,,,,,,85.44,,
NIBE.NS,NIBE,2026-09-01T05:04:17.633322,1358.6,2106.0708352,,239.656,,5.6689587,,,,,,,,35.18,,
NIBL.NS,NIBL,2026-09-01T05:04:18.751806,30.66,74.2911744,,,,,,,,,,,,70.28,,
NIITLTD.NS,NIITLTD,2026-09-01T05:04:19.944967,101.22,1386.6507264,0.68,77.497,148.85294,1.306115,,-8.0,,,,,,34.18,,
NIITMTS.NS,NIITMTS,2026-09-01T05:04:21.120220,224.58,3095.036928,18.25,112.246,12.305754,2.000784,,,,,,,,34.63,,
NILAINFRA.NS,NILAINFRA,2026-09-01T05:04:22.280311,6.77,266.6629888,0.63,4.756,10.746032,1.4234651,,11.0,,,,,,61.98,,
NILASPACES.NS,NILASPACES,2026-09-01T05:04:23.449227,12.68,499.4515456,0.79,4.457,16.050632,2.844963,,,,,,,,61.9,,
NILE.NS,NILE,2026-09-01T05:04:24.672949,1482.3,,161.09,1050.127,9.201689,1.4115436,,,,,,,,50.43,,
NILKAMAL.NS,NILKAMAL,2026-09-01T05:04:25.796557,2047.0,3064.828928,83.5,1057.049,24.51497,1.9365233,,,,,,,,,,
NIMBSPROJ.NS,NIMBSPROJ,2026-09-01T05:04:26.636688,173.91,335.9721472,,424.886,,0.4093098,,-3.0,,,,,,74.75,,
NINSYS.NS,NINSYS,2026-09-01T05:04:28.017982,714.65,1327.5338752,18.07,49.367,39.548977,14.47627,,,,,,,,46.62,,
NIPPOBATRY.NS,NIPPOBATRY,2026-09-01T05:04:29.185731,332.75,249.562496,,403.351,,0.82496387,,,,,,,,74.85,,
NIRAJ.NS,NIRAJ,2026-09-01T05:04:30.356045,29.62,176.8146432,3.97,44.703,7.4609575,0.6625954,,,,,,,,27.48,,
NIRAJISPAT.NS,NIRAJISPAT,2026-09-01T05:04:31.524389,390.6,23.436,25.57,,15.275714,,,,,,,,,74.59,,
NIRLON.NS,NIRLON,2026-09-01T05:04:32.634636,650.0,5857.6723968,39.59,51.98,16.418287,12.504809,,,,,,,,71.59,,
NITCO.NS,NITCO,2026-09-01T05:04:33.870987,94.57,2275.0337024,,16.05,,5.892212,,-5.0,,,,,,69.54,,
NITINSPIN.NS,NITINSPIN,2026-09-01T05:04:35.107341,628.55,3533.7080832,37.71,261.514,16.667994,2.4035041,,,,,,,,64.28,,
NITIRAJ.NS,NITIRAJ,2026-09-01T05:04:36.226063,208.6,213.8358656,2.34,80.088,89.1453,2.604635,,,,,,,,66.56,,
NITTAGELA.NS,NITTAGELA,2026-09-01T05:04:37.390785,1617.9,1468.9173504,114.44,563.106,14.137539,2.8731713,,6.0,,,,,,74.48,,
NIVABUPA.NS,NIVABUPA,2026-09-01T05:04:38.546825,80.36,14863.745024,1.06,20.877,75.811325,3.849212,,,,,,,,55.98,,
NKIND.NS,NKIND,2026-09-01T05:04:39.661023,56.89,34.19032,,,,,,,,,,,,62.73,,
NLCINDIA.NS,NLCINDIA,2026-09-01T05:04:40.927120,271.75,37681.8499584,23.76,155.242,11.437289,1.7504927,,10.0,,,,,,90.0,,
NMDC.NS,NMDC,2026-09-01T05:04:42.180830,86.34,75908.54656,8.49,38.814,10.169611,2.224455,,32.0,,,,,,74.94,,
NOCIL.NS,NOCIL,2026-09-01T05:04:43.354770,171.59,2865.9806208,3.94,106.175,43.55076,1.6161054,,19.0,,,,,,36.97,,
NOIDATOLL.NS,NOIDATOLL,2026-09-01T05:04:44.526564,4.25,79.1328768,1.53,,2.777778,,,18.0,,,,,,26.37,,
NORBTEAEXP.NS,NORBTEAEXP,2026-09-01T05:04:45.693634,67.0,104.145472,,12.107,,5.5339885,,,,,,,,48.53,,
NORTHARC.NS,NORTHARC,2026-09-01T05:04:46.807798,305.05,4931.2096256,26.83,241.104,11.369735,1.2652216,13.0,,,,,,,,,
NOVAAGRI.NS,NOVAAGRI,2026-09-01T05:04:47.952137,24.3,218.7481344,1.43,21.108,16.993008,1.1512222,,,,,,,,59.38,,
NOVARTIND.NS,NOVARTIND,2026-09-01T05:04:49.139945,1602.0,3955.4654208,39.54,331.343,40.515934,4.8348694,,,,,,,,73.4,,
NPST.NS,NPST,2026-09-01T05:04:50.247422,1693.4,3533.02528,22.11,147.936,76.589775,11.446841,,,,,,,,67.55,,
NRAIL.NS,NRAIL,2026-09-01T05:04:51.414218,498.9,849.08288,36.52,479.106,13.661007,1.0413145,,,,,,,,73.22,,
NRBBEARING.NS,NRBBEARING,2026-09-01T05:04:52.539815,461.5,4472.9778176,15.22,99.319,30.321945,4.6466436,,17.0,,,,,,54.66,,
NRL.NS,NRL,2026-09-01T05:04:53.696788,120.5,832.281344,2.48,19.419,48.58871,6.2052627,,,,,,,,72.53,,
NSIL.NS,NSIL,2026-09-01T05:04:54.809733,5700.0,2927.612928,108.02,29563.97,52.76801,0.19280225,,4.0,,,,,,55.61,,
NSLNISP.NS,NSLNISP,2026-09-01T05:04:55.966153,46.29,13565.7742336,0.28,45.041,165.32143,1.0277303,,,,,,,,60.79,,
NTPC.NS,NTPC,2026-09-01T05:04:57.104937,325.7,315820.4481536,32.71,209.444,9.9572,1.5550697,,8.0,,,,,,69.74,,
NTPCGREEN.NS,NTPCGREEN,2026-09-01T05:04:58.355040,89.54,75449.3554688,0.62,22.136,144.41936,4.044995,,,,,,,,89.01,,
NUCLEUS.NS,NUCLEUS,2026-09-01T05:04:59.487660,740.85,1950.3101952,40.02,344.595,18.511993,2.149915,,19.0,,,,,,60.62,,
NURECA.NS,NURECA,2026-09-01T05:05:00.655566,326.1,326.050688,4.5,189.438,72.46667,1.7214075,,,,,,,,,,
NUVAMA.NS,NUVAMA,2026-09-01T05:05:01.511163,1763.5,32486.8866048,58.3,226.449,30.248714,7.7876253,,,,,,,,55.81,,
NUVOCO.NS,NUVOCO,2026-09-01T05:05:02.842977,312.65,11166.4873472,10.82,286.392,28.895563,1.0916855,,,,,,,,71.42,,
NYKAA.NS,NYKAA,2026-09-01T05:05:04.017585,340.05,97427.3773568,0.91,5.022,373.6813,67.71207,,,,,,,,52.43,,
OAL.NS,OAL,2026-09-01T05:05:05.240102,453.95,1527.7041664,1.56,197.462,290.99362,2.2989233,,,,,,,,57.66,,
OBCL.NS,OBCL,2026-09-01T05:05:06.451079,57.97,122.2169344,,39.84,,1.4550703,,,,,,,,63.26,,
OBEROIRLTY.NS,OBEROIRLTY,2026-09-01T05:05:07.592693,1869.1,67960.8909824,72.37,492.891,25.827,3.7921164,,10.0,,,,,,72.5,,
OCCLLTD.NS,OCCLLTD,2026-09-01T05:05:08.766147,164.0,819.1875584,14.99,,10.940627,,,,,,,,,51.76,,
ODIGMA.NS,ODIGMA,2026-09-01T05:05:09.876919,23.11,72.2382784,,16.464,,1.4036686,,,,,,,,27.43,,
OFSS.NS,OFSS,2026-09-01T05:05:10.980899,12310.0,107199.332352,391.3,795.582,31.45924,15.47295,,30.0,,,,,,74.09,,
OIL.NS,OIL,2026-09-01T05:05:12.200690,489.35,79598.0529664,51.38,356.618,9.524134,1.3721966,,13.0,,,,,,66.6,,
OILCOUNTUB.NS,OILCOUNTUB,2026-09-01T05:05:13.380518,67.23,377.7285888,,37.973,,1.7704686,,,,,,,,49.22,,
OLAELEC.NS,OLAELEC,2026-09-01T05:05:14.549418,41.02,18125.4291456,,7.597,,5.3995,,,,,,,,36.78,,
OLECTRA.NS,OLECTRA,2026-09-01T05:05:15.708777,1269.5,10420.1494528,21.58,149.465,58.827618,8.493628,,10.0,,,,,,50.85,,
OMAXAUTO.NS,OMAXAUTO,2026-09-01T05:05:16.877299,184.75,396.126208,18.95,162.148,9.74934,1.1393912,,,,,,,,56.24,,
OMAXE.NS,OMAXE,2026-09-01T05:05:18.004115,127.0,2332.4094464,,,,,,8.0,,,,,,74.99,,
OMFREIGHT.NS,OMFREIGHT,2026-09-01T05:05:19.180125,88.69,298.6674944,5.98,61.629,14.831104,1.4390953,,,,,,,,74.85,,
OMINFRAL.NS,OMINFRAL,2026-09-01T05:05:20.298228,82.83,797.68448,3.49,79.081,23.733524,1.0474072,,8.0,,,,,,70.74,,
OMNI.NS,OMNI,2026-09-01T05:05:21.467069,541.5,6696.5147648,8.43,61.466,64.23487,8.809749,,,,,,,,74.19,,
OMPOWER.NS,OMPOWER,2026-09-01T05:05:22.650469,171.97,,6.45,53.123,26.662016,3.237204,,,,,,,,69.05,,
ONELIFECAP.NS,ONELIFECAP,2026-09-01T05:05:23.796837,31.51,117.7213568,2.87,20.505,10.9790945,1.5366985,,2.19,,,,,,74.55,,
ONEPOINT.NS,ONEPOINT,2026-09-01T05:05:24.947655,54.58,1432.7095296,1.69,16.875,32.295856,3.2343705,,,,,,,,59.61,,
ONESOURCE.NS,ONESOURCE,2026-09-01T05:05:26.166071,1516.1,17385.5555584,,507.4,,2.987978,,,,,,,,34.25,,
ONGC.NS,ONGC,2026-09-01T05:05:27.321920,234.24,294680.4744192,34.61,295.5,6.7679863,0.7926904,,13.0,,,,,,68.07,,
ONIDA.NS,ONIDA,2026-09-01T05:05:28.539567,35.79,1322.5401344,,6.426,,5.569561,,,,,,,,57.71,,
ONMOBILE.NS,ONMOBILE,2026-09-01T05:05:29.718138,49.5,526.290688,,58.741,,0.84268224,,-1.0,,,,,,48.8,,
ONWARDTEC.NS,ONWARDTEC,2026-09-01T05:05:30.955113,287.95,631.7540352,18.93,111.413,15.211306,2.584528,,14.0,,,,,,65.13,,
OPTIEMUS.NS,OPTIEMUS,2026-09-01T05:05:32.123963,584.5,5270.228992,8.06,87.569,72.51861,6.6747365,,14.0,,,,,,74.93,,
ORBTEXP.NS,ORBTEXP,2026-09-01T05:05:33.288112,236.0,604.6397952,15.91,114.32,14.833438,2.0643806,,32.0,,,,,,61.73,,
ORCHASP.NS,ORCHASP,2026-09-01T05:05:34.485958,1.44,49.8852576,0.02,3.266,72.00001,0.44090632,,-13.79,,,,,,14.66,,
ORCHPHARMA.NS,ORCHPHARMA,2026-09-01T05:05:35.683694,971.95,4929.6433152,5.63,253.981,172.63765,3.8268611,,1.0,,,,,,26.68,,
ORICONENT.NS,ORICONENT,2026-09-01T05:05:36.900081,55.01,869.1012608,1.48,74.297,37.16892,0.74040675,,8.0,,,,,,66.22,,
ORIENTALTL.NS,ORIENTALTL,2026-09-01T05:05:38.115417,5.04,37.0476608,0.42,21.924,12.0,0.22988506,,,,,,,,35.83,,
ORIENTBELL.NS,ORIENTBELL,2026-09-01T05:05:39.216354,408.65,601.1436032,14.3,223.53,28.576921,1.8281662,,12.0,,,,,,72.28,,
ORIENTCEM.NS,ORIENTCEM,2026-09-01T05:05:40.457695,129.74,2665.6364544,10.2,104.443,12.719608,1.2422087,,,,,,,,37.5,,
ORIENTCER.NS,ORIENTCER,2026-09-01T05:05:41.620584,45.35,542.5637376,2.39,25.08,18.974894,1.8082137,,,,,,,,63.35,,
ORIENTELEC.NS,ORIENTELEC,2026-09-01T05:05:42.799264,178.56,3810.2941696,5.14,35.624,34.7393,5.012351,,,,,,,,38.65,,
ORIENTHOT.NS,ORIENTHOT,2026-09-01T05:05:44.556256,139.08,2483.9575552,3.73,42.669,37.286865,3.2595093,,4.0,,,,,,62.11,,
ORIENTLTD.NS,ORIENTLTD,2026-09-01T05:05:45.711919,82.01,82.0100032,,64.866,,1.2642988,,,,,,,,75.0,,
ORIENTPPR.NS,ORIENTPPR,2026-09-01T05:05:46.911081,16.65,353.2888576,,69.194,,0.2406278,,,,,,,,38.65,,
ORIENTTECH.NS,ORIENTTECH,2026-09-01T05:05:48.040109,238.12,1090.730496,,73.5,,3.2397277,,,,,,,,73.23,,
ORISSAMINE.NS,ORISSAMINE,2026-09-01T05:05:49.191630,4362.8,2617.679872,,,,,,,,,,,,50.01,,
ORKLAINDIA.NS,ORKLAINDIA,2026-09-01T05:05:50.295245,600.1,8220.7236096,21.49,202.236,27.924616,2.9673252,,,,,,,,75.0,,
ORTINGLOBE.NS,ORTINGLOBE,2026-09-01T05:05:51.483957,16.06,13.0590152,,1.33,,12.075187,,,,,,,,35.64,,
OSIAHYPER.NS,OSIAHYPER,2026-09-01T05:05:52.632255,2.42,39.8268864,1.37,24.544,1.7664235,0.098598436,,,,,,,,62.99,,
OSWALAGRO.NS,OSWALAGRO,2026-09-01T05:05:53.784016,37.33,502.2637568,,66.863,,0.5583058,,3.0,,,,,,41.74,,
OSWALGREEN.NS,OSWALGREEN,2026-09-01T05:05:54.941459,20.25,520.0385536,,92.91,,0.21795285,,,,,,,,64.33,,
OSWALPUMPS.NS,OSWALPUMPS,2026-09-01T05:05:56.063907,291.25,3320.3924992,31.04,155.498,9.383054,1.8730145,,,,,,,,75.67,,
OSWALSEEDS.NS,OSWALSEEDS,2026-09-01T05:05:57.286254,11.75,107.477248,0.79,5.564,14.873417,2.11179,,,,,,,,69.98,,
PACEDIGITK.NS,PACEDIGITK,2026-09-01T05:05:58.420140,171.78,3707.8941696,14.11,112.188,12.174345,1.5311798,,,,,,,,69.52,,
PAGEIND.NS,PAGEIND,2026-09-01T05:05:59.614608,35715.0,39836.0608768,676.52,1347.154,52.79223,26.511444,,,,,,,,49.01,,
PAISALO.NS,PAISALO,2026-09-01T05:06:00.757259,66.64,6091.8898688,2.77,19.859,24.057762,3.3556576,8.0,,,,,,,44.5,,
PAKKA.NS,PAKKA,2026-09-01T05:06:01.928318,76.45,364.4226048,1.45,100.396,52.724133,0.76148444,,,,,,,,,,
PALASHSECU.NS,PALASHSECU,2026-09-01T05:06:02.764666,91.89,91.9185024,16.17,483.615,5.682746,0.19000651,,,,,,,,61.64,,
PALREDTEC.NS,PALREDTEC,2026-09-01T05:06:03.893928,53.0,64.8326016,,35.022,,1.5133345,,,,,,,,44.77,,
PANACEABIO.NS,PANACEABIO,2026-09-01T05:06:05.099700,389.5,2385.7164288,,128.437,,3.0326152,,0.0,,,,,,74.6,,
PANACHE.NS,PANACHE,2026-09-01T05:06:06.412124,519.4,790.9423616,10.44,71.715,49.75096,7.242558,,,,,,,,70.0,,
PANAMAPET.NS,PANAMAPET,2026-09-01T05:06:07.551440,485.85,2939.0815232,79.13,242.783,6.139897,2.0011697,,11.0,,,,,,71.13,,
PANSARI.NS,PANSARI,2026-09-01T05:06:08.711586,303.0,528.6380544,11.4,88.364,26.578949,3.4289982,,,,,,,,73.45,,
PAR.NS,PAR,2026-09-01T05:06:09.847872,133.51,164.2791936,10.65,90.522,12.53615,1.47489,,,,,,,,73.12,,
PARACABLES.NS,PARACABLES,2026-09-01T05:06:10.966830,64.18,2100.222976,1.99,25.494,32.251255,2.517455,,-20.0,,,,,,51.58,,
PARADEEP.NS,PARADEEP,2026-09-01T05:06:12.130445,160.89,16708.7521792,10.32,65.386,15.5901165,2.4606185,,,,,,,,56.1,,
PARAGMILK.NS,PARAGMILK,2026-09-01T05:06:13.351070,252.9,3199.4007552,10.1,100.716,25.039602,2.511021,,13.0,,,,,,47.48,,
PARAS.NS,PARAS,2026-09-01T05:06:14.519777,1410.2,11364.4249088,11.66,90.1,120.94339,15.651498,,,,,,,,58.94,,
PARASPETRO.NS,PARASPETRO,2026-09-01T05:06:15.668821,2.22,74.1970624,,0.517,,4.294004,,,,,,,,39.3,,
PARKHOSPS.NS,PARKHOSPS,2026-09-01T05:06:16.769731,288.0,12439.609344,6.62,50.789,43.50453,5.670519,,,,,,,,82.89,,
PARKHOTELS.NS,PARKHOTELS,2026-09-01T05:06:17.900043,112.52,2400.886784,2.99,63.274,37.632107,1.7782975,,,,,,,,68.14,,
PARSVNATH.NS,PARSVNATH,2026-09-01T05:06:19.049311,1.49,64.8419968,,,,,,4.0,,,,,,71.12,,
PASHUPATI.NS,PASHUPATI,2026-09-01T05:06:20.207000,83.5,1317.9639808,,10.818,,7.7186174,,,,,,,,64.91,,
PASUPTAC.NS,PASUPTAC,2026-09-01T05:06:21.388713,62.0,552.6253568,10.71,48.877,5.7889824,1.2684903,,,,,,,,65.87,,
PATANJALI.NS,PATANJALI,2026-09-01T05:06:22.501050,346.9,37738.545152,18.08,120.47,19.186947,2.879555,,12.0,,,,,,57.28,,
PATELENG.NS,PATELENG,2026-09-01T05:06:23.686876,28.11,2684.6390272,2.93,42.746,9.593857,0.6576054,,8.0,,,,,,24.77,,
PATELRMART.NS,PATELRMART,2026-09-01T05:06:24.868825,228.5,763.202048,13.8,108.948,16.55797,2.0973308,,,,,,,,70.0,,
PATINTLOG.NS,PATINTLOG,2026-09-01T05:06:25.964029,13.2,77.597184,1.5,17.799,8.8,0.7416147,,,,,,,,,,
PAUSHAKLTD.NS,PAUSHAKLTD,2026-09-01T05:06:26.799509,797.2,1965.6491008,17.17,199.182,46.42982,4.0023694,,,,,,,,66.91,,
PAVNAIND.NS,PAVNAIND,2026-09-01T05:06:27.906407,18.0,251.1539968,1.89,14.246,9.523809,1.2635125,,,,,,,,70.45,,
PAYTM.NS,PAYTM,2026-09-01T05:06:29.035717,1667.5,106908.9488896,10.13,249.971,164.61006,6.670774,,,,,,,,,,
PCBL.NS,PCBL,2026-09-01T05:06:30.200947,321.3,12641.9525632,6.59,101.526,48.755688,3.1647065,,6.0,,,,,,53.56,,
PCJEWELLER.NS,PCJEWELLER,2026-09-01T05:06:31.431391,10.94,10656.7458816,0.85,10.693,12.870587,1.0230992,,28.0,,,,,,68.48,,
PDMJEPAPER.NS,PDMJEPAPER,2026-09-01T05:06:32.611092,93.19,884.8391168,9.59,70.508,9.717414,1.321694,,,,,,,,66.89,,
PDSL.NS,PDSL,2026-09-01T05:06:33.727131,366.4,5174.9384192,8.28,124.884,44.25121,2.9339225,,6.0,,,,,,66.65,,
PEARLPOLY.NS,PEARLPOLY,2026-09-01T05:06:34.908426,15.1,25.4207472,,17.186,,0.8786221,,,,,,,,53.86,,
PENIND.NS,PENIND,2026-09-01T05:06:36.026778,166.4,2254.6571264,10.53,86.159,15.802469,1.931313,,17.0,,,,,,36.36,,
PENINLAND.NS,PENINLAND,2026-09-01T05:06:37.206574,15.66,519.4864128,,2.148,,7.2905025,,3.0,,,,,,55.37,,
PERSISTENT.NS,PERSISTENT,2026-09-01T05:06:38.452197,5711.0,89223.5481088,122.2,538.141,46.734863,10.61246,,29.0,,,,,,35.02,,
PETRONET.NS,PETRONET,2026-09-01T05:06:39.637757,293.85,44077.5049216,28.06,148.594,10.472203,1.9775362,,,,,,,,50.0,,
PFC.NS,PFC,2026-09-01T05:06:40.801865,345.2,113919.5117568,78.92,433.112,4.37405,0.7970225,20.0,,,,,,,66.35,,
PFIZER.NS,PFIZER,2026-09-01T05:06:41.989582,4660.4,21320.2731008,160.87,918.712,28.969976,5.072754,,,,,,,,63.92,,
PFOCUS.NS,PFOCUS,2026-09-01T05:06:43.116071,285.3,22218.4177664,1.38,26.882,206.73912,10.6130495,,2.0,,,,,,35.0,,
PFS.NS,PFS,2026-09-01T05:06:44.285562,27.12,1741.8725376,3.47,48.057,7.8155622,0.56432986,22.0,,,,,,,64.99,,
PGEL.NS,PGEL,2026-09-01T05:06:45.505268,572.0,16387.6110336,7.21,106.69,79.33426,5.361327,,,,,,,,65.0,,
PGHH.NS,PGHH,2026-09-01T05:06:46.680716,7950.5,25807.9080448,243.57,232.098,32.64154,34.254925,,,,,,,,70.64,,
PGHL.NS,PGHL,2026-09-01T05:06:47.778955,5766.5,9572.0333312,214.91,316.005,26.83216,18.248129,,,,,,,,51.8,,
PGIL.NS,PGIL,2026-09-01T05:06:48.942916,2391.6,11046.9308416,67.35,316.347,35.510025,7.5600533,,6.0,,,,,,66.58,,
PHOENIXLTD.NS,PHOENIXLTD,2026-09-01T05:06:50.157602,1877.1,67137.0575872,36.61,307.307,51.272873,6.108224,,11.0,,,,,,62.86,,
PICCADIL.NS,PICCADIL,2026-09-01T05:06:51.408882,635.1,6260.2760192,14.46,93.132,43.92116,6.8193526,,11.0,,,,,,70.9,,
PIDILITIND.NS,PIDILITIND,2026-09-01T05:06:52.637616,1641.4,167074.7783168,25.99,106.431,63.15506,15.422198,,32.0,,,,,,69.59,,
PIGL.NS,PIGL,2026-09-01T05:06:53.827281,100.87,213.5307008,4.48,88.394,22.515625,1.1411408,,,,,,,,69.59,,
PIIND.NS,PIIND,2026-09-01T05:06:54.973143,2401.4,36430.7120128,76.72,740.28,31.300833,3.2439075,,41.0,,,,,,51.55,,
PILANIINVS.NS,PILANIINVS,2026-09-01T05:06:56.165185,4336.1,4801.038336,,14334.485,,0.3024943,,2.0,,,,,,57.55,,
PILITA.NS,PILITA,2026-09-01T05:06:57.338519,8.19,192.4649856,0.13,3.571,63.0,2.2934752,,,,,,,,68.08,,
PINELABS.NS,PINELABS,2026-09-01T05:06:58.504685,160.98,18574.8062208,1.11,51.644,145.02702,3.1171093,,,,,,,,,,
PIONEEREMB.NS,PIONEEREMB,2026-09-01T05:06:59.718752,21.95,67.6398976,,50.678,,0.4331268,,14.0,,,,,,30.65,,
PIONRINV.NS,PIONRINV,2026-09-01T05:07:00.887127,82.85,,11.61,139.26,7.13609,0.59493035,,10.0,,,,,,56.51,,
PIRAMALFIN.NS,PIRAMALFIN,2026-09-01T05:07:02.040609,2260.0,51077.1134464,74.73,1245.152,30.242205,1.8150395,,,,,,,,39.29,,
PITTIENG.NS,PITTIENG,2026-09-01T05:07:03.224238,1077.4,3977.0701824,33.64,267.367,32.02735,4.029667,,,,,,,,60.0,,
PIXTRANS.NS,PIXTRANS,2026-09-01T05:07:04.390035,1800.0,2452.5359104,96.77,511.318,18.600807,3.5203142,,,,,,,,,,
PKTEA.NS,PKTEA,2026-09-01T05:07:05.230265,746.0,230.952576,,1451.793,,0.51384735,,1.55,,,,,,48.34,,
PLASTIBLEN.NS,PLASTIBLEN,2026-09-01T05:07:06.398772,186.0,483.3991168,16.43,172.65,11.320754,1.0773242,,,,,,,,62.07,,
PLATIND.NS,PLATIND,2026-09-01T05:07:07.512433,232.36,1316.339712,9.18,80.812,25.311546,2.8753157,,,,,,,,71.0,,
PLAZACABLE.NS,PLAZACABLE,2026-09-01T05:07:08.746964,59.1,258.5747968,2.45,29.531,24.122448,2.0012867,,,,,,,,69.83,,
PML.NS,PML,2026-09-01T05:07:09.923957,481.0,148.3404032,66.42,2908.93,7.241795,0.1653529,,,,,,,,72.71,,
PNB.NS,PNB,2026-09-01T05:07:11.125145,114.9,132053.9127808,19.23,136.054,5.975039,0.84451765,8.0,,,,,,,65.01,,
PNBGILTS.NS,PNBGILTS,2026-09-01T05:07:12.331624,77.17,1389.1381248,5.68,94.745,13.586267,0.81450206,,,,,,,,74.07,,
PNBHOUSING.NS,PNBHOUSING,2026-09-01T05:07:13.438435,1140.9,29755.1200256,88.68,737.638,12.865358,1.5466937,13.0,,,,,,,39.08,,
PNC.NS,PNC,2026-09-01T05:07:14.624760,17.33,25.0713104,,42.225,,0.4104204,,-4.0,,,,,,41.44,,
PNCINFRA.NS,PNCINFRA,2026-09-01T05:07:15.775947,190.8,4894.7675136,28.54,265.333,6.6853538,0.71909636,,11.0,,,,,,56.07,,
PNGJL.NS,PNGJL,2026-09-01T05:07:17.023011,590.85,8697.4644224,32.83,144.612,17.997257,4.0857606,,,,,,,,83.11,,
PNGSREVA.NS,PNGSREVA,2026-09-01T05:07:18.176674,523.0,1657.826304,26.62,162.532,19.646881,3.217828,,,,,,,,63.09,,
POCL.NS,POCL,2026-09-01T05:07:19.340354,496.95,3790.645248,18.08,103.361,27.486174,4.807906,,21.0,,,,,,51.01,,
PODDARMENT.NS,PODDARMENT,2026-09-01T05:07:20.507969,256.0,271.616,14.36,330.399,17.8273,0.7748208,,,,,,,,60.85,,
POKARNA.NS,POKARNA,2026-09-01T05:07:21.663439,849.55,2633.9448832,30.63,276.406,27.73588,3.0735583,,20.0,,,,,,56.67,,
POLICYBZR.NS,POLICYBZR,2026-09-01T05:07:22.837598,1836.0,84830.912512,16.12,158.215,113.895775,11.604463,,,,,,,,,,
POLYCAB.NS,POLYCAB,2026-09-01T05:07:24.166663,9023.0,135918.0070912,189.94,803.334,47.504475,11.231941,,17.0,,,,,,68.58,,
POLYMED.NS,POLYMED,2026-09-01T05:07:25.347461,1734.3,17579.1194112,31.02,306.438,55.909092,5.6595464,,30.0,,,,,,48.76,,
POLYPLEX.NS,POLYPLEX,2026-09-01T05:07:26.615026,1189.0,3874.7324416,49.51,1350.616,24.01535,0.8803391,,4.0,,,,,,50.03,,
PONNIERODE.NS,PONNIERODE,2026-09-01T05:07:27.779233,393.6,338.4337408,57.56,660.738,6.838082,0.5956976,,,,,,,,42.36,,
POONAWALLA.NS,POONAWALLA,2026-09-01T05:07:28.887338,463.0,40552.6380544,9.55,128.074,48.481674,3.6150973,11.0,,,,,,,27.75,,
POWERGRID.NS,POWERGRID,2026-09-01T05:07:30.128829,262.45,244094.3632384,20.43,108.051,12.846305,2.4289455,,8.0,,,,,,57.9,,
POWERICA.NS,POWERICA,2026-09-01T05:07:31.360507,514.3,6508.5628416,13.2,178.923,38.96212,2.8744206,,,,,,,,77.18,,
POWERINDIA.NS,POWERINDIA,2026-09-01T05:07:32.487138,32760.0,146019.0707712,256.58,1161.249,127.67948,28.211002,,,,,,,,75.0,,
POWERMECH.NS,POWERMECH,2026-09-01T05:07:33.622682,2494.9,7887.9481856,123.87,796.595,20.141275,3.1319554,,25.0,,,,,,65.08,,
PPAP.NS,PPAP,2026-09-01T05:07:34.794972,263.9,373.4973184,32.72,241.667,8.065403,1.0919985,,,,,,,,63.55,,
PPL.NS,PPL,2026-09-01T05:07:35.958008,259.4,620.5425664,20.65,200.316,12.561744,1.294954,,,,,,,,39.36,,
PPLPHARMA.NS,PPLPHARMA,2026-09-01T05:07:37.087575,211.48,28021.489664,,61.504,,3.4384754,,,,,,,,34.78,,
PRABHA.NS,PRABHA,2026-09-01T05:07:38.338121,203.38,2980.9973248,0.08,45.496,2542.25,4.4702835,,,,,,,,80.22,,
PRADPME.NS,PRADPME,2026-09-01T05:07:39.528928,495.0,,19.21,95.098,25.76783,5.205157,,17.0,,,,,,72.2,,
PRAENG.NS,PRAENG,2026-09-01T05:07:40.745196,21.65,151.4109824,,69.511,,0.31146148,,-2.0,,,,,,32.87,,
PRAJIND.NS,PRAJIND,2026-09-01T05:07:41.906312,343.2,6308.4654592,1.64,71.22,209.2683,4.818871,,12.0,,,,,,33.6,,
PRAKASH.NS,PRAKASH,2026-09-01T05:07:43.081379,126.86,2271.8322688,17.48,200.378,7.257437,0.63310343,,,,,,,,44.97,,
PRAKASHSTL.NS,PRAKASHSTL,2026-09-01T05:07:44.242881,3.91,68.425152,0.04,0.513,97.75001,7.6218324,,,,,,,,48.18,,
PRAVEG.NS,PRAVEG,2026-09-01T05:07:45.784511,263.9,,,169.846,,1.5537605,,,,,,,,6.6,,
PRAXIS.NS,PRAXIS,2026-09-01T05:07:46.939052,4.64,86.216864,,,,,,,,,,,,52.41,,
PRECAM.NS,PRECAM,2026-09-01T05:07:48.104297,126.65,1202.9956096,4.31,87.973,29.38515,1.4396462,,26.0,,,,,,63.91,,
PRECOT.NS,PRECOT,2026-09-01T05:07:49.326681,708.0,849.6,42.65,400.612,16.600233,1.7672961,,-2.0,,,,,,61.1,,
PRECWIRE.NS,PRECWIRE,2026-09-01T05:07:50.543831,495.9,9065.447424,9.59,42.249,51.710114,11.7375555,,,,,,,,59.67,,
PREMCO.NS,PREMCO,2026-09-01T05:07:51.661044,380.0,,7.24,304.447,52.48619,1.2481648,,,,,,,,63.95,,
PREMEXPLN.NS,PREMEXPLN,2026-09-01T05:07:52.918370,666.0,3582.0240896,6.23,53.599,106.902084,12.425605,,,,,,,,47.67,,
PREMIER.NS,PREMIER,2026-09-01T05:07:54.195454,2.8,8.96714,,,,,,,,,,,,44.95,,
PREMIERENE.NS,PREMIERENE,2026-09-01T05:07:55.378408,1024.6,46255.210496,37.2,95.617,27.543009,10.715668,,,,,,,,64.25,,
PREMIERPOL.NS,PREMIERPOL,2026-09-01T05:07:56.647005,94.04,984.9981952,3.34,14.068,28.15569,6.6846747,,,,,,,,47.81,,
PRESTIGE.NS,PRESTIGE,2026-09-01T05:07:57.759503,1558.7,67137.9226624,26.52,377.798,58.774506,4.1257496,,13.0,,,,,,70.0,,
PRICOLLTD.NS,PRICOLLTD,2026-09-01T05:07:58.931043,799.5,9744.4257792,21.96,102.96,36.407104,7.7651515,,,,,,,,37.26,,
PRIMESECU.NS,PRIMESECU,2026-09-01T05:08:00.101558,287.8,976.8025088,1.35,91.737,213.18517,3.1372292,,-14.0,,,,,,,,
PRIMO.NS,PRIMO,2026-09-01T05:08:01.316912,21.33,516.9180672,0.65,16.716,32.815384,1.276023,,,,,,,,33.49,,
PRINCEPIPE.NS,PRINCEPIPE,2026-09-01T05:08:02.472899,292.05,3229.5544832,9.41,148.608,31.03613,1.9652373,,,,,,,,63.25,,
PRITI.NS,PRITI,2026-09-01T05:08:03.649222,33.25,44.3998176,0.68,54.131,48.897057,0.6142506,,,,,,,,72.98,,
PRITIKAUTO.NS,PRITIKAUTO,2026-09-01T05:08:04.756117,16.67,277.5766272,1.3,15.0,12.823077,1.1113334,,,,,,,,0.61,,
PRIVISCL.NS,PRIVISCL,2026-09-01T05:08:05.924922,3397.8,13272.7259136,86.8,361.581,39.14516,9.397065,,,,,,,,75.0,,
PROSTARM.NS,PROSTARM,2026-09-01T05:08:07.088502,133.48,785.858048,6.18,48.702,21.598705,2.7407498,,,,,,,,72.82,,
PROTEAN.NS,PROTEAN,2026-09-01T05:08:08.209614,518.05,2104.3808256,20.29,265.614,25.53228,1.9503865,,,,,,,,,,
PROZONER.NS,PROZONER,2026-09-01T05:08:09.358708,45.02,687.0181888,0.4,30.172,112.55,1.4921119,,1.0,,,,,,32.37,,
PRSMJOHNSN.NS,PRSMJOHNSN,2026-09-01T05:08:10.534864,112.22,5648.6674432,3.96,30.897,28.338385,3.632068,,7.0,,,,,,74.87,,
PRUDENT.NS,PRUDENT,2026-09-01T05:08:11.775657,3392.7,14048.0446464,59.19,213.184,57.318806,15.914421,,,,,,,,58.43,,
PRUDMOULI.NS,PRUDMOULI,2026-09-01T05:08:12.943390,16.44,53.0222912,1.9,,8.652632,,,,,,,,,59.02,,
PSB.NS,PSB,2026-09-01T05:08:14.119434,22.78,16163.7433344,1.95,20.746,11.682052,1.098043,,,,,,,,79.62,,
PSPPROJECT.NS,PSPPROJECT,2026-09-01T05:08:15.233146,880.8,3491.6491264,18.49,315.188,47.63656,2.7945228,,,,,,,,,,
PTC.NS,PTC,2026-09-01T05:08:16.072324,156.53,4633.4181376,17.19,202.122,9.105875,0.77443326,,13.0,,,,,,16.22,,
PTCIL.NS,PTCIL,2026-09-01T05:08:17.244249,22240.0,33343.4290176,84.02,1005.23,264.69888,22.12429,,,,,,,,62.77,,
PTL.NS,PTL,2026-09-01T05:08:18.434076,38.62,511.239936,3.45,63.615,11.194202,0.6070895,,,,,,,,69.82,,
PUNJABCHEM.NS,PUNJABCHEM,2026-09-01T05:08:19.934921,1119.2,1372.3836416,53.3,345.346,20.998123,3.2408075,,13.0,,,,,,44.8,,
PURVA.NS,PURVA,2026-09-01T05:08:21.115159,211.14,5007.1781376,6.75,75.298,31.28,2.8040586,,9.0,,,,,,75.0,,
PVP.NS,PVP,2026-09-01T05:08:22.289660,71.9,1872.3024896,0.19,8.381,378.42105,8.578929,,0.0,,,,,,57.53,,
PVRINOX.NS,PVRINOX,2026-09-01T05:08:23.450167,1223.0,12009.8553856,28.45,750.517,42.987698,1.6295433,,8.0,,,,,,20.15,,
PVSL.NS,PVSL,2026-09-01T05:08:24.757586,104.32,742.7396096,,88.182,,1.1830078,,,,,,,,61.18,,
PWL.NS,PWL,2026-09-01T05:08:25.909642,115.42,33482.1883904,0.07,15.694,1648.857,7.3544025,,,,,,,,72.3,,
PYRAMID.NS,PYRAMID,2026-09-01T05:08:27.093391,159.19,587.0914048,8.62,77.324,18.467518,2.05874,,,,,,,,74.94,,
QMSMEDI.NS,QMSMEDI,2026-09-01T05:08:28.194837,163.8,295.7458176,5.26,29.669,31.140684,5.520914,,,,,,,,73.67,,
QPOWER.NS,QPOWER,2026-09-01T05:08:29.312115,1445.0,11190.6717696,17.17,69.99,84.15842,20.645807,,,,,,,,73.91,,
QUADFUTURE.NS,QUADFUTURE,2026-09-01T05:08:30.440116,420.5,1681.9999744,,70.077,,6.000542,,,,,,,,70.0,,
QUESS.NS,QUESS,2026-09-01T05:08:31.563404,384.5,5742.8865024,16.9,78.207,22.75148,4.9164395,,35.0,,,,,,88.95,,
QUICKHEAL.NS,QUICKHEAL,2026-09-01T05:08:32.801053,138.75,752.8367616,,78.372,,1.7704027,,24.0,,,,,,72.87,,
QUINT.NS,QUINT,2026-09-01T05:08:33.967357,41.3,,6.82,68.98,6.0557184,0.59872425,,,,,,,,66.48,,
RACE.NS,RACE,2026-09-01T05:08:35.114015,101.0,174.2977152,3.7,45.453,27.297297,2.2220757,,,,,,,,42.85,,
RACLGEAR.NS,RACLGEAR,2026-09-01T05:08:36.317390,1579.6,1865.3362176,42.62,302.716,37.062412,5.218092,,,,,,,,51.22,,
RADAAN.NS,RADAAN,2026-09-01T05:08:37.484596,3.07,16.627592,,,,,,9.42,,,,,,51.42,,
RADHIKAJWE.NS,RADHIKAJWE,2026-09-01T05:08:38.643854,72.02,850.7470848,6.74,33.723,10.68546,2.1356344,,,,,,,,61.95,,
RADIANTCMS.NS,RADIANTCMS,2026-09-01T05:08:39.759157,40.0,426.831616,2.93,25.959,13.651876,1.5408914,,,,,,,,56.92,,
RADICO.NS,RADICO,2026-09-01T05:08:40.907868,4509.0,60412.6642176,52.5,247.631,85.88571,18.208544,,14.0,,,,,,40.46,,
RADIOCITY.NS,RADIOCITY,2026-09-01T05:08:42.097723,6.46,226.96832,,12.908,,0.50046486,,,,,,,,71.4,,
RAILTEL.NS,RAILTEL,2026-09-01T05:08:43.233494,280.75,9010.3455744,10.79,70.469,26.019463,3.9840212,,,,,,,,72.84,,
RAIN.NS,RAIN,2026-09-01T05:08:44.459314,205.9,6925.357056,15.96,221.472,12.901002,0.9296886,,8.0,,,,,,41.1,,
RAINBOW.NS,RAINBOW,2026-09-01T05:08:45.658482,1454.1,14751.8652416,28.13,162.362,51.692142,8.955914,,22.0,,,,,,49.83,,
RAJESHEXPO.NS,RAJESHEXPO,2026-09-01T05:08:46.832424,76.49,2258.4434688,5.72,584.265,13.372377,0.13091661,,18.0,,,,,,53.94,,
RAJMET.NS,RAJMET,2026-09-01T05:08:47.996263,3.13,86.53824,,1.994,,1.5697092,,,,,,,,73.23,,
RAJOOENG.NS,RAJOOENG,2026-09-01T05:08:49.140927,47.3,845.1341312,2.69,19.042,17.583643,2.4839828,,,,,,,,66.46,,
RAJPALAYAM.NS,RAJPALAYAM,2026-09-01T05:08:50.292312,806.0,743.1481344,,2633.116,5.9912286,0.3061012,,13.0,,,,,,53.17,,
RAJRATAN.NS,RAJRATAN,2026-09-01T05:08:51.494771,492.15,2498.6947584,15.69,128.113,31.367113,3.8415303,,11.0,,,,,,62.28,,
RAJRILTD.NS,RAJRILTD,2026-09-01T05:08:52.664621,22.9,1289.4757888,0.43,2.342,53.255814,9.777967,,,,,,,,34.07,,
RAJSREESUG.NS,RAJSREESUG,2026-09-01T05:08:53.783610,37.1,122.9330944,,79.352,,0.46753705,,,,,,,,41.09,,
RAJTV.NS,RAJTV,2026-09-01T05:08:54.919024,9.39,48.7466304,,22.577,,0.41591,,,,,,,,,,
RALLIS.NS,RALLIS,2026-09-01T05:08:55.802563,208.27,4050.2038528,11.0,105.054,18.933638,1.9825042,,36.0,,,,,,50.09,,
RAMANEWS.NS,RAMANEWS,2026-09-01T05:08:56.980024,30.81,463.6834816,,,,,,,,,,,,59.85,,
RAMAPHO.NS,RAMAPHO,2026-09-01T05:08:58.087745,123.3,436.314624,15.18,119.387,8.12253,1.0327758,,,,,,,,75.0,,
RAMASTEEL.NS,RAMASTEEL,2026-09-01T05:08:59.251378,4.29,701.8615808,0.07,3.345,61.285713,1.2825112,,,,,,,,59.52,,
RAMBHAJO.NS,RAMBHAJO,2026-09-01T05:09:00.475677,243.7,,5.54,29.556,43.98917,8.245365,,,,,,,,69.88,,
RAMCOCEM.NS,RAMCOCEM,2026-09-01T05:09:01.604416,873.7,20644.8656384,27.32,342.521,31.980234,2.5507925,,10.0,,,,,,42.3,,
RAMCOIND.NS,RAMCOIND,2026-09-01T05:09:03.043090,329.05,2857.5213568,37.77,520.717,8.71194,0.6319171,,7.0,,,,,,53.92,,
RAMCOSYS.NS,RAMCOSYS,2026-09-01T05:09:04.203234,588.25,2211.6237312,11.05,93.616,53.235294,6.2836485,,5.0,,,,,,55.01,,
RAMKY.NS,RAMKY,2026-09-01T05:09:05.415465,355.95,2463.0953984,34.09,312.685,10.441479,1.1383661,,-4.0,,,,,,67.76,,
RAMRAT.NS,RAMRAT,2026-09-01T05:09:06.570437,569.4,5315.2964608,13.55,62.077,42.02214,9.17248,,,,,,,,73.0,,
RANASUG.NS,RANASUG,2026-09-01T05:09:07.798505,15.54,238.6444032,0.16,37.274,97.125,0.41691262,,,,,,,,22.64,,
RANEHOLDIN.NS,RANEHOLDIN,2026-09-01T05:09:08.965569,1561.9,2230.0510208,59.07,808.128,26.441511,1.9327384,,12.0,,,,,,46.39,,
RATEGAIN.NS,RATEGAIN,2026-09-01T05:09:10.129211,927.0,10975.25248,20.45,169.847,45.33007,5.4578533,,,,,,,,56.29,,
RATNAMANI.NS,RATNAMANI,2026-09-01T05:09:11.338798,2656.5,18619.9392256,61.62,586.461,43.111004,4.529713,,,,,,,,60.12,,
RATNAVEER.NS,RATNAVEER,2026-09-01T05:09:12.563842,307.7,2206.9968896,18.43,98.432,16.695606,3.1260161,,,,,,,,55.48,,
RAYMOND.NS,RAYMOND,2026-09-01T05:09:13.687837,639.4,4255.2987648,6.63,427.336,96.44042,1.4962466,,10.0,,,,,,43.05,,
RAYMONDLSL.NS,RAYMONDLSL,2026-09-01T05:09:14.884268,651.0,3964.966912,7.12,1581.623,91.43259,0.4116025,,,,,,,,54.67,,
RAYMONDREL.NS,RAYMONDREL,2026-09-01T05:09:16.100179,531.75,3538.87232,45.08,235.441,11.795696,2.2585278,,,,,,,,50.71,,
RBA.NS,RBA,2026-09-01T05:09:17.225675,96.3,6857.3147136,,12.371,,7.784334,,,,,,,,52.69,,
RBLBANK.NS,RBLBANK,2026-09-01T05:09:18.427243,380.05,58911.8570496,12.11,270.96,31.383154,1.4026055,10.0,,,,,,,0.0,,
RBZJEWEL.NS,RBZJEWEL,2026-09-01T05:09:19.646085,167.25,668.9999872,14.2,74.958,11.77817,2.2312496,,,,,,,,75.0,,
RCF.NS,RCF,2026-09-01T05:09:20.768807,115.4,6366.4812032,8.09,92.704,14.264524,1.2448223,,15.0,,,,,,80.0,,
RCOM.NS,RCOM,2026-09-01T05:09:21.932312,0.82,226.6834432,,,,,,5.0,,,,,,59.08,,
RECLTD.NS,RECLTD,2026-09-01T05:09:23.101473,313.9,82656.8998912,60.76,319.797,5.166228,0.9815602,23.0,,,,,,,58.86,,
REDINGTON.NS,REDINGTON,2026-09-01T05:09:24.335055,352.75,27577.0933248,21.75,129.97,16.218391,2.7140877,,17.0,,,,,,8.2,,
REDTAPE.NS,REDTAPE,2026-09-01T05:09:25.525036,123.32,6817.2234752,4.45,18.476,27.71236,6.674605,,,,,,,,71.77,,
REFEX.NS,REFEX,2026-09-01T05:09:26.722263,285.05,3911.6996608,21.08,109.633,13.522296,2.600038,,,,,,,,32.31,,
REGAAL.NS,REGAAL,2026-09-01T05:09:27.882811,88.77,914.2764544,6.22,48.247,14.271704,1.839907,,,,,,,,71.32,,
REGENCERAM.NS,REGENCERAM,2026-09-01T05:09:28.993992,35.37,93.5238848,,,,,,,,,,,,58.35,,
RELAXO.NS,RELAXO,2026-09-01T05:09:30.158240,356.9,8884.6180352,7.46,88.685,47.841824,4.024356,,,,,,,,74.93,,
RELCHEMQ.NS,RELCHEMQ,2026-09-01T05:09:31.299011,115.93,87.4525248,7.37,188.871,15.729987,0.6138052,,,,,,,,50.17,,
RELIABLE.NS,RELIABLE,2026-09-01T05:09:32.486807,139.47,143.9330432,7.36,69.221,18.949728,2.014851,,24.0,,,,,,69.77,,
RELIANCE.NS,RELIANCE,2026-09-01T05:09:33.683312,1301.6,1761386.6401792,55.17,668.045,23.592533,1.9483718,,9.0,,,,,,46.32,,
RELIGARE.NS,RELIGARE,2026-09-01T05:09:34.866054,251.48,8581.34528,1.49,87.38,168.77852,2.878004,,11.0,,,,,,50.93,,
RELINFRA.NS,RELINFRA,2026-09-01T05:09:36.031892,58.21,2376.0226304,78.34,437.858,0.7430432,0.13294265,,6.0,,,,,,49.63,,
RELTD.NS,RELTD,2026-09-01T05:09:37.196850,156.4,3105.5081472,4.45,23.774,35.14607,6.578615,,5.0,,,,,,73.18,,
REMSONSIND.NS,REMSONSIND,2026-09-01T05:09:38.366076,97.54,342.0542976,4.96,42.726,19.665323,2.282919,,,,,,,,75.0,,
RENUKA.NS,RENUKA,2026-09-01T05:09:39.585489,24.58,5231.8277632,,,,,,-15.0,,,,,,54.47,,
REPCOHOME.NS,REPCOHOME,2026-09-01T05:09:40.869621,363.8,2275.9821312,77.05,645.955,4.721609,0.5631971,15.0,,,,,,,37.13,,
REPL.NS,REPL,2026-09-01T05:09:42.102175,65.6,118.8835968,,76.881,,0.8532668,,38.0,,,,,,67.88,,
REPRO.NS,REPRO,2026-09-01T05:09:43.310051,303.0,434.6637312,68.03,243.717,4.4539175,1.2432452,,9.0,,,,,,61.7,,
RESPONIND.NS,RESPONIND,2026-09-01T05:09:44.479987,150.4,4009.7923072,3.79,58.472,39.683376,2.5721712,,7.0,,,,,,59.51,,
RETAIL.NS,RETAIL,2026-09-01T05:09:45.651324,16.77,13.7591152,,24.408,,0.68706983,,,,,,,,44.86,,
RGL.NS,RGL,2026-09-01T05:09:46.811988,137.5,1476.7014912,10.18,140.541,13.506876,0.9783622,,8.0,,,,,,75.0,,
RHETAN.NS,RHETAN,2026-09-01T05:09:48.015183,19.18,1528.4063232,0.16,3.917,119.87501,4.8966045,,,,,,,,62.11,,
RHFL.NS,RHFL,2026-09-01T05:09:49.168765,1.8,87.8302912,,,,,,,,,,,,74.99,,
RHIM.NS,RHIM,2026-09-01T05:09:50.331068,369.5,7630.2278656,,172.419,,2.1430352,,,,,,,,69.62,,
RHL.NS,RHL,2026-09-01T05:09:51.530177,165.0,285.3129728,15.51,428.714,10.638298,0.384872,,,,,,,,65.63,,
RICOAUTO.NS,RICOAUTO,2026-09-01T05:09:52.635057,128.8,1742.4707584,2.23,57.611,57.757847,2.2356842,,6.0,,,,,,50.1,,
RIIL.NS,RIIL,2026-09-01T05:09:53.805909,753.6,1137.9359744,8.07,313.848,93.3829,2.4011624,,,,,,,,45.43,,
RIR.NS,RIR,2026-09-01T05:09:55.009763,158.09,,1.17,17.083,135.11966,9.254229,,,,,,,,73.13,,
RISHABH.NS,RISHABH,2026-09-01T05:09:56.182100,702.1,2716.60544,20.82,193.281,33.72238,3.6325347,,,,,,,,,,
RITCO.NS,RITCO,2026-09-01T05:09:57.026350,307.2,874.6140672,11.37,127.644,27.01847,2.4066937,,,,,,,,73.04,,
RITES.NS,RITES,2026-09-01T05:09:58.176017,216.39,10399.78496,8.67,55.7,24.958477,3.8849192,,30.0,,,,,,87.4,,
RKDL.NS,RKDL,2026-09-01T05:09:59.357646,18.6,44.64,0.08,16.985,232.50002,1.0950838,,,,,,,,23.57,,
RKEC.NS,RKEC,2026-09-01T05:10:00.464986,22.4,53.738944,8.35,82.15,2.6826346,0.27267194,,,,,,,,73.41,,
RKFORGE.NS,RKFORGE,2026-09-01T05:10:01.620970,744.0,13526.5370112,5.8,181.758,128.27586,4.093355,,11.0,,,,,,50.41,,
RKSWAMY.NS,RKSWAMY,2026-09-01T05:10:02.796267,91.76,463.1791616,4.5,52.357,20.391111,1.7525833,,,,,,,,66.05,,
RMC.NS,RMC,2026-09-01T05:10:04.004593,238.0,251.729024,19.3,124.045,12.331607,1.9186586,,,,,,,,58.17,,
RMDRIP.NS,RMDRIP,2026-09-01T05:10:05.146932,21.62,925.8302464,0.82,4.437,26.365854,4.872662,,,,,,,,60.97,,
RML.NS,RML,2026-09-01T05:10:06.277889,1118.2,3090.3844864,42.93,271.577,26.047052,4.1174326,,,,,,,,57.8,,
RNBDENIMS.NS,RNBDENIMS,2026-09-01T05:10:07.436391,10.83,309.2918272,0.49,7.414,22.10204,1.4607499,,,,,,,,74.0,,
ROHLTD.NS,ROHLTD,2026-09-01T05:10:08.596056,299.15,820.4253184,10.1,94.233,29.61881,3.1745777,,3.0,,,,,,70.8,,
ROLEXRINGS.NS,ROLEXRINGS,2026-09-01T05:10:09.771336,181.65,4765.2810752,5.58,44.563,32.553764,4.0762515,,,,,,,,57.64,,
ROLLT.NS,ROLLT,2026-09-01T05:10:10.877149,3.8,95.0494016,0.68,0.36,5.5882354,10.555555,,7.0,,,,,,74.95,,
ROML.NS,ROML,2026-09-01T05:10:12.064088,42.64,63.9117504,2.91,1.436,14.652921,29.693594,,,,,,,,0.17,,
ROSSARI.NS,ROSSARI,2026-09-01T05:10:13.177296,484.5,2683.8450176,27.2,240.749,17.8125,2.0124695,,,,,,,,72.69,,
ROSSELLIND.NS,ROSSELLIND,2026-09-01T05:10:14.388975,58.0,218.6395648,3.1,52.989,18.709679,1.0945668,,15.0,,,,,,74.74,,
ROSSTECH.NS,ROSSTECH,2026-09-01T05:10:15.548607,1108.6,4194.971648,6.85,41.178,161.83942,26.922142,,,,,,,,74.8,,
ROTO.NS,ROTO,2026-09-01T05:10:16.665902,62.6,1182.5839104,1.47,12.749,42.585033,4.910189,,15.0,,,,,,69.7,,
ROUTE.NS,ROUTE,2026-09-01T05:10:17.817899,505.25,3183.2305664,39.45,439.557,12.807351,1.1494527,,,,,,,,65.35,,
RPEL.NS,RPEL,2026-09-01T05:10:19.031824,1720.9,7902.7085312,13.64,53.258,126.16569,32.31252,,,,,,,,73.26,,
RPGLIFE.NS,RPGLIFE,2026-09-01T05:10:20.165746,2602.1,4303.6172288,72.32,366.013,35.980366,7.1093106,,,,,,,,,,
RPOWER.NS,RPOWER,2026-09-01T05:10:20.999817,22.38,9255.8548992,,38.782,,0.5770718,,5.0,,,,,,75.0,,
RPPINFRA.NS,RPPINFRA,2026-09-01T05:10:22.167388,55.81,276.7390208,,107.865,,0.51740605,,12.0,,,,,,68.0,,
RPPL.NS,RPPL,2026-09-01T05:10:23.328359,23.0,170.7612032,2.75,24.344,8.363636,0.9447913,,,,,,,,51.18,,
RPSGVENT.NS,RPSGVENT,2026-09-01T05:10:24.477507,837.85,2772.1445376,,757.338,,1.1063092,,,,,,,,49.92,,
RPTECH.NS,RPTECH,2026-09-01T05:10:25.624349,824.35,5432.438784,47.14,307.336,17.487272,2.6822436,,,,,,,,63.41,,
RRIL.NS,RRIL,2026-09-01T05:10:26.780967,16.68,,0.74,9.291,22.54054,1.7952857,,,,,,,,26.32,,
RRKABEL.NS,RRKABEL,2026-09-01T05:10:27.971625,2930.9,33150.091264,53.59,227.61,54.691174,12.87685,,,,,,,,62.76,,
RSDFIN.NS,RSDFIN,2026-09-01T05:10:29.167592,100.99,,12.31,170.415,8.203898,0.59261215,5.0,,,,,,,74.92,,
RSL.NS,RSL,2026-09-01T05:10:30.296145,181.84,1519.5941888,7.05,52.127,25.792906,3.4884033,,,,,,,,57.03,,
RSSOFTWARE.NS,RSSOFTWARE,2026-09-01T05:10:31.411982,29.02,74.962176,,8.411,,3.4502437,,49.0,,,,,,40.46,,
RSWM.NS,RSWM,2026-09-01T05:10:32.571394,198.5,934.9684224,13.43,288.96,14.780342,0.68694633,,14.0,,,,,,50.91,,
RSYSTEMS.NS,RSYSTEMS,2026-09-01T05:10:33.795898,250.44,2967.6128256,15.57,92.692,16.08478,2.7018514,,30.0,,,,,,50.93,,
RTNINDIA.NS,RTNINDIA,2026-09-01T05:10:35.020094,30.26,4178.5659392,,5.575,,5.427803,,,,,,,,64.15,,
RTNPOWER.NS,RTNPOWER,2026-09-01T05:10:36.243015,7.62,4092.020736,0.21,8.661,36.285713,0.879806,,-1.0,,,,,,57.49,,
RUBFILA.NS,RUBFILA,2026-09-01T05:10:37.406773,69.0,374.445952,4.87,58.319,14.168378,1.1831479,,,,,,,,65.1,,
RUBICON.NS,RUBICON,2026-09-01T05:10:38.533290,1852.6,30584.9663488,17.5,78.067,105.862854,23.730898,,,,,,,,59.86,,
RUBYMILLS.NS,RUBYMILLS,2026-09-01T05:10:39.657819,380.1,1271.0544384,12.92,201.449,29.419504,1.8868299,,,,,,,,74.9,,
RUCHINFRA.NS,RUCHINFRA,2026-09-01T05:10:40.779815,5.64,133.1180672,0.15,7.045,37.6,0.80056775,,2.33,,,,,,58.16,,
RUCHIRA.NS,RUCHIRA,2026-09-01T05:10:41.939124,103.3,308.2987008,11.16,165.676,9.256273,0.6235061,,,,,,,,61.14,,
RUDRA.NS,RUDRA,2026-09-01T05:10:43.160467,20.5,205.7048448,1.32,13.293,15.530302,1.542165,,,,,,,,73.5,,
RUPA.NS,RUPA,2026-09-01T05:10:44.291925,146.8,1167.7126656,9.46,133.968,15.517971,1.0957841,,25.0,,,,,,73.29,,
RUSHIL.NS,RUSHIL,2026-09-01T05:10:45.462884,16.43,482.08384,0.78,21.867,21.064104,0.7513605,,,,,,,,54.8,,
RUSTOMJEE.NS,RUSTOMJEE,2026-09-01T05:10:46.604884,377.5,4765.8422272,9.24,226.684,40.85498,1.6653138,,,,,,,,,,
RVHL.NS,RVHL,2026-09-01T05:10:47.500310,39.1,239.7836544,7.77,47.331,5.032175,0.826097,,,,,,,,73.59,,
RVNL.NS,RVNL,2026-09-01T05:10:48.637901,210.2,43827.1246336,4.31,47.107,48.7703,4.462182,,,,,,,,100.0,,
RVTH.NS,RVTH,2026-09-01T05:10:49.807336,726.0,222.6600704,49.86,458.112,14.56077,1.5847653,,,,,,,,63.84,,
S&SPOWER.NS,S&SPOWER,2026-09-01T05:10:50.922773,336.2,414.9229312,6.54,72.233,51.40673,4.654382,,-1.0,,,,,,49.79,,
SAATVIKGL.NS,SAATVIKGL,2026-09-01T05:10:52.140889,415.15,5276.76416,19.38,113.63,21.42157,3.6535246,,,,,,,,75.99,,
SADBHAV.NS,SADBHAV,2026-09-01T05:10:53.252550,8.14,139.6586368,1.73,,4.7052026,,,5.0,,,,,,46.76,,
SADBHIN.NS,SADBHIN,2026-09-01T05:10:54.408313,2.62,92.2830016,0.05,,52.399998,,,2.0,,,,,,69.28,,
SADHNANIQ.NS,SADHNANIQ,2026-09-01T05:10:55.587194,2.8,849.0143744,,10.542,,0.26560426,,-13.0,,,,,,71.01,,
SAFARI.NS,SAFARI,2026-09-01T05:10:56.751724,1520.7,7451.0196736,33.67,227.512,45.164837,6.684043,,12.0,,,,,,61.98,,
SAGARDEEP.NS,SAGARDEEP,2026-09-01T05:10:57.961175,23.67,40.3748672,1.3,20.187,18.207693,1.1725367,,,,,,,,73.62,,
SAGCEM.NS,SAGCEM,2026-09-01T05:10:59.153817,160.0,2091.3209344,,129.52,,1.2353305,,14.0,,,,,,50.04,,
SAGILITY.NS,SAGILITY,2026-09-01T05:11:00.333504,46.29,21669.8699776,2.12,20.988,21.834908,2.205546,,,,,,,,82.39,,
SAHLIBHFI.NS,SAHLIBHFI,2026-09-01T05:11:01.491568,77.85,240.4662016,6.42,55.65,12.126168,1.3989217,,,,,,,,51.39,,
SAHYADRI.NS,SAHYADRI,2026-09-01T05:11:02.800724,358.25,392.1511936,40.89,370.984,8.761311,0.96567506,,,,,,,,66.44,,
SAIL.NS,SAIL,2026-09-01T05:11:03.941295,198.0,81784.3994624,10.35,146.001,19.130434,1.356155,,5.0,,,,,,75.0,,
SAILIFE.NS,SAILIFE,2026-09-01T05:11:05.123394,1521.0,32292.9000448,17.08,117.47,89.05152,12.947987,,,,,,,,35.16,,
SAIPARENT.NS,SAIPARENT,2026-09-01T05:11:06.271471,518.0,2288.4841472,4.43,149.951,116.93003,3.4544618,,,,,,,,51.16,,
SAKAR.NS,SAKAR,2026-09-01T05:11:07.431055,869.15,1907.776512,13.66,145.976,63.62738,5.954061,,,,,,,,68.61,,
SAKHTISUG.NS,SAKHTISUG,2026-09-01T05:11:08.588758,21.0,249.9363328,2.31,19.207,9.090909,1.0933514,,,,,,,,60.67,,
SAKSOFT.NS,SAKSOFT,2026-09-01T05:11:09.764800,156.42,2010.4536064,9.96,60.933,15.704819,2.567082,,18.0,,,,,,72.59,,
SAKUMA.NS,SAKUMA,2026-09-01T05:11:10.966609,1.63,255.5381504,0.07,4.777,23.285713,0.34121835,,13.0,,,,,,69.03,,
SALASAR.NS,SALASAR,2026-09-01T05:11:12.146121,5.9,1031.2906752,0.08,4.77,73.75,1.2368973,,16.0,,,,,,74.94,,
SALONA.NS,SALONA,2026-09-01T05:11:13.316380,273.8,144.0845056,2.98,158.926,91.87919,1.7228143,,,,,,,,54.95,,
SALSTEEL.NS,SALSTEEL,2026-09-01T05:11:14.425516,82.72,1197.510144,1.32,10.062,62.666664,8.221029,,,,,,,,50.56,,
SALZERELEC.NS,SALZERELEC,2026-09-01T05:11:15.597823,540.55,955.8403072,24.76,335.162,21.831583,1.6128021,,,,,,,,28.68,,
SAMBHAAV.NS,SAMBHAAV,2026-09-01T05:11:16.773646,6.08,116.195392,,4.371,,1.3909861,,8.77,,,,,,64.8,,
SAMBHV.NS,SAMBHV,2026-09-01T05:11:17.948116,127.24,3749.3989376,5.82,35.771,21.862541,3.5570712,,,,,,,,56.15,,
SAMHI.NS,SAMHI,2026-09-01T05:11:19.064762,153.67,3417.0011648,25.85,68.796,5.9446807,2.2337055,,,,,,,,,,
SAMMAANCAP.NS,SAMMAANCAP,2026-09-01T05:11:20.215598,149.11,17128.0695296,,232.312,,0.6418523,,,,,,,,,,
SAMPANN.NS,SAMPANN,2026-09-01T05:11:21.053653,25.71,131.4038016,1.36,9.756,18.904411,2.6353014,,,,,,,,25.82,,
SANATHAN.NS,SANATHAN,2026-09-01T05:11:22.234581,445.0,3755.9803904,7.17,222.184,62.064156,2.0028443,,,,,,,,78.58,,
SANDESH.NS,SANDESH,2026-09-01T05:11:23.364404,1065.3,806.3704576,141.74,781.969,7.5158744,1.3623303,,19.0,,,,,,74.81,,
SANDHAR.NS,SANDHAR,2026-09-01T05:11:24.584500,667.35,4026.4781824,34.54,221.409,19.321075,3.014105,,,,,,,,70.14,,
SANDUMA.NS,SANDUMA,2026-09-01T05:11:25.761740,201.9,9814.4559104,14.75,66.934,13.688135,3.0164042,,9.0,,,,,,72.43,,
SANGAMIND.NS,SANGAMIND,2026-09-01T05:11:26.923423,590.9,2913.7289216,24.19,214.198,24.42745,2.7586627,,,,,,,,47.48,,
SANGHVIMOV.NS,SANGHVIMOV,2026-09-01T05:11:28.083074,456.75,3954.3586816,23.05,151.446,19.815619,3.0159266,,,,,,,,46.88,,
SANGINITA.NS,SANGINITA,2026-09-01T05:11:29.245338,58.76,152.197504,,17.911,,3.2806656,,,,,,,,73.5,,
SANOFI.NS,SANOFI,2026-09-01T05:11:30.374671,3148.7,7251.6517888,140.63,358.692,22.389957,8.778283,,,,,,,,60.4,,
SANOFICONR.NS,SANOFICONR,2026-09-01T05:11:31.556487,4129.0,9522.9140992,115.46,151.043,35.761303,27.336586,,,,,,,,60.4,,
SANSERA.NS,SANSERA,2026-09-01T05:11:32.670934,4009.0,25017.58976,52.1,496.13,76.94818,8.0805435,,,,,,,,36.02,,
SANSTAR.NS,SANSTAR,2026-09-01T05:11:34.243906,109.35,2189.9350016,2.41,38.086,45.373444,2.8711338,,,,,,,,70.37,,
SANWARIA.NS,SANWARIA,2026-09-01T05:11:35.410638,0.19,26.3580432,0.02,8.782,9.5,0.021635164,,,,,,,,71.68,,
SAPPHIRE.NS,SAPPHIRE,2026-09-01T05:11:36.558992,231.87,7460.601856,,43.269,,5.358802,,,,,,,,51.26,,
SAPPL.NS,SAPPL,2026-09-01T05:11:37.771849,290.0,,46.66,312.48,6.2151737,0.92805934,,13.0,,,,,,47.43,,
SARDAEN.NS,SARDAEN,2026-09-01T05:11:38.909102,502.15,17694.826496,32.03,208.985,15.67749,2.402804,,12.0,,,,,,71.53,,
SAREGAMA.NS,SAREGAMA,2026-09-01T05:11:40.210311,477.6,9167.9850496,11.53,86.666,41.42238,5.510812,,4.0,,,,,,59.14,,
SARLAPOLY.NS,SARLAPOLY,2026-09-01T05:11:41.390761,103.3,821.2660224,0.47,52.273,219.78725,1.9761637,,10.0,,,,,,55.23,,
SARVESHWAR.NS,SARVESHWAR,2026-09-01T05:11:42.548717,3.35,412.5948672,0.29,3.897,11.551724,0.8596356,,,,,,,,73.67,,
SASKEN.NS,SASKEN,2026-09-01T05:11:43.700667,1911.7,2904.157184,45.62,563.415,41.904865,3.3930585,,-9.0,,,,,,42.14,,
SATIA.NS,SATIA,2026-09-01T05:11:44.864756,57.0,569.9999744,,108.866,,0.5235795,,,,,,,,49.65,,
SATIN.NS,SATIN,2026-09-01T05:11:45.990093,222.49,2447.123456,37.25,260.337,5.972886,0.854623,4.0,,,,,,,36.2,,
SAURASHCEM.NS,SAURASHCEM,2026-09-01T05:11:47.227311,56.01,623.399936,0.6,85.251,93.34999,0.6570011,,23.0,,,,,,73.83,,
SAYAJIHOTL.NS,SAYAJIHOTL,2026-09-01T05:11:48.386565,306.0,536.0500736,,88.738,,3.4483535,,1.0,,,,,,74.93,,
SBC.NS,SBC,2026-09-01T05:11:49.546638,42.1,2004.7599616,0.68,1.659,61.911762,25.376732,,,,,,,,67.01,,
SBCL.NS,SBCL,2026-09-01T05:11:50.756873,1066.6,6144.0638976,18.36,83.898,58.093678,12.713056,,12.0,,,,,,61.85,,
SBFC.NS,SBFC,2026-09-01T05:11:51.925910,99.01,10965.3303296,4.36,33.69,22.708715,2.9388545,5.0,,,,,,,60.66,,
SBGLP.NS,SBGLP,2026-09-01T05:11:53.077659,24.6,426.6044672,2.37,5.974,10.379747,4.117844,,,,,,,,73.42,,
SBICARD.NS,SBICARD,2026-09-01T05:11:54.265088,641.25,61024.1150976,23.92,165.178,26.808111,3.8821757,,,,,,,,69.55,,
SBIFUNDS.NS,SBIFUNDS,2026-09-01T05:11:55.470271,570.8,116262.1222912,15.07,29.276,37.876575,19.4972,,,,,,,,88.19,,
SBILIFE.NS,SBILIFE,2026-09-01T05:11:56.587779,1746.7,175255.06048,25.89,200.674,67.4662,8.704166,,,,,,,,84.1,,
SBIN.NS,SBIN,2026-09-01T05:11:57.727717,1042.4,962199.552,93.54,673.779,11.143896,1.5470948,11.0,,,,,,,62.22,,
SCANSTL.NS,SCANSTL,2026-09-01T05:11:58.906518,57.98,,4.1,76.572,14.141463,0.75719583,,,,,,,,48.85,,
SCHAEFFLER.NS,SCHAEFFLER,2026-09-01T05:12:00.038043,4001.0,62537.0988544,80.26,392.485,49.850483,10.19402,,,,,,,,51.33,,
SCHAND.NS,SCHAND,2026-09-01T05:12:01.188117,136.5,481.4654464,20.24,299.053,6.744071,0.4564408,,15.0,,,,,,46.61,,
SCHNEIDER.NS,SCHNEIDER,2026-09-01T05:12:02.414224,1201.4,28725.9590656,7.69,32.429,156.22887,37.04709,,,,,,,,75.0,,
SCI.NS,SCI,2026-09-01T05:12:03.546275,294.55,13720.109056,34.75,195.37,8.476258,1.5076522,,,,,,,,63.75,,
SCILAL.NS,SCILAL,2026-09-01T05:12:04.698806,40.1,1867.8540288,0.61,71.541,65.7377,0.5605177,,,,,,,,,,
SCODATUBES.NS,SCODATUBES,2026-09-01T05:12:05.543748,128.58,770.3086592,6.23,63.003,20.638845,2.0408552,,,,,,,,66.43,,
SCPL.NS,SCPL,2026-09-01T05:12:06.695074,647.0,679.350016,19.76,149.431,32.742916,4.3297577,,,,,,,,50.79,,
SDBL.NS,SDBL,2026-09-01T05:12:07.824007,71.77,1492.1076736,,37.767,,1.9003363,,,,,,,,22.97,,
SEAMECLTD.NS,SEAMECLTD,2026-09-01T05:12:08.980180,1663.3,4243.7464064,101.1,511.904,16.452028,3.2492423,,10.0,,,,,,72.87,,
SECMARK.NS,SECMARK,2026-09-01T05:12:10.147206,152.82,167.5036928,3.12,22.418,48.980774,6.816844,,,,,,,,72.99,,
SECURKLOUD.NS,SECURKLOUD,2026-09-01T05:12:11.270997,17.63,58.9028928,0.82,,21.5,,,26.0,,,,,,63.41,,
SEDEMAC.NS,SEDEMAC,2026-09-01T05:12:12.551347,3030.0,13383.6611584,27.1,102.498,111.80811,29.561552,,,,,,,,26.24,,
SEIL.NS,SEIL,2026-09-01T05:12:13.656250,199.71,3215.3311232,0.37,4.673,539.7568,42.737003,,,,,,,,64.55,,
SEJALLTD.NS,SEJALLTD,2026-09-01T05:12:14.788053,693.45,813.01632,28.82,132.738,24.061417,5.2242007,,,,,,,,50.52,,
SELMC.NS,SELMC,2026-09-01T05:12:15.946962,27.15,90.0816256,,,,,,11.0,,,,,,20.45,,
SEMAC.NS,SEMAC,2026-09-01T05:12:17.110164,281.0,87.596352,21.63,251.137,12.991217,1.1189113,,11.0,,,,,,72.58,,
SENCO.NS,SENCO,2026-09-01T05:12:18.264367,352.8,5782.4256,34.86,153.454,10.1204815,2.2990603,,,,,,,,68.46,,
SENORES.NS,SENORES,2026-09-01T05:12:19.417866,1438.5,6624.8085504,28.46,235.098,50.544624,6.118725,,,,,,,,45.78,,
SEPC.NS,SEPC,2026-09-01T05:12:20.592417,5.42,1054.4681984,0.13,9.781,41.69231,0.55413556,,2.0,,,,,,29.82,,
SERVOTECH.NS,SERVOTECH,2026-09-01T05:12:21.797846,79.47,1794.7901952,1.63,12.662,48.7546,6.27626,,,,,,,,69.23,,
SESHAPAPER.NS,SESHAPAPER,2026-09-01T05:12:22.949090,227.99,1437.89056,16.44,339.044,13.868005,0.6724496,,,,,,,,42.65,,
SETCO.NS,SETCO,2026-09-01T05:12:24.121338,18.1,242.7356416,,,,,,12.0,,,,,,63.54,,
SETL.NS,SETL,2026-09-01T05:12:25.284826,379.55,7571.705856,4.3,39.445,88.26743,9.622258,,,,,,,,60.41,,
SETUINFRA.NS,SETUINFRA,2026-09-01T05:12:26.436551,0.49,6.3161384,0.01,3.94,49.000004,0.124365486,,16.29,,,,,,27.42,,
SEYAIND.NS,SEYAIND,2026-09-01T05:12:27.646152,12.43,37.0935904,,313.088,,0.039701298,,,,,,,,71.18,,
SFL.NS,SFL,2026-09-01T05:12:28.754365,644.9,7042.5214976,19.62,297.801,32.869522,2.1655402,,19.0,,,,,,85.68,,
SGFIN.NS,SGFIN,2026-09-01T05:12:29.938028,688.45,4536.541184,26.56,223.73,25.920559,3.0771468,,,,,,,,47.48,,
SGIL.NS,SGIL,2026-09-01T05:12:31.053819,606.05,941.4986752,,71.506,,8.4755125,,,,,,,,,,
SGL.NS,SGL,2026-09-01T05:12:31.963951,10.1,27.494016,,9.604,,1.0516452,,,,,,,,64.03,,
SGMART.NS,SGMART,2026-09-01T05:12:33.092314,817.15,10298.9668352,9.87,126.66,82.79129,6.451524,,,,,,,,74.8,,
SHADOWFAX.NS,SHADOWFAX,2026-09-01T05:12:34.247781,258.55,15169.9177472,2.9,29.69,89.15517,8.708319,,,,,,,,16.59,,
SHAH.NS,SHAH,2026-09-01T05:12:35.362139,3.54,351.3004544,0.15,3.315,23.599998,1.0678732,,6.0,,,,,,61.45,,
SHAHALLOYS.NS,SHAHALLOYS,2026-09-01T05:12:36.562363,111.51,220.762368,54.8,56.781,2.0348542,1.9638612,,,,,,,,54.19,,
SHAILY.NS,SHAILY,2026-09-01T05:12:37.785712,3224.8,14832.5482496,38.26,155.951,84.28647,20.67829,,,,,,,,54.09,,
SHAKTIPUMP.NS,SHAKTIPUMP,2026-09-01T05:12:38.971328,481.5,5941.6121344,17.13,138.216,28.108583,3.4836776,,18.0,,,,,,45.69,,
SHALBY.NS,SHALBY,2026-09-01T05:12:40.142017,154.8,1664.39424,3.5,94.388,44.228573,1.640039,,22.0,,,,,,79.41,,
SHALPAINTS.NS,SHALPAINTS,2026-09-01T05:12:41.321494,80.0,669.6893952,,29.91,,2.6746907,,2.0,,,,,,62.3,,
SHANKARA.NS,SHANKARA,2026-09-01T05:12:42.487949,146.39,354.9858816,2.05,184.463,71.40976,0.7936009,,15.0,,,,,,56.2,,
SHANTI.NS,SHANTI,2026-09-01T05:12:43.717186,6.47,7.1855816,,3.602,,1.7962242,,,,,,,,72.93,,
SHANTIGEAR.NS,SHANTIGEAR,2026-09-01T05:12:45.707038,529.15,4060.7137792,8.34,57.362,63.447243,9.224749,,,,,,,,70.12,,
SHANTIGOLD.NS,SHANTIGOLD,2026-09-01T05:12:46.872428,240.51,1845.6610816,23.45,90.6,10.2562895,2.6546357,,,,,,,,74.89,,
SHARDACROP.NS,SHARDACROP,2026-09-01T05:12:47.990793,777.3,7012.839424,69.36,347.647,11.206747,2.2358887,,27.0,,,,,,74.78,,
SHARDAMOTR.NS,SHARDAMOTR,2026-09-01T05:12:49.163724,892.85,5125.6496128,57.81,228.769,15.444559,3.9028451,,13.0,,,,,,74.97,,
SHARDUL.NS,SHARDUL,2026-09-01T05:12:50.332290,52.0,454.9592576,2.65,75.233,19.62264,0.691186,,,,,,,,,,
SHAREINDIA.NS,SHAREINDIA,2026-09-01T05:12:51.302144,174.5,3818.5054208,16.57,118.921,10.53108,1.4673607,,,,,,,,72.7,,
SHBAJRG.NS,SHBAJRG,2026-09-01T05:12:52.464399,164.0,147.6,50.37,426.315,3.2559063,0.38469207,,4.0,,,,,,60.12,,
SHEKHAWATI.NS,SHEKHAWATI,2026-09-01T05:12:53.670323,16.59,57.185728,3.58,6.378,4.6340785,2.601129,,,,,,,,47.93,,
SHEMAROO.NS,SHEMAROO,2026-09-01T05:12:54.774731,128.0,367.74784,,98.758,,1.2960975,,21.0,,,,,,65.82,,
SHILCTECH.NS,SHILCTECH,2026-09-01T05:12:55.953863,3997.3,4572.9910784,120.08,429.054,33.28864,9.316544,,,,,,,,65.85,,
SHILPAMED.NS,SHILPAMED,2026-09-01T05:12:57.119454,898.0,17563.2482304,15.18,132.457,59.156784,6.7795587,,18.0,,,,,,54.74,,
SHINDL.NS,SHINDL,2026-09-01T05:12:58.287951,161.98,,4.27,56.92,37.934425,2.8457484,,,,,,,,54.5,,
SHIVALIK.NS,SHIVALIK,2026-09-01T05:12:59.472415,338.25,534.1821952,8.84,379.951,38.263573,0.8902464,,,,,,,,71.2,,
SHIVAMAUTO.NS,SHIVAMAUTO,2026-09-01T05:13:00.631024,18.03,239.3857536,,,,,,,,,,,,74.8,,
SHIVAMILLS.NS,SHIVAMILLS,2026-09-01T05:13:01.803849,62.35,53.8816704,3.89,107.033,16.028276,0.5825306,,,,,,,,74.94,,
SHIVATEX.NS,SHIVATEX,2026-09-01T05:13:02.935963,185.38,254.6963968,7.43,112.061,24.950203,1.6542777,,,,,,,,74.94,,
SHIVAUM.NS,SHIVAUM,2026-09-01T05:13:04.161084,449.0,610.6579456,5.3,88.814,84.71698,5.055509,,,,,,,,73.53,,
SHK.NS,SHK,2026-09-01T05:13:05.272503,151.91,2102.7504128,6.39,98.388,23.773085,1.5439892,,14.0,,,,,,56.95,,
SHOPERSTOP.NS,SHOPERSTOP,2026-09-01T05:13:06.500441,380.3,4191.121408,,26.427,,14.390585,,13.0,,,,,,67.1,,
SHRADHA.NS,SHRADHA,2026-09-01T05:13:07.678669,32.35,262.0271104,4.11,36.843,7.8710456,0.8780501,,,,,,,,71.96,,
SHREDIGCEM.NS,SHREDIGCEM,2026-09-01T05:13:08.823948,74.96,1108.7653888,1.22,24.735,61.44262,3.0305235,,,,,,,,75.0,,
SHREECEM.NS,SHREECEM,2026-09-01T05:13:10.097472,23590.0,85114.486784,451.2,2553.785,52.2828,9.237269,,9.0,,,,,,64.79,,
SHREEJISPG.NS,SHREEJISPG,2026-09-01T05:13:11.273302,648.0,10557.1033088,10.18,47.287,63.65422,13.703555,,,,,,,,90.0,,
SHREEPUSHK.NS,SHREEPUSHK,2026-09-01T05:13:12.438915,457.85,1480.5812224,21.98,188.726,20.830301,2.426004,,,,,,,,61.61,,
SHREERAMA.NS,SHREERAMA,2026-09-01T05:13:13.627817,41.98,560.2987008,1.88,12.424,22.329786,3.378944,,,,,,,,42.51,,
SHRENIK.NS,SHRENIK,2026-09-01T05:13:14.731024,0.3,18.36,0.06,,5.0000005,,,,,,,,,73.54,,
SHREYANIND.NS,SHREYANIND,2026-09-01T05:13:15.883359,126.29,174.5902464,,308.715,,0.40908283,,,,,,,,47.26,,
SHRIKRISH.NS,SHRIKRISH,2026-09-01T05:13:17.002452,39.99,,,32.898,27.579311,1.2155755,,,,,,,,54.88,,
SHRINGARMS.NS,SHRINGARMS,2026-09-01T05:13:18.209242,218.01,2102.3156224,14.13,70.361,15.428874,3.0984492,,,,,,,,74.8,,
SHRIPISTON.NS,SHRIPISTON,2026-09-01T05:13:19.357260,4623.9,21448.548352,126.65,658.596,36.509277,7.020844,,12.0,,,,,,47.78,,
SHRIRAMFIN.NS,SHRIRAMFIN,2026-09-01T05:13:20.584617,1069.9,251741.9687936,56.6,350.339,18.902828,3.0538993,12.0,,,,,,,26.08,,
SHRIRAMPPS.NS,SHRIRAMPPS,2026-09-01T05:13:21.792098,76.88,1311.9909888,5.35,85.528,14.370093,0.89888686,,,,,,,,28.0,,
SHUKRAPHAR.NS,SHUKRAPHAR,2026-09-01T05:13:23.001316,45.17,1977.9012608,0.78,2.094,57.910255,21.571154,,,,,,,,49.17,,
SHYAMCENT.NS,SHYAMCENT,2026-09-01T05:13:24.129114,4.88,103.5404224,,8.523,,0.57256836,,,,,,,,61.63,,
SHYAMMETL.NS,SHYAMMETL,2026-09-01T05:13:25.257584,1083.7,30162.2493184,40.46,404.449,26.784477,2.6794477,,,,,,,,88.35,,
SHYAMTEL.NS,SHYAMTEL,2026-09-01T05:13:26.562709,12.18,13.9418736,,,,,,,,,,,,66.22,,
SICAGEN.NS,SICAGEN,2026-09-01T05:13:27.685573,54.74,216.6153984,5.17,125.417,10.588008,0.43646398,,2.0,,,,,,41.91,,
SICALLOG.NS,SICALLOG,2026-09-01T05:13:28.865259,99.5,793.8594816,9.86,21.234,10.091278,4.685881,,5.0,,,,,,56.55,,
SIEMENS.NS,SIEMENS,2026-09-01T05:13:30.029841,4021.0,143196.0551424,47.43,388.638,84.777565,10.346389,,,,,,,,75.0,,
SIGACHI.NS,SIGACHI,2026-09-01T05:13:31.210684,32.4,1239.2526848,0.67,13.535,48.35821,2.393794,,,,,,,,48.48,,
SIGIND.NS,SIGIND,2026-09-01T05:13:32.375221,69.0,203.1153024,7.73,79.5,8.926261,0.8679245,,,,,,,,,,
SIGMA.NS,SIGMA,2026-09-01T05:13:33.271830,48.12,494.5531904,3.04,7.469,15.828947,6.4426293,,,,,,,,73.22,,
SIGMAADV.NS,SIGMAADV,2026-09-01T05:13:34.450792,780.15,13749.3413888,9.48,26.584,82.29431,29.346601,,4.0,,,,,,7.24,,
SIGNATURE.NS,SIGNATURE,2026-09-01T05:13:35.686153,766.5,10783.584256,74.18,131.624,10.3329735,5.823406,,,,,,,,69.63,,
SIGNPOST.NS,SIGNPOST,2026-09-01T05:13:36.837665,254.55,1360.5697536,14.07,53.988,18.091684,4.7149367,,,,,,,,75.0,,
SIKA.NS,SIKA,2026-09-01T05:13:37.958952,1000.1,,16.3,73.368,61.35583,13.631284,,6.0,,,,,,71.72,,
SIKKO.NS,SIKKO,2026-09-01T05:13:39.242460,5.03,219.7104128,0.14,2.151,35.928574,2.3384473,,,,,,,,71.43,,
SIL.NS,SIL,2026-09-01T05:13:40.357552,19.78,127.2426496,9.63,17.887,2.053998,1.1058311,,-14.0,,,,,,20.15,,
SILGO.NS,SILGO,2026-09-01T05:13:41.501608,72.95,190.8864,2.51,52.291,29.063744,1.3950775,,,,,,,,73.23,,
SILINV.NS,SILINV,2026-09-01T05:13:42.618599,485.0,513.8992128,47.29,2420.41,10.255868,0.20037928,,9.0,,,,,,62.75,,
SILLYMONKS.NS,SILLYMONKS,2026-09-01T05:13:43.806823,15.7,16.0317408,,11.188,,1.4032892,,,,,,,,41.71,,
SILVERTUC.NS,SILVERTUC,2026-09-01T05:13:44.961296,174.84,2217.1459584,28.8,13.348,6.070833,13.098592,,,,,,,,67.22,,
SIMBHALS.NS,SIMBHALS,2026-09-01T05:13:46.127762,8.3,35.2267008,,,,,,,,,,,,48.6,,
SIMPLEXINF.NS,SIMPLEXINF,2026-09-01T05:13:47.296966,266.95,2111.4503168,6.05,125.464,44.123966,2.1277022,,11.0,,,,,,56.2,,
SINCLAIR.NS,SINCLAIR,2026-09-01T05:13:48.458412,83.32,427.0983168,2.1,22.548,39.676193,3.6952279,,,,,,,,52.28,,
SINDHUTRAD.NS,SINDHUTRAD,2026-09-01T05:13:49.573756,24.47,3773.0996224,0.36,8.719,67.97222,2.8065145,,,,,,,,74.93,,
SINGERIND.NS,SINGERIND,2026-09-01T05:13:50.787954,78.79,,,28.65,,2.7500873,,,,,,,,30.49,,
SINTERCOM.NS,SINTERCOM,2026-09-01T05:13:51.932443,78.1,214.9923072,0.6,36.904,130.16666,2.1163018,,,,,,,,65.27,,
SIRCA.NS,SIRCA,2026-09-01T05:13:53.050380,433.0,2465.191936,11.87,83.658,36.47852,5.175835,,,,,,,,67.32,,
SIS.NS,SIS,2026-09-01T05:13:54.250365,430.8,6063.4243072,10.39,180.168,41.462944,2.3911016,,16.0,,,,,,75.48,,
SITINET.NS,SITINET,2026-09-01T05:13:55.423331,0.3,34.6464672,,,,,,4.0,,,,,,70.99,,
SIYSIL.NS,SIYSIL,2026-09-01T05:13:56.583952,559.65,2539.137024,52.33,321.821,10.694631,1.7390102,,,,,,,,67.07,,
SJS.NS,SJS,2026-09-01T05:13:57.819455,2487.1,7965.3494784,65.0,271.239,38.263077,9.169404,,,,,,,,50.37,,
SJVN.NS,SJVN,2026-09-01T05:13:59.060981,64.92,25512.2292736,1.76,36.207,36.886364,1.7930233,,18.0,,,,,,89.97,,
SKFINDIA.NS,SKFINDIA,2026-09-01T05:14:00.224280,1557.5,7699.9630848,42.43,268.909,36.70752,5.791922,,,,,,,,53.58,,
SKFINDUS.NS,SKFINDUS,2026-09-01T05:14:01.376626,3009.0,14875.8839296,42.06,298.728,71.54066,10.072708,,,,,,,,52.58,,
SKIPPER.NS,SKIPPER,2026-09-01T05:14:02.479522,540.15,6098.5114624,19.88,132.966,27.170525,4.062317,,,,,,,,70.41,,
SKMEGGPROD.NS,SKMEGGPROD,2026-09-01T05:14:03.650128,262.5,1384.0422912,21.14,75.124,12.417219,3.4942229,,35.0,,,,,,54.27,,
SKYGOLD.NS,SKYGOLD,2026-09-01T05:14:04.816150,769.8,11922.1919744,21.75,77.361,35.393105,9.95075,,,,,,,,,,
SMARTLINK.NS,SMARTLINK,2026-09-01T05:14:05.706978,221.83,221.2754176,16.62,210.327,13.347172,1.0546911,,-3.0,,,,,,72.7,,
SMARTWORKS.NS,SMARTWORKS,2026-09-01T05:14:06.939414,526.5,6022.1632512,,46.287,,11.374684,,,,,,,,58.33,,
SMCGLOBAL.NS,SMCGLOBAL,2026-09-01T05:14:08.105029,79.23,1659.0763008,4.87,62.272,16.268995,1.2723215,,13.0,,,,,,62.32,,
SMLMAH.NS,SMLMAH,2026-09-01T05:14:09.284610,5280.0,7641.0290176,107.88,358.867,48.94327,14.712972,,,,,,,,43.96,,
SMLT.NS,SMLT,2026-09-01T05:14:10.402565,65.07,89.0792,3.57,90.782,18.22689,0.7167721,,,,,,,,69.25,,
SMSPHARMA.NS,SMSPHARMA,2026-09-01T05:14:11.522702,370.95,3474.0224,11.06,83.907,33.539783,4.420966,,,,,,,,67.6,,
SNOWMAN.NS,SNOWMAN,2026-09-01T05:14:12.697575,36.9,617.0154496,0.32,23.935,115.31251,1.5416754,,,,,,,,40.25,,
SOBHA.NS,SOBHA,2026-09-01T05:14:13.870803,1241.2,13275.1089664,21.6,441.306,57.46296,2.8125608,,14.0,,,,,,60.24,,
SOFTTECH.NS,SOFTTECH,2026-09-01T05:14:15.137707,415.3,574.8639744,3.63,123.955,114.40771,3.3504093,,,,,,,,42.98,,
SOLARA.NS,SOLARA,2026-09-01T05:14:16.289289,648.65,3129.7695744,,287.118,,2.2591758,,,,,,,,40.55,,
SOLARINDS.NS,SOLARINDS,2026-09-01T05:14:17.463671,20070.0,181613.5467008,219.18,693.689,91.56858,28.932272,,19.0,,,,,,73.15,,
SOLARWORLD.NS,SOLARWORLD,2026-09-01T05:14:18.643268,146.0,1265.4208,14.55,97.819,10.034364,1.4925525,,,,,,,,65.77,,
SOLEX.NS,SOLEX,2026-09-01T05:14:19.808690,740.2,799.6002304,73.91,234.177,10.014883,3.160857,,,,,,,,70.43,,
SOMANYCERA.NS,SOMANYCERA,2026-09-01T05:14:20.929718,561.15,2301.433856,25.85,205.394,21.707932,2.7320664,,20.0,,,,,,51.53,,
SOMATEX.NS,SOMATEX,2026-09-01T05:14:22.097308,84.14,285.8587136,2.72,50.758,30.933823,1.6576698,,,,,,,,63.74,,
SOMICONVEY.NS,SOMICONVEY,2026-09-01T05:14:23.321604,92.6,112.5957504,3.76,69.296,24.627659,1.3362964,,,,,,,,59.05,,
SONACOMS.NS,SONACOMS,2026-09-01T05:14:24.435092,814.8,50834.6073088,11.17,96.212,72.94539,8.468798,,,,,,,,67.18,,
SONAL.NS,SONAL,2026-09-01T05:14:25.638303,84.51,,15.03,292.298,5.6227546,0.28912276,3.0,,,,,,,4.38,,
SONAMLTD.NS,SONAMLTD,2026-09-01T05:14:26.767449,72.41,289.8717184,1.83,17.855,39.568306,4.055447,,,,,,,,71.94,,
SONATSOFTW.NS,SONATSOFTW,2026-09-01T05:14:27.878820,290.55,8042.262528,16.72,68.81,17.377392,4.2224965,,44.0,,,,,,30.95,,
SOTL.NS,SOTL,2026-09-01T05:14:29.110001,759.15,5204.7642624,60.38,264.9,12.572872,2.8657985,,,,,,,,71.58,,
SOUTHBANK.NS,SOUTHBANK,2026-09-01T05:14:30.335511,45.54,11928.297472,5.76,45.049,7.90625,1.0108993,,,,,,,,,,
SOUTHWEST.NS,SOUTHWEST,2026-09-01T05:14:31.493943,209.04,682.5453056,13.09,68.231,15.969441,3.0637097,,,,,,,,66.66,,
SPAL.NS,SPAL,2026-09-01T05:14:32.651835,1038.7,2611.1758336,41.8,376.72,24.849281,2.75722,,14.0,,,,,,60.12,,
SPANDANA.NS,SPANDANA,2026-09-01T05:14:33.831589,238.72,2116.0022016,,266.679,,0.89515865,77.0,,,,,,,62.58,,
SPARC.NS,SPARC,2026-09-01T05:14:35.002231,198.92,6455.3836544,48.81,41.255,4.075394,4.821718,,,,,,,,66.93,,
SPCENET.NS,SPCENET,2026-09-01T05:14:36.148689,3.15,178.8368512,0.29,3.415,10.86207,0.9224012,,,,,,,,20.53,,
SPECIALITY.NS,SPECIALITY,2026-09-01T05:14:37.281885,140.68,678.5791488,4.91,72.006,28.651731,1.953726,,,,,,,,51.2,,
SPECTRUM.NS,SPECTRUM,2026-09-01T05:14:38.509551,2093.0,3288.906752,33.02,155.834,63.385826,13.430959,,,,,,,,68.64,,
SPENCERS.NS,SPENCERS,2026-09-01T05:14:39.643374,29.3,264.086784,,,,,,,,,,,,,,
SPIC.NS,SPIC,2026-09-01T05:14:40.485036,69.09,1406.9510144,10.07,67.364,6.860973,1.025622,,7.0,,,,,,49.43,,
SPLIL.NS,SPLIL,2026-09-01T05:14:41.645609,32.53,95.4884928,2.85,74.499,11.414035,0.43665013,,,,,,,,67.24,,
SPLPETRO.NS,SPLPETRO,2026-09-01T05:14:42.771274,722.85,13592.567808,25.81,126.382,28.006586,5.719564,,,,,,,,60.84,,
SPMLINFRA.NS,SPMLINFRA,2026-09-01T05:14:44.372452,180.65,1520.1682432,10.59,118.262,17.058544,1.5275404,,14.0,,,,,,59.65,,
SPORTKING.NS,SPORTKING,2026-09-01T05:14:45.558069,231.55,2946.9499392,12.69,86.855,18.246653,2.6659374,,,,,,,,68.9,,
SRD.NS,SRD,2026-09-01T05:14:46.914561,39.11,250.17408,2.89,19.177,13.532871,2.0394223,,,,,,,,72.99,,
SREEL.NS,SREEL,2026-09-01T05:14:48.071487,247.99,574.2211584,14.35,215.123,17.281532,1.1527824,,,,,,,,63.79,,
SRF.NS,SRF,2026-09-01T05:14:49.174435,2580.9,76499.4256896,73.04,473.738,35.33543,5.4479475,,11.0,,,,,,52.38,,
SRGHFL.NS,SRGHFL,2026-09-01T05:14:50.362519,259.25,407.2192256,21.77,189.078,11.908589,1.3711272,,,,,,,,53.88,,
SRHHYPOLTD.NS,SRHHYPOLTD,2026-09-01T05:14:51.482410,496.95,853.0057728,54.74,565.755,9.07837,0.87838376,,,,,,,,57.54,,
SRM.NS,SRM,2026-09-01T05:14:52.629760,448.0,1028.0940544,51.41,161.753,8.714258,2.7696548,,,,,,,,72.92,,
SRTL.NS,SRTL,2026-09-01T05:14:53.830394,39.0,155.9025024,3.53,65.353,11.048159,0.59675914,,,,,,,,34.59,,
SSDL.NS,SSDL,2026-09-01T05:14:54.931819,56.51,223.7784576,6.0,47.863,9.418333,1.1806614,,,,,,,,74.99,,
SSWL.NS,SSWL,2026-09-01T05:14:56.046956,337.55,5308.483584,13.48,114.789,25.040802,2.9406126,,,,,,,,58.77,,
STALLION.NS,STALLION,2026-09-01T05:14:57.263284,211.0,2449.409024,5.79,82.786,36.442142,2.54874,,,,,,,,67.9,,
STANLEY.NS,STANLEY,2026-09-01T05:14:58.425439,138.25,789.762304,0.82,81.568,168.59756,1.6949048,,,,,,,,56.72,,
STAR.NS,STAR,2026-09-01T05:14:59.565180,1011.4,9322.348544,66.6,337.146,15.186187,2.9998875,,57.0,,,,,,31.09,,
STARCEMENT.NS,STARCEMENT,2026-09-01T05:15:00.774554,186.0,7517.7558016,9.15,78.865,20.32787,2.3584607,,12.0,,,,,,68.89,,
STARHEALTH.NS,STARHEALTH,2026-09-01T05:15:02.001334,564.2,33197.7261056,11.36,172.352,49.665497,3.273533,,,,,,,,58.9,,
STARPAPER.NS,STARPAPER,2026-09-01T05:15:03.179057,151.51,237.9972096,19.81,455.198,7.6481576,0.33284417,,,,,,,,53.06,,
STARTECK.NS,STARTECK,2026-09-01T05:15:04.442969,256.65,254.3486208,24.61,265.411,10.428687,0.96699077,7.0,,,,,,,64.79,,
STCINDIA.NS,STCINDIA,2026-09-01T05:15:05.743107,116.21,697.2599808,106.92,,1.0868874,,,47.0,,,,,,90.0,,
STEELCAS.NS,STEELCAS,2026-09-01T05:15:06.922437,346.8,3509.6158208,8.97,39.033,38.662205,8.884789,,,,,,,,45.79,,
STEELCITY.NS,STEELCITY,2026-09-01T05:15:08.040199,83.65,126.3708544,11.26,91.345,7.428952,0.91575897,,18.0,,,,,,55.2,,
STEELXIND.NS,STEELXIND,2026-09-01T05:15:09.203238,10.66,1359.7026304,0.25,6.207,42.64,1.7174158,,,,,,,,48.32,,
STEL.NS,STEL,2026-09-01T05:15:10.328966,637.0,1175.6092416,10.51,871.509,60.608944,0.73091614,,3.0,,,,,,50.31,,
STERTOOLS.NS,STERTOOLS,2026-09-01T05:15:11.490630,216.0,785.0395648,7.15,145.602,30.20979,1.4834961,,,,,,,,70.15,,
STLNETWORK.NS,STLNETWORK,2026-09-01T05:15:12.671291,27.66,1350.10816,,16.4,,1.6865854,,,,,,,,44.15,,
STLTECH.NS,STLTECH,2026-09-01T05:15:13.842215,718.1,36903.9638528,4.59,46.463,156.44879,15.455308,,5.0,,,,,,54.49,,
STOVEKRAFT.NS,STOVEKRAFT,2026-09-01T05:15:15.011493,837.05,2771.248128,14.67,152.498,57.05862,5.4889245,,,,,,,,54.36,,
STUDDS.NS,STUDDS,2026-09-01T05:15:16.160341,445.75,1754.1777408,18.99,132.855,23.472881,3.3551617,,,,,,,,61.75,,
STYL.NS,STYL,2026-09-01T05:15:17.287421,385.8,6242.4686592,16.93,88.241,22.787949,4.372117,,,,,,,,81.8,,
STYLAMIND.NS,STYLAMIND,2026-09-01T05:15:18.408189,3353.8,5687.6208128,99.96,471.571,33.551422,7.1119723,,,,,,,,58.83,,
STYLEBAAZA.NS,STYLEBAAZA,2026-09-01T05:15:19.590774,399.0,3037.0824192,6.29,60.386,63.43402,6.6074915,,,,,,,,45.57,,
STYRENIX.NS,STYRENIX,2026-09-01T05:15:20.785856,2024.7,3562.7237376,153.18,777.056,13.217783,2.6056035,,,,,,,,75.0,,
SUBEXLTD.NS,SUBEXLTD,2026-09-01T05:15:22.018113,18.26,1013.1657728,0.54,6.178,33.814816,2.9556491,,9.0,,,,,,0.19,,
SUBROS.NS,SUBROS,2026-09-01T05:15:23.236218,721.25,4705.128448,25.49,190.663,28.29541,3.7828526,,8.0,,,,,,40.01,,
SUDARCOLOR.NS,SUDARCOLOR,2026-09-01T05:15:24.666048,383.0,884.0328192,20.73,246.982,18.47564,1.5507203,,,,,,,,51.0,,
SUDARSCHEM.NS,SUDARSCHEM,2026-09-01T05:15:25.789825,1297.5,10329.0830848,9.05,438.887,143.37016,2.956342,,16.0,,,,,,52.89,,
SUDEEPPHRM.NS,SUDEEPPHRM,2026-09-01T05:15:26.969978,1239.4,13998.8533248,16.13,78.207,76.838196,15.847687,,,,,,,,76.16,,
SUKHJITS.NS,SUKHJITS,2026-09-01T05:15:28.105987,157.44,491.905536,10.96,181.595,14.364964,0.86698425,,15.0,,,,,,60.95,,
SULA.NS,SULA,2026-09-01T05:15:29.361089,146.9,1240.5298176,2.94,69.558,49.965984,2.1119065,,,,,,,,27.33,,
SUMEETINDS.NS,SUMEETINDS,2026-09-01T05:15:30.537922,12.16,844.8154112,0.31,4.236,39.225807,2.8706326,,10.0,,,,,,43.28,,
SUMICHEM.NS,SUMICHEM,2026-09-01T05:15:31.711747,516.0,25755.9199744,11.6,67.909,44.482758,7.598404,,,,,,,,80.3,,
SUMIT.NS,SUMIT,2026-09-01T05:15:32.922925,50.46,241.4952704,1.27,35.153,39.732285,1.4354393,,,,,,,,69.59,,
SUMMITSEC.NS,SUMMITSEC,2026-09-01T05:15:34.140655,1416.0,1550.0672,109.84,7847.05,12.891479,0.18044998,,5.0,,,,,,73.99,,
SUNCLAY.NS,SUNCLAY,2026-09-01T05:15:35.307156,1298.8,2863.3556992,113.71,587.585,11.422039,2.2104037,,,,,,,,67.45,,
SUNDARAM.NS,SUNDARAM,2026-09-01T05:15:36.512124,1.25,59.23472,0.09,1.546,13.888888,0.80853814,,,,,,,,28.16,,
SUNDARMFIN.NS,SUNDARMFIN,2026-09-01T05:15:37.664576,4548.6,50133.56544,201.27,1340.516,22.599493,3.393171,17.0,,,,,,,36.16,,
SUNDRMBRAK.NS,SUNDRMBRAK,2026-09-01T05:15:38.822806,785.9,309.2182528,9.13,259.34,86.078865,3.030385,,,,,,,,65.54,,
SUNDRMFAST.NS,SUNDRMFAST,2026-09-01T05:15:39.933311,1219.7,25629.3552128,29.04,203.449,42.000687,5.995114,,17.0,,,,,,49.53,,
SUNDROP.NS,SUNDROP,2026-09-01T05:15:41.147963,663.15,2499.8668288,7.44,391.76,89.133064,1.6927456,,14.0,,,,,,51.77,,
SUNFLAG.NS,SUNFLAG,2026-09-01T05:15:42.320328,339.6,6120.2530304,11.42,491.911,29.737303,0.6903688,,12.0,,,,,,49.06,,
SUNPHARMA.NS,SUNPHARMA,2026-09-01T05:15:43.481729,1937.1,464775.1778304,50.5,348.305,38.358414,5.561505,,23.0,,,,,,54.39,,
SUNTECK.NS,SUNTECK,2026-09-01T05:15:44.724678,299.6,4399.3874432,14.54,246.312,20.605227,1.2163435,,8.0,,,,,,73.85,,
SUNTV.NS,SUNTV,2026-09-01T05:15:45.891719,464.05,18287.4963968,38.86,321.506,11.941585,1.4433633,,35.0,,,,,,75.0,,
SUPERHOUSE.NS,SUPERHOUSE,2026-09-01T05:15:47.054411,171.04,188.5715968,7.46,432.778,22.927612,0.39521414,,17.0,,,,,,54.88,,
SUPERSPIN.NS,SUPERSPIN,2026-09-01T05:15:48.229516,6.71,37.5935264,0.11,9.0,61.0,0.7455556,,,,,,,,42.46,,
SUPRAJIT.NS,SUPRAJIT,2026-09-01T05:15:49.350865,506.05,6941.9606016,13.59,104.669,37.23694,4.834765,,23.0,,,,,,47.37,,
SUPREME.NS,SUPREME,2026-09-01T05:15:50.518252,39.06,151.5628032,0.17,103.333,229.76471,0.37800124,,,,,,,,,,
SUPREMEENG.NS,SUPREMEENG,2026-09-01T05:15:51.409010,2.78,69.4860992,,,,,,,,,,,,70.7,,
SUPREMEIND.NS,SUPREMEIND,2026-09-01T05:15:52.560205,3615.5,45946.421248,81.1,485.651,44.580765,7.4446464,,34.0,,,,,,49.7,,
SUPREMEINF.NS,SUPREMEINF,2026-09-01T05:15:53.733724,84.29,821.8507776,864.32,29.771,0.09752175,2.8312788,,6.0,,,,,,37.78,,
SUPRIYA.NS,SUPRIYA,2026-09-01T05:15:54.900087,798.35,6425.344,24.69,148.771,32.334953,5.366301,,,,,,,,68.24,,
SURAJEST.NS,SURAJEST,2026-09-01T05:15:56.009512,191.58,918.547968,19.85,214.226,9.651385,0.89428926,,,,,,,,74.95,,
SURAJLTD.NS,SURAJLTD,2026-09-01T05:15:57.157062,204.0,374.6276352,4.53,75.014,45.03311,2.7194924,,,,,,,,74.7,,
SURAKSHA.NS,SURAKSHA,2026-09-01T05:15:58.291027,337.3,1756.6838784,6.91,47.173,48.813313,7.150276,,,,,,,,48.78,,
SURANASOL.NS,SURANASOL,2026-09-01T05:15:59.442483,26.56,130.6927232,0.04,11.609,664.0,2.28788,,,,,,,,70.61,,
SURANAT&P.NS,SURANAT&P,2026-09-01T05:16:00.642832,16.24,220.4741888,2.18,11.858,7.449541,1.3695395,,4.0,,,,,,74.99,,
SURYALA.NS,SURYALA,2026-09-01T05:16:01.838488,384.0,,84.05,699.859,4.568709,0.5486819,,,,,,,,70.36,,
SURYALAXMI.NS,SURYALAXMI,2026-09-01T05:16:03.025652,64.03,120.4102656,2.13,144.924,30.061031,0.4418178,,,,,,,,55.94,,
SURYAROSNI.NS,SURYAROSNI,2026-09-01T05:16:04.164813,221.0,4809.7533952,14.33,120.827,15.422192,1.8290614,,9.0,,,,,,63.32,,
SURYODAY.NS,SURYODAY,2026-09-01T05:16:05.397597,152.99,1626.2325248,18.03,195.533,8.485302,0.78242546,,,,,,,,28.02,,
SUTLEJTEX.NS,SUTLEJTEX,2026-09-01T05:16:06.564558,40.9,679.0126592,,49.77,,0.8217802,,,,,,,,63.9,,
SUVEN.NS,SUVEN,2026-09-01T05:16:07.739722,395.0,11161.2264448,,22.425,,17.614271,,,,,,,,60.0,,
SUVIDHAA.NS,SUVIDHAA,2026-09-01T05:16:08.998423,2.22,47.2368192,,1.919,,1.1568525,,,,,,,,39.56,,
SUYOG.NS,SUYOG,2026-09-01T05:16:10.129130,742.1,869.5274496,49.64,417.178,14.949637,1.7788569,,,,,,,,49.63,,
SUZLON.NS,SUZLON,2026-09-01T05:16:11.281801,46.78,64302.7632128,2.29,7.113,20.427948,6.5766907,,-48.0,,,,,,21.0,,
SVLL.NS,SVLL,2026-09-01T05:16:12.534364,822.0,944.7821312,3.85,34.666,213.5065,23.711994,,,,,,,,73.0,,
SVPGLOB.NS,SVPGLOB,2026-09-01T05:16:13.657817,3.61,45.6664992,5.3,,0.681132,,,,,,,,,67.58,,
SWANCORP.NS,SWANCORP,2026-09-01T05:16:14.822445,291.95,9151.3741312,7.04,224.958,41.470173,1.2977979,,3.0,,,,,,71.66,,
SWANDEF.NS,SWANDEF,2026-09-01T05:16:16.306350,2420.0,12749.0809856,,13.217,,183.09752,,-1.0,,,,,,30.76,,
SWARAJ.NS,SWARAJ,2026-09-01T05:16:17.468643,365.85,966.5120256,23.45,151.59,15.601279,2.4134178,,,,,,,,73.3,,
SWARAJENG.NS,SWARAJENG,2026-09-01T05:16:18.646206,3568.6,4335.8011392,166.25,402.411,21.465263,8.868048,,,,,,,,50.62,,
SWELECTES.NS,SWELECTES,2026-09-01T05:16:19.765809,580.0,901.1017728,27.49,607.663,21.098581,0.95447636,,1.0,,,,,,64.08,,
SWIGGY.NS,SWIGGY,2026-09-01T05:16:20.923477,279.65,73268.3501568,,70.275,,3.9793665,,,,,,,,,,
SWSOLAR.NS,SWSOLAR,2026-09-01T05:16:22.089911,189.36,4422.3397888,,27.823,,6.80588,,,,,,,,77.22,,
SYMPHONY.NS,SYMPHONY,2026-09-01T05:16:23.257704,583.55,4007.319552,,79.395,,7.3499594,,50.0,,,,,,75.0,,
SYNCOMF.NS,SYNCOMF,2026-09-01T05:16:24.554142,19.65,1847.1000064,0.9,4.451,21.833334,4.414738,,,,,,,,38.98,,
SYNGENE.NS,SYNGENE,2026-09-01T05:16:25.705248,399.35,16073.9639296,5.49,120.405,72.74135,3.3167229,,,,,,,,74.51,,
SYRMA.NS,SYRMA,2026-09-01T05:16:26.894130,1444.0,27815.0479872,19.31,149.623,74.77991,9.650923,,,,,,,,47.27,,
SYSTMTXC.NS,SYSTMTXC,2026-09-01T05:16:28.054474,58.0,793.1313664,2.1,22.896,27.61905,2.5331936,,9.0,,,,,,45.89,,
TAALTECH.NS,TAALTECH,2026-09-01T05:16:29.220989,4507.1,,200.27,786.629,22.505117,5.7296386,,,,,,,,51.07,,
TAINWALCHM.NS,TAINWALCHM,2026-09-01T05:16:30.410285,211.0,197.5775104,8.54,183.878,24.70726,1.1474999,,,,,,,,67.2,,
TAJGVK.NS,TAJGVK,2026-09-01T05:16:31.613434,331.6,2079.1816192,65.79,162.983,5.04028,2.034568,,,,,,,,74.99,,
TAKE.NS,TAKE,2026-09-01T05:16:32.880597,14.58,213.196032,0.42,2.062,34.714287,7.070805,,13.0,,,,,,63.14,,
TALBROAUTO.NS,TALBROAUTO,2026-09-01T05:16:34.055671,410.65,2534.8665344,18.14,120.31,22.637817,3.4132657,,16.0,,,,,,56.63,,
TAMBOLIIN.NS,TAMBOLIIN,2026-09-01T05:16:35.248410,252.5,,10.71,123.439,23.576097,2.0455446,,15.0,,,,,,52.17,,
TANLA.NS,TANLA,2026-09-01T05:16:36.437615,532.05,7025.758208,40.17,187.607,13.244959,2.8359816,,1.0,,,,,,33.69,,
TARACHAND.NS,TARACHAND,2026-09-01T05:16:37.627283,48.28,380.5665792,2.93,18.932,16.477816,2.5501797,,,,,,,,72.73,,
TARAPUR.NS,TARAPUR,2026-09-01T05:16:38.863497,12.98,25.3110144,,,,,,,,,,,,44.63,,
TARC.NS,TARC,2026-09-01T05:16:40.024451,120.55,3557.38624,,36.375,,3.3140895,,,,,,,,65.56,,
TARIL.NS,TARIL,2026-09-01T05:16:41.222223,310.0,9305.1404288,8.62,51.58,35.96288,6.0100813,,4.0,,,,,,74.9,,
TARMAT.NS,TARMAT,2026-09-01T05:16:42.404860,59.5,149.1323264,2.83,74.495,21.024736,0.7987113,,,,,,,,63.24,,
TARSONS.NS,TARSONS,2026-09-01T05:16:43.579880,331.6,1764.320256,2.09,119.924,158.6603,2.7650845,,,,,,,,47.31,,
TASTYBITE.NS,TASTYBITE,2026-09-01T05:16:44.741233,9985.0,2562.1510144,140.01,1242.238,71.31634,8.037912,,,,,,,,74.23,,
TATACAP.NS,TATACAP,2026-09-01T05:16:45.871626,367.15,154815.8763008,12.8,108.762,28.683594,3.3757193,11.0,,,,,,,85.41,,
TATACHEM.NS,TATACHEM,2026-09-01T05:16:47.168107,641.5,16342.6156544,,832.403,,0.77066034,,11.0,,,,,,30.8,,
TATACOMM.NS,TATACOMM,2026-09-01T05:16:48.351050,1723.1,49123.1051776,33.22,120.949,51.869354,14.246501,,8.0,,,,,,74.99,,
TATACONSUM.NS,TATACONSUM,2026-09-01T05:16:49.530761,1032.9,102225.0778624,16.55,220.174,62.41088,4.69129,,9.0,,,,,,35.72,,
TATAELXSI.NS,TATAELXSI,2026-09-01T05:16:50.748167,3622.0,22564.9000448,105.02,488.203,34.48867,7.419045,,,,,,,,44.63,,
TATAINVEST.NS,TATAINVEST,2026-09-01T05:16:51.989571,639.0,32330.3931904,8.5,577.547,75.17647,1.1064035,,10.0,,,,,,73.01,,
TATAPOWER.NS,TATAPOWER,2026-09-01T05:16:53.156686,349.6,111709.0742272,12.08,123.543,28.940397,2.829784,,9.0,,,,,,33.02,,
TATASTEEL.NS,TATASTEEL,2026-09-01T05:16:54.416268,183.33,228691.6206592,8.84,81.842,20.738688,2.240048,,1.0,,,,,,31.35,,
TATATECH.NS,TATATECH,2026-09-01T05:16:55.607675,837.85,34021.0515968,13.71,96.64,61.112324,8.669806,,,,,,,,55.39,,
TATVA.NS,TATVA,2026-09-01T05:16:56.759717,1609.2,3764.2493952,21.96,334.033,73.27869,4.817488,,,,,,,,79.17,,
TBOTEK.NS,TBOTEK,2026-09-01T05:16:57.924266,1721.1,18378.5914368,24.57,145.006,70.04884,11.869164,,,,,,,,44.4,,
TBZ.NS,TBZ,2026-09-01T05:16:59.096678,366.8,2447.6790784,32.04,125.641,11.448189,2.919429,,8.0,,,,,,74.12,,
TCC.NS,TCC,2026-09-01T05:17:00.344592,225.43,,,345.302,,0.6528488,,,,,,,,69.54,,
TCI.NS,TCI,2026-09-01T05:17:01.470069,873.3,6709.663744,59.85,334.358,14.591479,2.611871,,17.0,,,,,,66.08,,
TCIEXP.NS,TCIEXP,2026-09-01T05:17:02.644726,543.0,2086.151168,21.23,213.124,25.577015,2.5478127,,,,,,,,66.09,,
TCIFINANCE.NS,TCIFINANCE,2026-09-01T05:17:03.800270,15.04,19.3602288,,,,,,,,,,,,,,
TCPLPACK.NS,TCPLPACK,2026-09-01T05:17:04.645396,3879.3,3522.7553792,126.88,789.874,30.57456,4.9112897,,,,,,,,58.42,,
TCS.NS,TCS,2026-09-01T05:17:05.821862,2349.7,850142.0097536,137.72,303.014,17.061428,7.754427,,50.0,,,,,,73.31,,
TDPOWERSYS.NS,TDPOWERSYS,2026-09-01T05:17:07.020039,772.75,24145.1040768,8.81,34.304,87.71282,22.526527,,2.0,,,,,,54.05,,
TEAMGTY.NS,TEAMGTY,2026-09-01T05:17:08.262932,237.01,213.146624,1.23,50.251,192.69106,4.716523,,,,,,,,74.92,,
TEAMLEASE.NS,TEAMLEASE,2026-09-01T05:17:09.392488,1290.5,1972.0646656,87.56,622.036,14.738465,2.0746388,,24.0,,,,,,44.92,,
TECHM.NS,TECHM,2026-09-01T05:17:10.571935,1632.0,144578.576384,57.76,334.408,28.254848,4.880266,,32.0,,,,,,36.21,,
TECHNOE.NS,TECHNOE,2026-09-01T05:17:11.807901,969.8,11278.7324928,37.02,357.561,26.19665,2.7122643,,,,,,,,58.75,,
TECHNVISN.NS,TECHNVISN,2026-09-01T05:17:13.033423,5330.0,,4.84,23.911,1101.2396,222.90996,,4.0,,,,,,74.32,,
TECILCHEM.NS,TECILCHEM,2026-09-01T05:17:14.179455,9.75,18.4896752,,,,,,,,,,,,39.79,,
TEGA.NS,TEGA,2026-09-01T05:17:15.289497,1626.3,12218.0173824,3.81,449.925,426.8504,3.6146026,,,,,,,,79.17,,
TEJASNET.NS,TEJASNET,2026-09-01T05:17:16.526080,563.35,10011.1286272,,164.895,,3.4164162,,5.0,,,,,,0.0,,
TEMBO.NS,TEMBO,2026-09-01T05:17:17.695492,57.54,10903.830528,5.15,30.505,11.172815,1.8862482,,,,,,,,72.77,,
TENNIND.NS,TENNIND,2026-09-01T05:17:18.841199,527.9,21306.2729728,14.89,29.688,35.453323,17.781597,,,,,,,,74.79,,
TERASOFT.NS,TERASOFT,2026-09-01T05:17:19.974798,287.25,359.4035968,19.8,116.645,14.507576,2.4626002,,,,,,,,47.19,,
TEXINFRA.NS,TEXINFRA,2026-09-01T05:17:21.160672,111.0,1414.4351232,0.71,87.898,156.33803,1.2628273,,1.62,,,,,,60.83,,
TEXMOPIPES.NS,TEXMOPIPES,2026-09-01T05:17:22.325012,46.17,134.7933056,5.17,69.984,8.930367,0.6597222,,10.0,,,,,,31.65,,
TEXRAIL.NS,TEXRAIL,2026-09-01T05:17:23.556494,112.02,4557.697024,5.32,58.446,21.056389,1.916641,,,,,,,,52.47,,
TFCILTD.NS,TFCILTD,2026-09-01T05:17:24.725087,137.27,6355.2888832,3.33,28.336,41.222225,4.8443675,11.0,,,,,,,43.31,,
TFL.NS,TFL,2026-09-01T05:17:25.875685,12.21,67.2968704,,5.123,,2.383369,-0.76,,,,,,,53.62,,
TGBHOTELS.NS,TGBHOTELS,2026-09-01T05:17:27.036923,9.87,28.9056768,0.5,26.367,19.74,0.37433153,,16.22,,,,,,39.25,,
THACKER.NS,THACKER,2026-09-01T05:17:28.210393,1039.0,113.0140032,173.73,1607.98,5.9805446,0.6461523,,5.0,,,,,,75.0,,
THAKDEV.NS,THAKDEV,2026-09-01T05:17:29.362004,149.97,,15.25,184.887,9.834099,0.8111441,,,,,,,,71.31,,
THANGAMAYL.NS,THANGAMAYL,2026-09-01T05:17:30.547770,5347.5,16621.1108864,125.56,455.49,42.589203,11.740105,,,,,,,,70.35,,
THEINVEST.NS,THEINVEST,2026-09-01T05:17:31.667266,94.5,493.6889344,6.35,141.258,14.88189,0.6689887,,8.0,,,,,,73.84,,
THEJO.NS,THEJO,2026-09-01T05:17:32.797325,2076.1,2251.7204992,51.72,326.729,40.141144,6.354196,,7.0,,,,,,57.24,,
THELEELA.NS,THELEELA,2026-09-01T05:17:33.967270,571.2,19075.6749312,13.55,192.916,42.154984,2.9608743,,,,,,,,75.91,,
THEMISMED.NS,THEMISMED,2026-09-01T05:17:35.111456,127.48,1184.080384,4.33,43.063,29.44111,2.960314,,9.0,,,,,,66.99,,
THERMAX.NS,THERMAX,2026-09-01T05:17:36.289260,3924.9,44213.4757376,52.46,492.563,74.817,7.968321,,14.0,,,,,,61.98,,
THOMASCOOK.NS,THOMASCOOK,2026-09-01T05:17:37.479491,107.14,4992.5218304,4.68,54.668,22.893164,1.9598303,,17.0,,,,,,67.66,,
THOMASCOTT.NS,THOMASCOTT,2026-09-01T05:17:38.760136,268.25,395.9894528,14.56,96.325,18.423763,2.784843,,,,,,,,68.06,,
THYROCARE.NS,THYROCARE,2026-09-01T05:17:39.865450,590.0,9390.5403904,11.04,36.786,53.442028,16.038712,,,,,,,,63.96,,
TI.NS,TI,2026-09-01T05:17:41.083412,551.7,13636.415488,,120.017,,4.596849,,5.0,,,,,,54.96,,
TICL.NS,TICL,2026-09-01T05:17:42.289586,8.32,128.96,0.46,21.276,18.086956,0.39105096,,2.99,,,,,,72.88,,
TIGERLOGS.NS,TIGERLOGS,2026-09-01T05:17:43.483581,28.05,296.5586176,1.83,49.873,15.327868,0.56242853,,,,,,,,73.0,,
TIIL.NS,TIIL,2026-09-01T05:17:44.630904,3290.4,7460.2569728,149.81,892.036,21.963821,3.68864,,,,,,,,,,
TIINDIA.NS,TIINDIA,2026-09-01T05:17:45.477065,2780.8,53828.5932544,31.24,400.48,89.014084,6.9436674,,,,,,,,49.92,,
TIJARIA.NS,TIJARIA,2026-09-01T05:17:46.714741,6.18,17.9313776,,,,,,,,,,,,57.67,,
TIL.NS,TIL,2026-09-01T05:17:47.819752,235.0,1937.4297088,,15.781,,14.891325,,12.0,,,,,,56.3,,
TIMETECHNO.NS,TIMETECHNO,2026-09-01T05:17:48.975445,191.86,9470.8883456,11.29,82.796,16.9938,2.3172617,,13.0,,,,,,52.59,,
TIMEX.NS,TIMEX,2026-09-01T05:17:50.148963,660.2,,8.43,7.468,78.31554,88.40386,,,,,,,,74.93,,
TIMKEN.NS,TIMKEN,2026-09-01T05:17:51.271377,3156.0,23739.0331904,56.7,387.48,55.661373,8.144937,,,,,,,,75.0,,
TINNARUBR.NS,TINNARUBR,2026-09-01T05:17:52.632205,1000.0,1801.5756288,34.27,168.66,29.18004,5.929088,,12.0,,,,,,73.81,,
TIPSFILMS.NS,TIPSFILMS,2026-09-01T05:17:53.813438,336.2,145.3354368,,69.091,,4.866046,,,,,,,,74.98,,
TIPSMUSIC.NS,TIPSMUSIC,2026-09-01T05:17:54.970665,642.05,8207.4271744,16.78,20.336,38.26281,31.572088,,,,,,,,74.82,,
TIRUMALCHM.NS,TIRUMALCHM,2026-09-01T05:17:56.081771,158.59,1911.8465024,,129.66,,1.223122,,7.0,,,,,,41.46,,
TIRUPATIFL.NS,TIRUPATIFL,2026-09-01T05:17:57.292806,67.91,803.2395264,0.47,10.521,144.48936,6.45471,,,,,,,,68.15,,
TITAGARH.NS,TITAGARH,2026-09-01T05:17:58.402832,838.25,11289.0281984,14.54,180.678,57.651306,4.639469,,5.0,,,,,,45.79,,
TITAN.NS,TITAN,2026-09-01T05:17:59.568880,5051.5,448225.8173952,65.13,176.878,77.560265,28.559233,,35.0,,,,,,53.05,,
TMB.NS,TMB,2026-09-01T05:18:00.748238,923.95,14630.8825088,91.21,638.463,10.12992,1.4471473,,,,,,,,,,
TMCV.NS,TMCV,2026-09-01T05:18:01.852235,463.05,170527.4376192,11.38,34.581,40.689804,13.3903,,,,,,,,42.56,,
TMPV.NS,TMPV,2026-09-01T05:18:03.019351,312.85,115219.2610304,,304.336,,1.0279757,,21.0,,,,,,34.73,,
TNPETRO.NS,TNPETRO,2026-09-01T05:18:04.207415,129.38,1164.050944,15.81,113.215,8.183429,1.1427815,,-8.0,,,,,,34.54,,
TNPL.NS,TNPL,2026-09-01T05:18:05.370476,141.07,976.3539968,37.71,334.627,3.740918,0.42157388,,,,,,,,35.32,,
TNTELE.NS,TNTELE,2026-09-01T05:18:06.482079,8.99,41.0672192,,,,,,,,,,,,63.63,,
TOKYOPLAST.NS,TOKYOPLAST,2026-09-01T05:18:07.600727,76.0,72.2106368,0.36,71.403,211.1111,1.064381,,,,,,,,51.72,,
TOLINS.NS,TOLINS,2026-09-01T05:18:08.760890,94.75,374.3461888,8.12,91.341,11.668719,1.0373217,,,,,,,,68.53,,
TORNTPHARM.NS,TORNTPHARM,2026-09-01T05:18:09.928378,4956.5,188529.3379584,62.82,247.852,78.90003,19.997822,,27.0,,,,,,71.25,,
TORNTPOWER.NS,TORNTPOWER,2026-09-01T05:18:11.164152,1208.5,60896.7458816,46.15,378.551,26.186348,3.1924365,,11.0,,,,,,53.57,,
TOTAL.NS,TOTAL,2026-09-01T05:18:12.344835,69.31,111.7760512,4.83,69.853,14.349896,0.99222654,,20.0,,,,,,52.3,,
TOUCHWOOD.NS,TOUCHWOOD,2026-09-01T05:18:13.513014,59.98,66.465312,3.66,40.965,16.387978,1.4641768,,,,,,,,69.84,,
TPHQ.NS,TPHQ,2026-09-01T05:18:14.643116,0.57,62.4845184,0.05,1.309,11.4,0.4354469,,,,,,,,,,
TPLPLASTEH.NS,TPLPLASTEH,2026-09-01T05:18:15.482724,73.41,572.620032,3.87,21.597,18.968994,3.3990834,,,,,,,,75.0,,
TRACXN.NS,TRACXN,2026-09-01T05:18:16.606098,30.01,320.8820224,,4.789,,6.2664437,,,,,,,,35.65,,
TRANSPEK.NS,TRANSPEK,2026-09-01T05:18:17.714352,1450.0,809.9075072,69.75,1373.972,20.78853,1.0553344,,22.0,,,,,,55.24,,
TRANSRAILL.NS,TRANSRAILL,2026-09-01T05:18:18.948347,439.6,5901.8952704,30.11,169.974,14.599801,2.586278,,,,,,,,71.12,,
TRANSWORLD.NS,TRANSWORLD,2026-09-01T05:18:20.094140,172.5,378.7674368,,306.851,,0.56216204,,38.0,,,,,,73.25,,
TRAVELFOOD.NS,TRAVELFOOD,2026-09-01T05:18:21.272592,1280.0,16860.24192,36.0,109.519,35.566666,11.691123,,,,,,,,86.19,,
TREEHOUSE.NS,TREEHOUSE,2026-09-01T05:18:22.440824,6.35,26.8673088,,28.74,,0.22094642,,,,,,,,20.54,,
TREJHARA.NS,TREJHARA,2026-09-01T05:18:23.598058,147.94,356.7832576,5.31,130.479,27.860641,1.1338223,,,,,,,,31.19,,
TREL.NS,TREL,2026-09-01T05:18:24.738150,27.36,672.222976,1.66,51.95,16.481928,0.52666026,,,,,,,,69.79,,
TRENT.NS,TRENT,2026-09-01T05:18:25.904194,2883.3,153746.866176,33.91,130.988,85.028015,22.01194,,4.0,,,,,,32.61,,
TRF.NS,TRF,2026-09-01T05:18:27.143361,225.0,247.5992576,,,,,,-6.35,,,,,,34.12,,
TRIDENT.NS,TRIDENT,2026-09-01T05:18:28.308554,24.16,12310.9318656,0.78,9.358,30.97436,2.5817482,,11.0,,,,,,67.77,,
TRIGYN.NS,TRIGYN,2026-09-01T05:18:29.491778,62.18,191.4257024,3.28,264.691,18.957317,0.23491542,,17.0,,,,,,47.61,,
TRITURBINE.NS,TRITURBINE,2026-09-01T05:18:30.699188,580.65,18458.7747328,10.56,45.551,54.985794,12.7472515,,63.0,,,,,,67.73,,
TRIVENI.NS,TRIVENI,2026-09-01T05:18:31.899905,286.75,6318.90944,12.65,151.72,22.667984,1.8899947,,-2.0,,,,,,68.21,,
TRU.NS,TRU,2026-09-01T05:18:33.079751,4.06,48.25792,,6.248,,0.64980793,8.0,,,,,,,4.51,,
TRUALT.NS,TRUALT,2026-09-01T05:18:34.338726,425.2,3646.2002176,17.32,177.459,24.549654,2.3960464,,,,,,,,70.55,,
TSFINV.NS,TSFINV,2026-09-01T05:18:35.462054,401.1,8851.9499776,21.91,271.631,18.30671,1.4766356,,,,,,,,52.91,,
TTKHLTCARE.NS,TTKHLTCARE,2026-09-01T05:18:36.603930,1150.4,1625.5535104,52.29,788.977,22.000383,1.4580907,,,,,,,,65.43,,
TTKPRESTIG.NS,TTKPRESTIG,2026-09-01T05:18:37.722244,582.75,7981.7162752,14.13,144.569,41.24204,4.030947,,21.0,,,,,,70.31,,
TTL.NS,TTL,2026-09-01T05:18:38.890621,6.54,168.93536,0.01,4.843,654.0,1.3504026,,,,,,,,56.95,,
TTML.NS,TTML,2026-09-01T05:18:39.990890,38.41,7508.877312,0.19,,202.1579,,,,,,,,,74.86,,
TURTLEMINT.NS,TURTLEMINT,2026-09-01T05:18:41.122929,142.35,,,56.862,,2.5034294,,,,,,,,13.21,,
TVSELECT.NS,TVSELECT,2026-09-01T05:18:42.357778,426.65,802.9580288,,51.447,,8.293,,6.0,,,,,,59.96,,
TVSHLTD.NS,TVSHLTD,2026-09-01T05:18:43.507875,13295.0,26898.5827328,973.78,3195.777,13.652981,4.1601777,,18.0,,,,,,75.0,,
TVSMOTOR.NS,TVSMOTOR,2026-09-01T05:18:44.718630,4388.3,208543.5211776,72.07,70.313,60.889412,62.410927,,21.0,,,,,,57.4,,
TVSSCS.NS,TVSSCS,2026-09-01T05:18:45.890119,127.34,5617.9863552,1.46,46.092,87.21917,2.7627354,,,,,,,,,,
TVSSRICHAK.NS,TVSSRICHAK,2026-09-01T05:18:46.729889,5729.0,4386.72384,120.66,1554.259,47.480522,3.6860008,,30.0,,,,,,45.36,,
TVTODAY.NS,TVTODAY,2026-09-01T05:18:47.904037,112.8,673.0619904,3.87,149.135,29.14729,0.7563617,,29.0,,,,,,57.42,,
TVVISION.NS,TVVISION,2026-09-01T05:18:49.062314,3.48,13.4830864,,,,,,,,,,,,45.77,,
UBL.NS,UBL,2026-09-01T05:18:50.273760,1316.7,34814.2239744,14.94,171.056,88.13253,7.697479,,16.0,,,,,,73.87,,
UCAL.NS,UCAL,2026-09-01T05:18:51.442297,151.01,333.9378176,,147.524,,1.02363,,16.0,,,,,,70.27,,
UCOBANK.NS,UCOBANK,2026-09-01T05:18:52.659385,24.92,31248.580608,2.25,26.961,11.075556,0.92429805,0.0,,,,,,,76.67,,
UDS.NS,UDS,2026-09-01T05:18:53.821505,225.61,1523.6731904,12.9,157.232,17.489147,1.4348861,,,,,,,,58.64,,
UEL.NS,UEL,2026-09-01T05:18:54.977957,208.72,2784.2791424,0.09,6.647,2319.111,31.400633,,,,,,,,62.91,,
UFBL.NS,UFBL,2026-09-01T05:18:56.100138,691.7,2705.7686528,,79.382,,8.713562,,,,,,,,34.45,,
UFLEX.NS,UFLEX,2026-09-01T05:18:57.263823,651.0,4700.9677312,94.51,1125.006,6.8881598,0.5786636,,9.0,,,,,,44.02,,
UFO.NS,UFO,2026-09-01T05:18:58.483261,65.03,252.4773888,6.19,83.781,10.505654,0.7761903,,15.0,,,,,,27.71,,
UGARSUGAR.NS,UGARSUGAR,2026-09-01T05:18:59.648133,54.25,610.3124992,2.56,20.772,21.191406,2.6116889,,,,,,,,44.95,,
UGROCAP.NS,UGROCAP,2026-09-01T05:19:00.786152,86.85,1327.2026112,14.3,190.165,6.0734262,0.45670867,6.0,,,,,,,73.81,,
UJJIVANSFB.NS,UJJIVANSFB,2026-09-01T05:19:01.934879,68.54,13355.2971776,4.58,35.083,14.965066,1.9536527,,,,,,,,83.32,,
ULTRACEMCO.NS,ULTRACEMCO,2026-09-01T05:19:03.071337,11506.0,338471.5771904,289.73,2605.102,39.712833,4.4167175,,12.0,,,,,,62.16,,
ULTRAMAR.NS,ULTRAMAR,2026-09-01T05:19:04.254382,432.0,1261.44,31.58,297.902,13.679544,1.4501413,,,,,,,,52.56,,
UMAEXPORTS.NS,UMAEXPORTS,2026-09-01T05:19:05.429017,25.6,86.5531712,0.02,58.669,1280.0,0.4363463,,,,,,,,72.54,,
UMESLTD.NS,UMESLTD,2026-09-01T05:19:06.576651,5.43,14.5148848,0.15,0.878,36.199997,6.1845098,,-5.64,,,,,,46.02,,
UMIYA-MRO.NS,UMIYA-MRO,2026-09-01T05:19:07.711581,95.95,179.2787456,5.89,67.818,16.290323,1.414816,,,,,,,,46.23,,
UNICHEMLAB.NS,UNICHEMLAB,2026-09-01T05:19:08.843779,569.2,4007.49568,43.24,386.071,13.163737,1.4743402,,9.0,,,,,,50.08,,
UNIDT.NS,UNIDT,2026-09-01T05:19:10.013447,220.8,448.2930176,10.09,141.895,21.883053,1.5560802,,,,,,,,74.09,,
UNIECOM.NS,UNIECOM,2026-09-01T05:19:11.300449,88.71,996.9156096,1.83,16.459,48.475407,5.389756,,,,,,,,39.19,,
UNIENTER.NS,UNIENTER,2026-09-01T05:19:12.416450,95.8,1332.4985344,2.98,351.821,32.14765,0.27229756,,,,,,,,72.19,,
UNIINFO.NS,UNIINFO,2026-09-01T05:19:13.579128,11.44,12.2329288,,29.92,,0.38235292,,,,,,,,50.91,,
UNIMECH.NS,UNIMECH,2026-09-01T05:19:14.802076,1482.6,7546.7300864,14.13,138.813,104.92569,10.680555,,,,,,,,79.82,,
UNIONBANK.NS,UNIONBANK,2026-09-01T05:19:16.124027,184.42,140832.3944448,27.04,182.77,6.822855,1.0094107,9.0,,,,,,,63.44,,
UNIPARTS.NS,UNIPARTS,2026-09-01T05:19:17.289888,895.8,4040.5336064,39.94,192.826,22.428644,4.645639,,,,,,,,65.79,,
UNITDSPR.NS,UNITDSPR,2026-09-01T05:19:18.495456,1487.0,105585.2396544,23.86,126.089,62.321877,11.793258,,-3.0,,,,,,58.48,,
UNITECH.NS,UNITECH,2026-09-01T05:19:19.658405,3.81,996.8106496,,,,,,7.0,,,,,,20.6,,
UNITEDPOLY.NS,UNITEDPOLY,2026-09-01T05:19:20.881686,37.34,857.0108928,1.15,5.825,32.469566,6.4103007,,,,,,,,36.31,,
UNITEDTEA.NS,UNITEDTEA,2026-09-01T05:19:21.993364,449.85,224.7705344,40.63,482.815,11.071868,0.93172336,,,,,,,,49.78,,
UNIVASTU.NS,UNIVASTU,2026-09-01T05:19:23.163944,155.0,557.7949184,2.92,28.729,53.08219,5.395245,,,,,,,,73.48,,
UNIVCABLES.NS,UNIVCABLES,2026-09-01T05:19:24.376960,1693.3,5874.9689856,57.57,539.263,29.41289,3.1400263,,,,,,,,61.83,,
UNIVPHOTO.NS,UNIVPHOTO,2026-09-01T05:19:25.535023,449.1,491.6120064,,740.454,,0.6065198,,,,,,,,,,
UNOMINDA.NS,UNOMINDA,2026-09-01T05:19:26.374989,1294.5,74751.7837312,20.8,108.179,62.23558,11.966278,,13.0,,,,,,74.02,,
UPL.NS,UPL,2026-09-01T05:19:27.604979,562.65,47559.9142912,24.38,411.008,23.078344,1.3689516,,21.0,,,,,,30.27,,
URAVIDEF.NS,URAVIDEF,2026-09-01T05:19:28.790049,118.97,135.6258048,1.28,44.933,92.94531,2.64772,,,,,,,,72.73,,
URBANCO.NS,URBANCO,2026-09-01T05:19:29.973827,167.08,24603.2007168,,13.9,,12.020144,,,,,,,,19.02,,
URJA.NS,URJA,2026-09-01T05:19:31.122774,9.16,510.4007168,0.03,3.571,305.33334,2.5651076,,-0.19,,,,,,33.52,,
USHAMART.NS,USHAMART,2026-09-01T05:19:32.282269,505.4,15384.3908608,17.48,108.473,28.913044,4.659224,,6.0,,,,,,51.28,,
USK.NS,USK,2026-09-01T05:19:33.451753,21.29,117.85536,2.17,30.765,9.81106,0.6920202,,,,,,,,65.93,,
UTIAMC.NS,UTIAMC,2026-09-01T05:19:34.556839,868.8,11167.4703872,35.86,350.5,24.22755,2.4787445,,,,,,,,,,
UTKARSHBNK.NS,UTKARSHBNK,2026-09-01T05:19:35.725858,14.67,2610.5612288,,15.648,,0.9375,,,,,,,,69.06,,
UTLSOLAR.NS,UTLSOLAR,2026-09-01T05:19:36.849259,447.45,13732.319232,9.58,42.875,46.706684,10.4361515,,,,,,,,86.76,,
UTTAMSUGAR.NS,UTTAMSUGAR,2026-09-01T05:19:38.018013,302.8,1154.8222464,22.8,229.857,13.280702,1.3173407,,,,,,,,75.0,,
UYFINCORP.NS,UYFINCORP,2026-09-01T05:19:39.175249,19.55,371.9159296,3.26,20.463,5.9969325,0.9553829,4.09,,,,,,,50.22,,
V2RETAIL.NS,V2RETAIL,2026-09-01T05:19:40.325350,219.57,8006.3463424,5.02,24.746,43.739044,8.87295,,-68.0,,,,,,52.71,,
VADILALIND.NS,VADILALIND,2026-09-01T05:19:41.556423,7646.0,5495.8149632,304.94,1182.932,25.073784,6.4636006,,10.0,,,,,,65.16,,
VAIBHAVGBL.NS,VAIBHAVGBL,2026-09-01T05:19:42.775817,223.81,3744.0073728,17.04,98.664,13.134389,2.268406,,35.0,,,,,,68.28,,
VAISHALI.NS,VAISHALI,2026-09-01T05:19:43.948800,8.05,105.022016,0.06,5.298,134.16667,1.5194414,,,,,,,,70.02,,
VAKRANGEE.NS,VAKRANGEE,2026-09-01T05:19:45.141717,5.83,631.5008,0.08,2.097,72.875,2.7801623,,39.0,,,,,,41.6,,
VALIANTLAB.NS,VALIANTLAB,2026-09-01T05:19:46.354484,94.99,515.9144448,2.96,56.566,32.091213,1.6792772,,,,,,,,74.94,,
VALIANTORG.NS,VALIANTORG,2026-09-01T05:19:47.468182,293.35,822.3952896,19.36,270.99,15.152376,1.0825124,,,,,,,,52.0,,
VAML.NS,VAML,2026-09-01T05:19:48.635228,433.8,169362.2730752,9.85,,44.040607,,,,,,,,,56.38,,
VARDHACRLC.NS,VARDHACRLC,2026-09-01T05:19:49.741253,43.4,348.7786496,5.32,31.597,8.157895,1.3735482,,,,,,,,74.97,,
VARDMNPOLY.NS,VARDMNPOLY,2026-09-01T05:19:50.895442,5.94,286.9133056,6.61,,0.8986384,,,,,,,,,60.13,,
VARROC.NS,VARROC,2026-09-01T05:19:52.087613,872.0,13324.1012224,12.9,116.525,67.5969,7.4833727,,,,,,,,85.0,,
VASCONEQ.NS,VASCONEQ,2026-09-01T05:19:53.311979,30.67,712.4118016,1.25,49.583,24.536,0.61855876,,-11.0,,,,,,36.39,,
VASWANI.NS,VASWANI,2026-09-01T05:19:54.486258,49.5,163.3431936,,46.476,,1.0650657,,,,,,,,58.33,,
VBL.NS,VBL,2026-09-01T05:19:55.654303,408.45,138156.7823872,10.02,64.366,40.763474,6.345742,,7.0,,,,,,73.66,,
VCL.NS,VCL,2026-09-01T05:19:56.835158,1.83,33.6266592,0.3,1.207,6.1,1.5161557,,,,,,,,73.5,,
VEDL.NS,VEDL,2026-09-01T05:19:57.930070,278.3,108670.6286592,22.76,127.156,12.2275915,2.1886501,,,,,,,,,,
VEDPOWER.NS,VEDPOWER,2026-09-01T05:19:58.776049,34.97,13652.8330752,,11.397,,3.0683513,,,,,,,,56.38,,
VEEDOL.NS,VEEDOL,2026-09-01T05:19:59.881281,1481.5,2517.7884672,129.41,609.363,11.448111,2.4312274,,18.0,,,,,,55.61,,
VELJAN.NS,VELJAN,2026-09-01T05:20:01.046381,1780.0,,58.24,557.568,30.563187,3.1924357,,,,,,,,74.98,,
VENKEYS.NS,VENKEYS,2026-09-01T05:20:02.199508,1673.2,2357.0929664,123.05,1133.024,13.597724,1.4767559,,,,,,,,56.11,,
VENTIVE.NS,VENTIVE,2026-09-01T05:20:03.365943,586.6,13699.5504128,16.15,235.764,36.32198,2.4880812,,,,,,,,88.99,,
VENUSPIPES.NS,VENUSPIPES,2026-09-01T05:20:04.489135,1630.0,3376.726016,50.17,324.591,32.489536,5.021704,,,,,,,,48.2,,
VENUSREM.NS,VENUSREM,2026-09-01T05:20:05.598383,1628.1,2178.8360704,86.87,496.59,18.741796,3.2785597,,6.0,,,,,,37.51,,
VERANDA.NS,VERANDA,2026-09-01T05:20:06.758843,243.67,2347.78112,14.51,99.653,16.793245,2.4451847,,,,,,,,59.96,,
VERTOZ.NS,VERTOZ,2026-09-01T05:20:07.901316,38.0,323.8739968,0.41,25.353,92.68293,1.4988364,,,,,,,,73.03,,
VESUVIUS.NS,VESUVIUS,2026-09-01T05:20:09.085588,408.6,8292.978688,12.6,86.077,32.42857,4.7469125,,,,,,,,55.57,,
VETO.NS,VETO,2026-09-01T05:20:10.264685,124.89,238.7266816,14.31,151.404,8.727463,0.8248791,,13.0,,,,,,58.19,,
VGL.NS,VGL,2026-09-01T05:20:11.466749,58.1,299.381632,,14.945,,3.8875878,,,,,,,,65.8,,
VGUARD.NS,VGUARD,2026-09-01T05:20:12.588520,341.95,14939.4898944,8.28,49.981,41.298313,6.8416004,,,,,,,,65.17,,
VHL.NS,VHL,2026-09-01T05:20:13.756012,3545.0,1131.3994752,788.0,11796.371,4.498731,0.30051616,,,,,,,,74.9,,
VHLTD.NS,VHLTD,2026-09-01T05:20:14.893787,115.45,827.34848,3.34,39.583,34.56587,2.916656,,4.0,,,,,,24.03,,
VIDHIING.NS,VIDHIING,2026-09-01T05:20:16.049561,348.9,1742.5809408,10.71,65.568,32.57703,5.321193,,,,,,,,64.27,,
VIDYAWIRES.NS,VIDYAWIRES,2026-09-01T05:20:17.228985,89.53,1904.2340864,2.95,22.753,30.349152,3.9348657,,,,,,,,72.8,,
VIJAYA.NS,VIJAYA,2026-09-01T05:20:18.348075,1511.5,15568.1046528,18.16,93.061,83.232376,16.242035,,,,,,,,,,
VIJIFIN.NS,VIJIFIN,2026-09-01T05:20:19.181904,15.64,361.2840192,0.23,1.633,68.0,9.577465,4.02,,,,,,,74.04,,
VIKASECO.NS,VIKASECO,2026-09-01T05:20:20.381658,1.12,155.495872,0.02,4.735,56.0,0.23653643,,,,,,,,39.52,,
VIKASLIFE.NS,VIKASLIFE,2026-09-01T05:20:21.551784,1.3,241.4969088,0.1,2.973,12.999999,0.43726873,,,,,,,,55.27,,
VIKRAMSOLR.NS,VIKRAMSOLR,2026-09-01T05:20:22.704039,169.29,6134.2969856,10.45,87.427,16.199999,1.9363582,,,,,,,,63.01,,
VIKRAN.NS,VIKRAN,2026-09-01T05:20:23.841997,58.4,1506.2003712,3.89,47.948,15.012854,1.2179861,,,,,,,,56.27,,
VIMTALABS.NS,VIMTALABS,2026-09-01T05:20:24.961175,658.95,2944.6436864,17.82,102.279,36.978115,6.442672,,,,,,,,37.41,,
VINATIORGA.NS,VINATIORGA,2026-09-01T05:20:26.130767,1329.6,13793.3570048,43.07,305.039,30.870676,4.3587866,,,,,,,,73.97,,
VINCOFE.NS,VINCOFE,2026-09-01T05:20:27.280060,173.75,2531.336192,5.3,39.009,32.783016,4.4541006,,,,,,,,6.89,,
VINDHYATEL.NS,VINDHYATEL,2026-09-01T05:20:28.460266,2678.8,3174.6093056,197.53,3548.498,13.561484,0.75491095,,19.0,,,,,,43.52,,
VINEETLAB.NS,VINEETLAB,2026-09-01T05:20:29.619180,38.41,73.7712704,,15.249,,2.5188537,,,,,,,,35.96,,
VINNY.NS,VINNY,2026-09-01T05:20:30.739573,1.04,48.385648,0.02,1.979,52.0,0.52551794,,,,,,,,71.81,,
VINYLINDIA.NS,VINYLINDIA,2026-09-01T05:20:31.845900,232.85,426.9796608,10.19,71.036,22.850836,3.2779155,,,,,,,,50.43,,
VIPCLOTHNG.NS,VIPCLOTHNG,2026-09-01T05:20:32.954761,20.14,181.5208448,1.03,21.535,19.553398,0.93522173,,,,,,,,65.22,,
VIPIND.NS,VIPIND,2026-09-01T05:20:34.063879,310.0,4403.6644864,,32.665,,9.49028,,20.0,,,,,,52.5,,
VIPULLTD.NS,VIPULLTD,2026-09-01T05:20:35.241660,14.84,209.1838848,,29.095,,0.5100533,,3.0,,,,,,63.38,,
VIRINCHI.NS,VIRINCHI,2026-09-01T05:20:36.394218,14.94,168.3848192,,46.525,,0.32111767,,,,,,,,,,
VISACHROME.NS,VISACHROME,2026-09-01T05:20:37.244737,41.02,598.028544,84.82,,0.48361236,,,-1.0,,,,,,61.98,,
VISAKAIND.NS,VISAKAIND,2026-09-01T05:20:38.469353,88.33,763.2132608,9.95,95.696,8.877387,0.9230271,,,,,,,,41.22,,
VISHNU.NS,VISHNU,2026-09-01T05:20:39.623396,664.3,4471.7539328,22.24,148.456,29.869604,4.4747267,,,,,,,,75.0,,
VISHWARAJ.NS,VISHWARAJ,2026-09-01T05:20:40.835733,6.05,131.7857664,,11.208,,0.539793,,,,,,,,32.83,,
VISL.NS,VISL,2026-09-01T05:20:41.940600,36.22,14163.4256896,,,,,,,,,,,,56.38,,
VITAL.NS,VITAL,2026-09-01T05:20:43.042963,53.5,128.1383808,1.1,42.447,48.636364,1.2603954,,,,,,,,73.43,,
VIVIANA.NS,VIVIANA,2026-09-01T05:20:44.147578,740.0,743.1375872,55.14,107.487,13.420384,6.8845534,,,,,,,,73.2,,
VIVIDHA.NS,VIVIDHA,2026-09-01T05:20:45.283935,0.5,14.6350272,,,,,,,,,,,,53.08,,
VIVIMEDLAB.NS,VIVIMEDLAB,2026-09-01T05:20:46.379411,6.8,56.3814592,,,,,,11.0,,,,,,36.48,,
VIYASH.NS,VIYASH,2026-09-01T05:20:47.610659,266.9,11660.2068992,4.76,66.7,56.071426,4.001499,,8.0,,,,,,56.25,,
VLEGOV.NS,VLEGOV,2026-09-01T05:20:48.780754,10.4,112.789376,,3.794,,2.7411702,,,,,,,,33.16,,
VLSFINANCE.NS,VLSFINANCE,2026-09-01T05:20:49.879962,243.85,765.1687424,16.16,631.933,15.089728,0.38587955,,4.0,,,,,,45.45,,
VMART.NS,VMART,2026-09-01T05:20:51.082278,848.55,6752.3698688,17.21,119.698,49.305637,7.089091,,,,,,,,54.48,,
VMM.NS,VMM,2026-09-01T05:20:52.271132,108.1,50637.37344,1.9,15.893,56.894737,6.801737,,,,,,,,74.55,,
VMSTMT.NS,VMSTMT,2026-09-01T05:20:53.502496,46.2,229.2961792,4.12,45.828,11.213593,1.0081173,,,,,,,,67.18,,
VOEPL.NS,VOEPL,2026-09-01T05:20:54.608767,555.85,1903.8457856,5.65,,98.38052,,,,,,,,,65.6,,
VOGL.NS,VOGL,2026-09-01T05:20:55.778452,38.1,14874.8320768,,,,,,,,,,,,56.38,,
VOLTAMP.NS,VOLTAMP,2026-09-01T05:20:56.885122,11074.0,11203.698688,313.49,1771.13,35.32489,6.2525053,,,,,,,,47.48,,
VOLTAS.NS,VOLTAS,2026-09-01T05:20:58.025271,1198.5,39656.5348352,13.56,192.702,88.38496,6.2194476,,,,,,,,,,
VPRPL.NS,VPRPL,2026-09-01T05:20:58.873752,33.23,415.8440448,,50.525,,0.65769416,,,,,,,,67.81,,
VRAJ.NS,VRAJ,2026-09-01T05:21:00.030598,123.73,408.0939776,10.89,125.247,11.3618,0.9878879,,,,,,,,74.96,,
VRLLOG.NS,VRLLOG,2026-09-01T05:21:01.246360,303.4,5307.5881984,15.27,62.634,19.869022,4.8440146,,,,,,,,69.57,,
VSSL.NS,VSSL,2026-09-01T05:21:02.446580,355.0,3432.3417088,14.95,126.181,23.74582,2.8134189,,,,,,,,74.97,,
VSTIND.NS,VSTIND,2026-09-01T05:21:03.732368,208.88,3541.428224,16.42,85.109,12.721072,2.4542646,,,,,,,,32.16,,
VSTL.NS,VSTL,2026-09-01T05:21:04.900990,111.99,212.3604096,4.0,104.063,27.9975,1.076175,,,,,,,,73.48,,
VSTTILLERS.NS,VSTTILLERS,2026-09-01T05:21:06.005952,4344.3,3759.015936,125.31,1222.373,34.668423,3.5539885,,,,,,,,53.99,,
VTL.NS,VTL,2026-09-01T05:21:07.269030,606.5,17566.8379648,29.76,369.412,20.391464,1.6427457,,11.0,,,,,,61.84,,
WAAREEENER.NS,WAAREEENER,2026-09-01T05:21:08.440980,2591.5,74544.840704,132.53,502.198,19.554064,5.160315,,,,,,,,64.31,,
WAAREEINDO.NS,WAAREEINDO,2026-09-01T05:21:09.601795,270.55,1125.5878656,40.0,68.952,6.7637496,3.9237437,,,,,,,,57.66,,
WAAREERTL.NS,WAAREERTL,2026-09-01T05:21:10.755015,868.15,9061.6815616,48.68,63.152,17.833813,13.746992,,,,,,,,44.44,,
WABAG.NS,WABAG,2026-09-01T05:21:11.911027,2015.7,12593.7229824,57.37,412.216,35.135086,4.889912,,20.0,,,,,,24.73,,
WAKEFIT.NS,WAKEFIT,2026-09-01T05:21:13.134249,150.42,4988.6072832,5.83,34.398,25.80103,4.3729286,,,,,,,,37.03,,
WALCHANNAG.NS,WALCHANNAG,2026-09-01T05:21:14.286894,219.24,1487.3694208,,52.476,,4.17791,,,,,,,,55.0,,
WANBURY.NS,WANBURY,2026-09-01T05:21:15.479443,254.6,890.2580224,16.4,48.317,15.524391,5.2693667,,4.0,,,,,,56.11,,
WCIL.NS,WCIL,2026-09-01T05:21:16.662271,85.29,869.5760896,3.6,85.038,23.691668,1.0029634,,,,,,,,71.89,,
WEALTH.NS,WEALTH,2026-09-01T05:21:17.811764,850.0,905.6749568,30.96,141.231,27.45478,6.0185084,,,,,,,,73.68,,
WEBELSOLAR.NS,WEBELSOLAR,2026-09-01T05:21:18.961173,75.86,3293.563904,7.18,13.931,10.56546,5.44541,,,,,,,,31.17,,
WEIZMANIND.NS,WEIZMANIND,2026-09-01T05:21:20.079349,73.15,113.337536,3.96,42.618,18.472223,1.716411,,4.0,,,,,,69.01,,
WEL.NS,WEL,2026-09-01T05:21:21.225028,80.84,1083.3206272,0.9,6.677,89.82222,12.107233,,,,,,,,71.79,,
WELCORP.NS,WELCORP,2026-09-01T05:21:22.348288,2450.0,64607.4662912,87.59,347.077,27.971231,7.0589523,,8.0,,,,,,45.99,,
WELENT.NS,WELENT,2026-09-01T05:21:23.579572,686.9,9315.3124352,24.6,224.469,27.922766,3.060111,,-1.0,,,,,,44.63,,
WELINV.NS,WELINV,2026-09-01T05:21:24.747704,2170.0,795.6387328,8.36,1840.185,259.5694,1.1792293,,,,,,,,74.58,,
WELSPLSOL.NS,WELSPLSOL,2026-09-01T05:21:25.892450,52.32,,0.43,6.89,121.674416,7.593614,,,,,,,,86.8,,
WELSPUNLIV.NS,WELSPUNLIV,2026-09-01T05:21:27.056789,197.9,18754.5239552,2.89,51.269,68.44983,3.858472,,24.0,,,,,,73.48,,
WENDT.NS,WENDT,2026-09-01T05:21:28.240943,8136.5,1627.3000448,84.91,1269.35,95.82499,6.4099736,,18.0,,,,,,79.74,,
WESTLIFE.NS,WESTLIFE,2026-09-01T05:21:29.408263,561.7,8718.4695296,2.06,39.101,272.66992,14.365361,,-5.0,,,,,,62.18,,
WEWIN.NS,WEWIN,2026-09-01T05:21:30.654426,45.19,45.9175584,3.02,10.522,14.963575,4.294811,,,,,,,,68.27,,
WEWORK.NS,WEWORK,2026-09-01T05:21:31.791146,671.95,9312.5722112,6.16,22.183,109.082794,30.291214,,,,,,,,49.42,,
WHEELS.NS,WHEELS,2026-09-01T05:21:32.906421,1563.5,3820.1012224,66.86,426.337,23.384684,3.6672866,,,,,,,,75.0,,
WHIRLPOOL.NS,WHIRLPOOL,2026-09-01T05:21:34.065145,789.3,10017.8223104,19.76,327.871,39.944332,2.407349,,,,,,,,,,
WILLAMAGOR.NS,WILLAMAGOR,2026-09-01T05:21:34.916174,24.98,27.3689856,,,,,,3.0,,,,,,62.01,,
WINDLAS.NS,WINDLAS,2026-09-01T05:21:36.054423,1005.15,2074.2504448,31.15,275.197,32.26806,3.6524746,,,,,,,,59.95,,
WINDMACHIN.NS,WINDMACHIN,2026-09-01T05:21:37.268315,303.45,3139.4760704,1.24,86.564,244.71774,3.505499,,6.0,,,,,,58.52,,
WIPL.NS,WIPL,2026-09-01T05:21:38.440948,169.16,143.5718528,0.86,59.013,196.69768,2.866487,,12.0,,,,,,42.05,,
WIPRO.NS,WIPRO,2026-09-01T05:21:39.724832,181.45,179504.2312192,12.59,78.32,14.412231,2.3167772,,27.0,,,,,,73.25,,
WOCKPHARMA.NS,WOCKPHARMA,2026-09-01T05:21:40.927306,1861.4,30246.2926848,25.11,299.953,74.12983,6.205639,,10.0,,,,,,74.25,,
WONDERLA.NS,WONDERLA,2026-09-01T05:21:42.144795,536.1,3400.0945152,16.01,272.318,33.48532,1.9686543,,,,,,,,70.99,,
WORTHPERI.NS,WORTHPERI,2026-09-01T05:21:43.287642,156.09,245.8573568,9.76,119.469,15.992827,1.3065313,,,,,,,,72.97,,
WPIL.NS,WPIL,2026-09-01T05:21:44.445241,441.5,,17.37,162.83,25.417385,2.7114167,,16.0,,,,,,61.07,,
WSI.NS,WSI,2026-09-01T05:21:45.615856,60.62,460.0774144,0.36,57.933,168.38889,1.0463811,,-8.02,,,,,,46.82,,
WSTCSTPAPR.NS,WSTCSTPAPR,2026-09-01T05:21:46.821973,629.5,4157.7787392,34.79,546.231,18.09428,1.1524428,,,,,,,,55.8,,
XCHANGING.NS,XCHANGING,2026-09-01T05:21:47.979998,60.76,676.8889344,5.45,35.606,11.148623,1.7064539,,7.0,,,,,,78.77,,
XELPMOC.NS,XELPMOC,2026-09-01T05:21:49.135361,80.45,119.0619136,,50.687,,1.5871919,,,,,,,,58.17,,
XPROINDIA.NS,XPROINDIA,2026-09-01T05:21:50.302497,1130.0,2652.1542656,14.13,323.687,79.97169,3.4910266,,-2.0,,,,,,50.04,,
XTGLOBAL.NS,XTGLOBAL,2026-09-01T05:21:51.468176,31.13,417.5270912,0.85,10.883,36.623528,2.8604243,,,,,,,,4.68,,
XTRANET.NS,XTRANET,2026-09-01T05:21:52.636410,193.83,1013.4537216,7.71,,25.140078,,,,,,,,,62.62,,
YASHO.NS,YASHO,2026-09-01T05:21:53.799567,4283.0,5161.9549184,47.73,368.245,89.73392,11.630844,,,,,,,,74.1,,
YATHARTH.NS,YATHARTH,2026-09-01T05:21:55.007968,982.9,9470.6704384,18.77,184.726,52.36548,5.3208537,,,,,,,,66.54,,
YATRA.NS,YATRA,2026-09-01T05:21:56.167246,115.06,1805.4776832,1.98,52.635,58.11111,2.185998,,,,,,,,64.46,,
YESBANK.NS,YESBANK,2026-09-01T05:21:57.311001,22.15,69523.9507968,1.2,16.634,18.458332,1.3316098,21.0,,,,,,,20.19,,
YUKEN.NS,YUKEN,2026-09-01T05:21:58.477512,976.05,1325.8662912,11.52,274.68,84.726555,3.5534077,,4.0,,,,,,52.5,,
ZAGGLE.NS,ZAGGLE,2026-09-01T05:21:59.697364,186.0,2505.8598912,9.63,97.178,19.314642,1.9140134,,,,,,,,43.93,,
ZEEL.NS,ZEEL,2026-09-01T05:22:01.198956,95.34,9157.5918592,2.11,123.714,45.184834,0.7706484,,27.0,,,,,,43.07,,
ZEELEARN.NS,ZEELEARN,2026-09-01T05:22:02.423952,7.72,253.0085632,1.45,5.931,5.3241377,1.3016354,,4.0,,,,,,66.85,,
ZEEMEDIA.NS,ZEEMEDIA,2026-09-01T05:22:03.589958,8.53,559.0806528,,3.157,,2.7019322,,1.0,,,,,,69.11,,
ZENITHEXPO.NS,ZENITHEXPO,2026-09-01T05:22:04.746032,214.4,115.6955904,0.54,156.594,397.03702,1.3691458,,,,,,,,51.75,,
ZENITHSTL.NS,ZENITHSTL,2026-09-01T05:22:05.862758,5.39,76.6891584,0.27,,19.962961,,,-18.8,,,,,,8.57,,
ZENSARTECH.NS,ZENSARTECH,2026-09-01T05:22:07.072609,466.5,10580.1949184,33.74,208.169,13.826318,2.2409675,,30.0,,,,,,48.64,,
ZENTEC.NS,ZENTEC,2026-09-01T05:22:08.301128,1765.0,15874.7869184,20.1,199.841,87.81094,8.832022,,2.0,,,,,,59.44,,
ZFCVINDIA.NS,ZFCVINDIA,2026-09-01T05:22:09.530001,2518.6,28663.054336,898.8,324.288,2.8021808,7.7665534,,,,,,,,75.0,,
ZFSTEERING.NS,ZFSTEERING,2026-09-01T05:22:10.927631,673.9,611.4497024,21.81,,30.898672,,,,,,,,,73.66,,
ZIMLAB.NS,ZIMLAB,2026-09-01T05:22:12.090078,122.18,655.5994112,0.82,55.355,149.0,2.2072082,,,,,,,,33.52,,
ZODIAC.NS,ZODIAC,2026-09-01T05:22:13.299605,242.97,,3.73,77.27,65.13941,3.1444287,,,,,,,,72.44,,
ZODIACLOTH.NS,ZODIACLOTH,2026-09-01T05:22:14.434380,73.89,202.8881408,,69.127,,1.0689021,,5.0,,,,,,61.55,,
ZOTA.NS,ZOTA,2026-09-01T05:22:15.588675,1049.9,3184.625664,,200.242,,5.243156,,,,,,,,65.6,,
ZSARACOM.NS,ZSARACOM,2026-09-01T05:22:16.937677,10600.0,,1163.95,10049.981,9.106921,1.0547283,39.0,,,,,,,75.0,,
ZUARI.NS,ZUARI,2026-09-01T05:22:18.096215,232.2,976.5869568,223.33,601.344,1.039717,0.38613504,,7.0,,,,,,66.08,,
ZUARIIND.NS,ZUARIIND,2026-09-01T05:22:19.252680,279.8,833.2774912,36.44,1215.665,7.6783752,0.23016207,,3.0,,,,,,56.31,,
ZYDUSLIFE.NS,ZYDUSLIFE,2026-09-01T05:22:20.423495,1156.5,115361.316864,44.9,269.434,25.757236,4.2923317,,23.0,,,,,,74.79,,
ZYDUSWELL.NS,ZYDUSWELL,2026-09-01T05:22:21.612001,527.55,16784.5675008,5.9,183.115,89.41525,2.8809762,,32.0,,,,,,72.54,,
Count: 2404,COUNT: 2404,2026-09-01T04:35:25.268059,,,,,,,,,,,,,,,,Could not fetch price or P/E
3PLAND.NS,3PLAND,2026-09-01T04:35:33.487136,,,,,,,,10.07,,,,,,72.27,,Could not fetch price or P/E
GENESYS-RE.NS,GENESYS-RE,2026-09-01T04:50:00.995639,,,,,,,,,,,,,,,,Could not fetch price or P/E
SHANTI-RE.NS,SHANTI-RE,2026-09-01T05:12:44.860847,,,,,,,,,,,,,,,,Could not fetch price or P/E
